CO_abs_energy,CO_auc,CO_autocorr,CO_average_power,CO_calc_centroid,CO_calc_max,CO_calc_mean,CO_calc_median,CO_calc_min,CO_calc_std,CO_calc_var,CO_dfa,CO_distance,CO_ecdf,CO_ecdf_percentile,CO_ecdf_percentile_count,CO_ecdf_slope,CO_entropy,CO_fundamental_frequency,CO_higuchi_fractal_dimension,CO_hist_mode,CO_human_range_energy,CO_hurst_exponent,CO_interq_range,CO_kurtosis,CO_lempel_ziv,CO_lpcc,CO_max_frequency,CO_max_power_spectrum,CO_maximum_fractal_length,CO_mean_abs_deviation,CO_mean_abs_diff,CO_mean_diff,CO_median_abs_deviation,CO_median_abs_diff,CO_median_diff,CO_median_frequency,CO_mfcc,CO_mse,CO_negative_turning,CO_neighbourhood_peaks,CO_petrosian_fractal_dimension,CO_pk_pk_distance,CO_positive_turning,CO_power_bandwidth,CO_rms,CO_skewness,CO_slope,CO_spectral_centroid,CO_spectral_decrease,CO_spectral_distance,CO_spectral_entropy,CO_spectral_kurtosis,CO_spectral_positive_turning,CO_spectral_roll_off,CO_spectral_roll_on,CO_spectral_skewness,CO_spectral_slope,CO_spectral_spread,CO_spectral_variation,CO_spectrogram_mean_coeff,CO_sum_abs_diff,CO_wavelet_abs_mean,CO_wavelet_energy,CO_wavelet_entropy,CO_wavelet_std,CO_wavelet_var,CO_zero_cross,NO2_abs_energy,NO2_auc,NO2_autocorr,NO2_average_power,NO2_calc_centroid,NO2_calc_max,NO2_calc_mean,NO2_calc_median,NO2_calc_min,NO2_calc_std,NO2_calc_var,NO2_dfa,NO2_distance,NO2_ecdf,NO2_ecdf_percentile,NO2_ecdf_percentile_count,NO2_ecdf_slope,NO2_entropy,NO2_fundamental_frequency,NO2_higuchi_fractal_dimension,NO2_hist_mode,NO2_human_range_energy,NO2_hurst_exponent,NO2_interq_range,NO2_kurtosis,NO2_lempel_ziv,NO2_lpcc,NO2_max_frequency,NO2_max_power_spectrum,NO2_maximum_fractal_length,NO2_mean_abs_deviation,NO2_mean_abs_diff,NO2_mean_diff,NO2_median_abs_deviation,NO2_median_abs_diff,NO2_median_diff,NO2_median_frequency,NO2_mfcc,NO2_mse,NO2_negative_turning,NO2_neighbourhood_peaks,NO2_petrosian_fractal_dimension,NO2_pk_pk_distance,NO2_positive_turning,NO2_power_bandwidth,NO2_rms,NO2_skewness,NO2_slope,NO2_spectral_centroid,NO2_spectral_decrease,NO2_spectral_distance,NO2_spectral_entropy,NO2_spectral_kurtosis,NO2_spectral_positive_turning,NO2_spectral_roll_off,NO2_spectral_roll_on,NO2_spectral_skewness,NO2_spectral_slope,NO2_spectral_spread,NO2_spectral_variation,NO2_spectrogram_mean_coeff,NO2_sum_abs_diff,NO2_wavelet_abs_mean,NO2_wavelet_energy,NO2_wavelet_entropy,NO2_wavelet_std,NO2_wavelet_var,NO2_zero_cross,SO2_abs_energy,SO2_auc,SO2_autocorr,SO2_average_power,SO2_calc_centroid,SO2_calc_max,SO2_calc_mean,SO2_calc_median,SO2_calc_min,SO2_calc_std,SO2_calc_var,SO2_dfa,SO2_distance,SO2_ecdf,SO2_ecdf_percentile,SO2_ecdf_percentile_count,SO2_ecdf_slope,SO2_entropy,SO2_fundamental_frequency,SO2_higuchi_fractal_dimension,SO2_hist_mode,SO2_human_range_energy,SO2_hurst_exponent,SO2_interq_range,SO2_kurtosis,SO2_lempel_ziv,SO2_lpcc,SO2_max_frequency,SO2_max_power_spectrum,SO2_maximum_fractal_length,SO2_mean_abs_deviation,SO2_mean_abs_diff,SO2_mean_diff,SO2_median_abs_deviation,SO2_median_abs_diff,SO2_median_diff,SO2_median_frequency,SO2_mfcc,SO2_mse,SO2_negative_turning,SO2_neighbourhood_peaks,SO2_petrosian_fractal_dimension,SO2_pk_pk_distance,SO2_positive_turning,SO2_power_bandwidth,SO2_rms,SO2_skewness,SO2_slope,SO2_spectral_centroid,SO2_spectral_decrease,SO2_spectral_distance,SO2_spectral_entropy,SO2_spectral_kurtosis,SO2_spectral_positive_turning,SO2_spectral_roll_off,SO2_spectral_roll_on,SO2_spectral_skewness,SO2_spectral_slope,SO2_spectral_spread,SO2_spectral_variation,SO2_spectrogram_mean_coeff,SO2_sum_abs_diff,SO2_wavelet_abs_mean,SO2_wavelet_energy,SO2_wavelet_entropy,SO2_wavelet_std,SO2_wavelet_var,SO2_zero_cross
0.027111897689777818,0.8691052608191954,2.0,0.0009348930237854419,15.279377043260467,0.0377523750066757,0.02985414763291672,0.0297979613145192,0.0227515138685703,0.003529843070818737,1.2459792104607053e-05,0.0,29.000139122925614,0.18333333333333335,0.02971575688570735,15.0,135.53312212795575,0.9864136635272994,0.06666666666666667,0.0,0.029501901380717732,0.0,0.0,0.0033065229654312307,0.01712530342633123,0.4,0.5542976898594653,0.26666666666666666,3.0321495143271364,0.0,0.0026399573890699213,0.0022458559994039794,0.00018454420155492406,0.0017388506482045006,0.0016331337392329996,-0.00042690367748339855,0.0,-2.620600445013564,0.0,6.0,0.0,1.0493154907686069,0.0150008611381054,6.0,0.4,0.030062101107417524,-0.07069852610236883,0.00017615928444811,0.03841810425067981,-12.644792776696619,-7.701715400554212,0.7215736631304025,10.66265286618694,4.0,0.26666666666666666,0.0,2.87327962795781,-0.5600697240423181,0.09713576121076917,0.6208208514275717,1.9242885755574074e-05,0.0651298239827154,0.02127074744009315,0.02508659694127616,1.9642095511791031,0.01238172890480817,0.0001774660661889594,0.0,6.155300552537823e-08,0.0012781725981767522,2.0,2.122517431909594e-09,13.623088848031161,6.891793600516394e-05,4.3798637670988675e-05,4.380827764786469e-05,2.3042857719701715e-05,1.1551891144370783e-05,1.3344618901139212e-10,0.0,29.000000002151612,0.18333333333333335,4.306623486627359e-05,15.0,30070.436216889786,1.0,0.06666666666666667,0.0,3.451162729106727e-05,0.0,0.0,1.7782149734557612e-05,-0.5707400145046866,0.4,0.538826114955804,0.43333333333333335,3.892438778029107,0.0,9.46145478438767e-06,9.88192099110416e-06,5.596383085378027e-07,8.73430872161407e-06,6.269920413615181e-06,-4.4445314415497705e-06,0.0,5.727327367968144,0.0,7.0,1.0,1.0529862703469317,4.587507828546222e-05,7.0,0.5,4.529643309186653e-05,0.14299241807375446,-2.7311228755448145e-07,0.0772713890004226,-5.358427327735978,-0.011819811384136184,0.7326869286269564,4.993834547094763,5.0,0.43333333333333335,0.0,1.8039608701906025,-0.4572227938224108,0.1372300456775459,0.4523737889934728,2.432837333955518e-10,0.00028657570874202065,3.1678966311359574e-05,3.9571551414172784e-05,2.0044494899420306,2.191653709658508e-05,5.547141607304484e-10,0.0,5.311665325055302e-06,0.010894063525481423,4.0,1.8316087327776902e-07,19.133701460096432,0.0007960093789733,0.00036893970233593175,0.00034658646005215,6.158768519526348e-05,0.00020233389947176602,4.093900687545071e-08,0.0,29.000000189216482,0.18333333333333335,0.00040350719973495,15.0,1460.1571728988802,0.9456546541091984,0.03333333333333333,0.0,0.00024519310863977263,0.0,0.0,0.00027292166149497503,-0.7923667782548356,0.36666666666666664,0.5036029156194068,0.36666666666666664,9.14411871888199,0.0,0.000168883359156217,7.097785494586675e-05,7.76136961388057e-06,0.0001181541720143,4.6979748731299995e-05,0.0,0.03333333333333333,-5.338743998267089,0.0,1.0,0.0,1.0155139003180247,0.0007344216937780365,2.0,0.16666666666666669,0.00042077964641267613,0.23867548855176157,1.599146807093964e-05,0.07720755475454508,-2.7387270855074344,-0.12814803181271756,0.522256420587429,5.475433960959368,4.0,0.36666666666666664,0.0,1.8200538280567968,-0.45739176682620414,0.1205591647074292,0.0970327484239002,7.052222232644451e-08,0.002058357793430136,0.0002754027619135503,0.0004920971017525089,2.0469930302386676,0.00039903364794589835,1.8641899483840825e-07,0.0
0.02918474416055743,0.8996042283251864,1.0,0.0010063704882950838,14.27406991174342,0.0377523750066757,0.031087454035878127,0.0307392037163177,0.026306863874197,0.002528835091317563,6.395006919079108e-06,0.0,29.000121029780036,0.18333333333333335,0.0304699474945664,15.0,198.98247890721447,1.0,0.1,0.0,0.03145734388381241,0.0,0.0,0.0024981855725248747,0.33350159439085747,0.36666666666666664,0.519458144053565,0.3333333333333333,3.1457198520002225,0.0,0.0019385298217336434,0.002126687623817342,-0.00032641256934610004,0.001218135158220949,0.0016331337392329996,-0.0004269036774833014,0.0,8.129379004102573,0.0,6.0,1.0,1.0456287006262848,0.0114455111324787,6.0,0.33333333333333337,0.03119013955326129,0.7823147280373942,-3.997749660383872e-05,0.040758456065064376,-16.43662893699226,-7.577850657979322,0.8323877651514706,9.978706870931855,5.0,0.3333333333333333,0.0,2.821715701861807,-0.5538746751218885,0.10912315149447978,0.7290517438212681,7.031573154293477e-06,0.06167394109070291,0.021942838331429952,0.025380882524887675,1.9690794510142084,0.011272484893126081,0.0001380184923710402,0.0,7.11445296458748e-08,0.0013568454796768492,2.0,2.4532596429612002e-09,15.489263208031096,7.856314186938107e-05,4.704556674065922e-05,4.717175191520558e-05,2.3042857719701715e-05,1.2577717264247078e-05,1.58198971579339e-10,0.0,29.000000002271523,0.18333333333333335,4.534652725851629e-05,15.0,35340.14829604366,1.0,0.06666666666666667,0.0,5.357901400202536e-05,0.0,0.0,1.3909368499298579e-05,-0.005287643770084838,0.4,0.4769736321304521,0.43333333333333335,7.296833674729226,0.0,9.982510718044876e-06,1.0585687238650781e-05,1.0217501830052713e-07,7.540995769280321e-06,1.1553951480891556e-05,-4.4445314415497705e-06,0.0,12.955789891628305,0.0,7.0,0.0,1.0493154907686069,5.5520284149679355e-05,6.0,0.43333333333333335,4.869788826560306e-05,0.20442809609686638,2.287489680757129e-07,0.0800435755352968,-5.12301339493384,-0.01273837997089963,0.7436740521510797,5.183605497831229,5.0,0.43333333333333335,0.0,1.8291835558813563,-0.44988465299480257,0.13890919641145538,0.5871389540701148,3.3857837265546055e-10,0.0003069849299208727,3.33187813653617e-05,4.343427887205898e-05,2.0751918665338516,2.378753150359565e-05,6.079444125609187e-10,0.0,7.009810920735324e-06,0.0132694066539544,4.0,2.4171761795639047e-07,17.698336000460586,0.0007960093789733,0.00045311403886261,0.00043831788726875003,0.0002383732789894,0.00016836873762704266,2.834803181012393e-08,0.0,29.000000098617846,0.18333333333333335,0.00043019949953295,15.0,1782.5396303181708,1.0,0.03333333333333333,0.0,0.000266255083988595,0.0,0.0,0.0002897095155276001,-1.0279703139913732,0.36666666666666664,0.5521528001253834,0.23333333333333334,10.962070012832026,0.0,0.00014459741645073734,6.690207628528277e-05,4.198624674468967e-06,0.00015160287122335003,7.276313928219992e-05,-4.952235030900005e-06,0.0,9.421404367248243,0.0,2.0,1.0,1.0155139003180247,0.0005576360999839,2.0,0.13333333333333333,0.00048338428193778785,0.33113864668928444,1.1551259981728916e-05,0.049138408089867136,-4.691993151540991,-0.14542994888646674,0.4989749645867548,11.417945280687132,3.0,0.23333333333333334,0.0,2.813624022159592,-0.531692449173881,0.0957505957362662,0.160655169112628,5.442632932396336e-08,0.0019401602122732001,0.00031623098123409086,0.000476290030381828,2.0116234938226043,0.0003450313213670872,1.425389778031681e-07,0.0
0.0283131677939785,0.8903135564178213,1.0,0.0009763161308268449,14.443253267318152,0.0355609022080898,0.030663883779197876,0.03043310871968655,0.0282194595783948,0.0018704254529728764,3.4984913751287903e-06,0.0,29.000087398677028,0.18333333333333335,0.0303889168426394,15.0,205.48289450719298,1.0,0.1,0.0,0.02858653170987955,0.0,0.0,0.002228009281680026,0.393671670488688,0.4,0.5359778261461406,0.26666666666666666,5.389652962615144,0.0,0.0014752629316515517,0.0017774755713240863,-1.6016885638237955e-05,0.0011357356173297018,0.0010705515742301976,3.1730160117201395e-05,0.0,2.0426411285867565,0.0,6.0,0.0,1.0456287006262848,0.007341442629695001,6.0,0.33333333333333337,0.030720876611829998,0.8623262677771526,-1.3397168471696548e-05,0.03150802742955184,-22.327326464766895,-7.4453568026185994,0.7927461424646693,12.42261251324806,5.0,0.26666666666666666,0.0,3.171423681242528,-0.578361103862951,0.09365205997720001,0.8062936368279983,7.290251139354424e-06,0.0515467915683985,0.021792847059882634,0.025101869479202715,1.9608632740530476,0.011344705640665984,0.00014633726404872838,0.0,7.193298439373122e-08,0.0013557506113102136,2.0,2.4804477377148696e-09,14.578512303299386,7.856314186938107e-05,4.6255185134214115e-05,4.7405153721532164e-05,1.3833067896484865e-05,1.6069349540578324e-05,2.582239946572848e-10,0.0,29.00000000315994,0.18333333333333335,4.596587750711478e-05,15.0,26345.29231727548,1.0,0.06666666666666667,0.0,3.648859378699854e-05,0.0,0.0,1.8655662643141113e-05,-0.46721621768192456,0.4,0.5002859312848638,0.4666666666666667,8.593105529383381,0.0,1.2959704870607107e-05,1.2340424197238212e-05,-1.2463361944637967e-06,1.0119465271903513e-05,1.1553951480891562e-05,-3.862003116713218e-06,0.0,-0.39294834499844694,0.0,6.0,1.0,1.0456287006262848,6.473007397289621e-05,6.0,0.26666666666666666,4.896699037573891e-05,-0.16430597808133912,-1.532927134349375e-07,0.09426532700766943,-3.971075807609021,-0.012778881963083463,0.678967295192073,4.194380405791521,4.0,0.4666666666666667,0.0,1.5264646895043357,-0.41223884027381613,0.14379333101477879,0.609898260839185,4.122417334088293e-10,0.00035787230171990814,3.4365867855626434e-05,4.582311959345954e-05,2.084645915593544,2.692907860999087e-05,7.581834507197905e-10,0.0,6.835277092509183e-06,0.012931564475363349,4.0,2.3569921008652353e-07,12.20016833556569,0.0007960093789733,0.0004381482530636567,0.00043831788726875003,0.0001035718960338,0.00018939027981280333,3.5868678087571936e-08,0.0,29.000000115263077,0.18333333333333335,0.0004064192908117,15.0,1782.5396303181708,1.0,0.03333333333333333,0.0,0.000415168763356575,0.0,0.0,0.0002885486681927001,-0.9567064429844989,0.4,0.5444003744606769,0.26666666666666666,10.551002192346266,0.0,0.00015898507245720337,8.02413953100862e-05,-5.095138727355173e-06,0.00014937640064875004,7.276313928220003e-05,-3.580909833549999e-05,0.0,-19.817069875653242,0.0,2.0,0.0,1.0193422593784203,0.0006924374829395,3.0,0.2,0.00047732857629761294,0.021551392947742727,-9.922711975371652e-06,0.05280610903197658,-4.031673294597482,-0.1459466282657264,0.47379856366191087,10.272154614796857,2.0,0.26666666666666666,0.0,2.6388798394289217,-0.5219838290330031,0.09813649683698951,0.12160863932170218,6.63694128144992e-08,0.0023270004639925,0.00032140424609991883,0.0004974201983092746,2.023860417046515,0.00036375453257014807,1.5577507660390227e-07,0.0
0.029083645145250945,0.8997474487072639,1.0,0.0010028843153534809,14.648129986304449,0.0355609022080898,0.03105141493890961,0.0309447268955409,0.0272087976336479,0.0022944429534622235,5.264468466692451e-06,0.0,29.000126472434843,0.18333333333333335,0.03069541510194535,15.0,223.28202517662515,1.0,0.03333333333333333,0.0,0.028461613319814186,0.0,0.0,0.003192743286490423,-0.8580509394399445,0.3333333333333333,0.5233021201546487,0.3333333333333333,6.846335105381633,0.0,0.0019005726792273108,0.002315605976825284,0.00019917834384981385,0.001693024300038799,0.002451738342642805,0.0003522100547948999,0.0,-3.182964355685416,0.0,7.0,1.0,1.0566413762796891,0.0083521045744419,8.0,0.43333333333333335,0.031136069729094447,0.3730041514392254,2.8739190857297235e-05,0.0405067530113791,-17.070229548594348,-7.532396597802915,0.9055457645280705,9.588279880422887,4.0,0.3333333333333333,0.0,2.7452124048983806,-0.5545409479110553,0.10740389703266603,0.670743375817611,8.505278085101439e-06,0.06715257332793323,0.02191304882299403,0.025535758972792102,1.9717264000322352,0.011614201144866495,0.0001464082742380134,0.0,6.490929222664443e-08,0.001259066169268408,2.0,2.2382514560911875e-09,13.644079078122154,7.856314186938107e-05,4.311593953995422e-05,4.4441857122971364e-05,6.625742116739275e-06,1.7454478846659765e-05,3.046588318084932e-10,0.0,29.00000000389264,0.18333333333333335,3.960427966376301e-05,15.0,28392.488962707695,1.0,0.03333333333333333,0.0,5.338505195595644e-05,0.0,0.0,1.9529867699930037e-05,-0.48348817035470626,0.36666666666666664,0.4652905333015416,0.4,9.473232814161369,0.0,1.3973378865759716e-05,1.3645626166117867e-05,6.799863795408626e-08,1.0133953158704877e-05,1.3620523532154039e-05,-1.3020598998991603e-07,0.0,27.715430139864633,0.0,6.0,1.0,1.0456287006262848,7.19373997526418e-05,6.0,0.3333333333333333,4.651497688080132e-05,-0.12060821458919575,-4.032795295629672e-07,0.09170207070689025,-3.3471513641343154,-0.012927125852540298,0.7046463312255222,4.202642327180391,3.0,0.4,0.0,1.467830990593146,-0.41902393048176106,0.1321784408454741,0.34096164072855006,6.145979484405839e-10,0.00039572315881741815,3.0494573013980174e-05,4.206760299637743e-05,2.0474300073531975,2.678589660847006e-05,8.554722482994464e-10,0.0,5.848711545659755e-06,0.011237599583180258,4.0,2.0167970847102604e-07,8.393241527267852,0.0007960093789733,0.00038798030424602676,0.00033980796329805,6.743572885170579e-05,0.00021078030040578324,4.442833503915223e-08,0.0,29.000000128559734,0.18333333333333335,0.00039510749957105,15.0,991.0502788293521,1.0,0.03333333333333333,0.0,0.0001767217763699449,0.0,0.0,0.00037848371201622505,-1.1406450787703653,0.36666666666666664,0.4775691807907711,0.3,11.110604149457176,0.0,0.00018536436632860334,8.46429971590651e-05,-1.4745608621465519e-05,0.00015638083719495002,7.276313928229999e-05,-7.156787614799422e-05,0.0,-0.4966540814365719,0.0,3.0,0.0,1.0269420419920037,0.0007285736501215942,4.0,0.1,0.00044153941106314827,0.36509437001125483,-1.9054707333225538e-05,0.06432832601931418,-2.9669331468181244,-0.13866432604915874,0.5126447373866729,6.959071696037063,4.0,0.3,0.0,2.033622262653827,-0.4914838428900507,0.10105696885876905,0.1180008906015172,7.121008262955604e-08,0.002454646917612888,0.0002744063232221301,0.0004936004161901674,2.0878624662808987,0.0004022131376164745,1.8279626242437104e-07,0.0
0.029897005273125176,0.9125143850899538,2.0,0.0010309312163146612,15.092857291599744,0.035059105604887,0.03148749518970191,0.0315965805202722,0.0272087976336479,0.0022593116464987035,5.104489116004683e-06,0.0,29.0000881689963,0.18333333333333335,0.0314481686800718,15.0,127.43384203383091,1.0,0.03333333333333333,0.0,0.028386343829333766,0.0,0.0,0.003911041876389906,-1.1705315849119835,0.4,0.5406484435193579,0.26666666666666666,6.869114992323687,0.0,0.00197401871114518,0.0016931125012497935,1.6520716553572456e-05,0.002043267268510101,0.0009544119238852969,3.173016011710078e-05,0.0,4.186623001205656,0.0,5.0,0.0,1.03820568829078,0.0078503079712391,5.0,0.43333333333333335,0.031568446943704816,-0.09617917975351505,0.0001247848692765188,0.030950155385629174,-19.257822521963643,-7.811605197371601,0.7914352322160092,13.516854826578381,4.0,0.26666666666666666,0.0,3.341474802231322,-0.5798378239792169,0.09364159807742518,0.42723126376854137,1.0587075857885935e-05,0.04910026253624401,0.02241358397275843,0.02623593764300643,1.970811869827785,0.012388420385367147,0.0001699236146244626,0.0,8.180735973169615e-08,0.0014190414177695251,2.0,2.8209434390240055e-09,14.95689941290445,7.856314186938107e-05,4.878215176075981e-05,5.110161964694271e-05,6.625742116739275e-06,1.8633670079904726e-05,3.472136606467366e-10,0.0,29.000000003700993,0.18333333333333335,5.083869941699959e-05,15.0,17779.075130747173,1.0,0.03333333333333333,0.0,6.77725319064848e-05,0.0,0.0,2.7619689535640643e-05,-0.4802134065311834,0.4,0.4566361001699955,0.4,10.185514522151358,0.0,1.5192342844211789e-05,1.2880150998903082e-05,1.474501885073634e-06,1.3903711078455672e-05,1.1756539606722072e-05,5.399670044425875e-06,0.0,-4.344040277960526,0.0,4.0,0.0,1.0344687381928106,7.19373997526418e-05,5.0,0.3,5.2219842886172476e-05,-0.6209217741987609,1.3764553100053917e-07,0.0864856316734096,-3.555429841084231,-0.014666056284137662,0.7361737153769708,4.350045127967306,4.0,0.4,0.0,1.5073891775926516,-0.43283215145273934,0.1272548233537562,0.33451321660202893,6.733457741173727e-10,0.0003735243789681894,3.478384114082638e-05,5.092173523111832e-05,2.1248714019645223,3.248945170403605e-05,1.1565033667263006e-09,0.0,3.212874359381189e-06,0.00785759701709424,4.0,1.1078877101314445e-07,7.160943177922387,0.0007599914679303,0.00026838878236802013,0.00019848790647555,1.823620732466225e-05,0.00018725189846403284,3.506327347838446e-08,0.0,29.00000009969556,0.18333333333333335,0.0002465212526311,15.0,2035.1799127795955,1.0,0.06666666666666667,0.0,0.00020367502247607168,0.0,0.0,0.00019360758532070002,0.26793599339672003,0.36666666666666664,0.47325435330726046,0.4,4.341759268072091,0.0,0.0001483741604223505,6.958302556244115e-05,-1.1404419954043816e-05,9.148620479425e-05,7.156787614799422e-05,-4.018523031840002e-05,0.03333333333333333,-22.04171113815171,0.0,4.0,0.0,1.0269420419920037,0.0007417552606056377,3.0,0.23333333333333334,0.00032725496478949403,1.0184247373685256,-1.606295088194999e-05,0.08092221636279308,-2.2051852283153877,-0.10055123561352161,0.47267731053816103,5.863421428940581,4.0,0.4,0.0,1.9049144543487375,-0.4475588390396654,0.1233838959173119,0.13891228315818005,6.628569879152672e-08,0.0020179077413107933,0.00020854658487274788,0.0004209865172924775,2.093173591592549,0.0003572656775683831,1.431225495174655e-07,0.0
0.030251227547756367,0.917554969391361,2.0,0.0010431457775088402,14.778175514725922,0.035059105604887,0.03168129264800382,0.0317637686702338,0.0272087976336479,0.0021610061877325496,4.6699477434183665e-06,0.0,29.0000790740354,0.18333333333333335,0.03153599519282575,15.0,152.66943525354358,1.0,0.03333333333333333,0.0,0.028386343829333766,0.0,0.0,0.0031253918823967025,-0.8319347557665551,0.4,0.5359227683705401,0.26666666666666666,10.711264011611108,0.0,0.0017896932211111836,0.0014552366000171002,-0.0001500203831816173,0.0015773368733269996,0.0003497605877263027,-0.0002345009283586004,0.0,7.3473409478492115,0.0,4.0,1.0,1.0307143207389022,0.0078503079712391,4.0,0.43333333333333335,0.03175490909437278,-0.2980271115902921,6.459771990489784e-05,0.030063097449447417,-20.203180047884945,-7.836408816416047,0.8076603734214878,13.62173382113856,4.0,0.26666666666666666,0.0,3.366617062066149,-0.5821859185161686,0.09259084251453054,0.36805625794865604,7.874259079117675e-06,0.04220186140049591,0.022424891201511987,0.025722336227717475,1.9461443648352934,0.011665951297980195,0.0001627782927049468,0.0,8.73482065048007e-08,0.0014755057892519591,2.0,3.012007120855196e-09,16.837550062309376,7.237493264256045e-05,5.088414368704738e-05,5.737440369557589e-05,6.625742116739275e-06,1.7955801422639792e-05,3.2241080472927314e-10,0.0,29.000000003029385,0.18333333333333335,5.123130965027182e-05,15.0,28988.759065805658,1.0,0.03333333333333333,0.0,6.251255406368728e-05,0.0,0.0,2.5065292174986087e-05,-0.013444547075752933,0.36666666666666664,0.4658732582674277,0.4,12.198908908898087,0.0,1.4765994243336736e-05,9.735808034956687e-06,7.898597352490387e-07,8.991345021058804e-06,7.747839845251292e-06,-4.7598926660915306e-07,0.0,-0.43323775273595544,0.0,3.0,1.0,1.0269420419920037,6.574919052582118e-05,4.0,0.2,5.3959307663213736e-05,-1.0200285494448684,9.584118281889503e-07,0.07648756239348323,-4.155122603655445,-0.015075592761510846,0.6322052991749274,5.4228478923327,4.0,0.4,0.0,1.8035972129882984,-0.45929762895842674,0.12601048150917835,0.21862356135460537,6.763829520026595e-10,0.0002823384330137439,3.6514293115989756e-05,5.372336805165867e-05,2.1017825638464176,3.7062860017457516e-05,1.4652089017921085e-09,0.0,1.1301136005779877e-06,0.00456390674812399,3.0,3.8969434502689235e-08,7.369479695252139,0.0004786687942603,0.00016180746260228965,0.00015891953626115,1.823620732466225e-05,0.00010718581248844562,1.1488798398808224e-08,0.0,29.00000004690202,0.18333333333333335,0.00013690693655610408,15.0,5650.6981286283435,1.0,0.06666666666666667,0.0,0.00017938761275213547,0.0,0.0,0.00012587526633111066,0.8594634503072056,0.36666666666666664,0.4341580444054272,0.4,5.811039758225467,0.0,8.344995827875033e-05,4.357796432560221e-05,-1.2989769952800004e-05,7.265330656405181e-05,3.580909833549999e-05,-1.1631473171300004e-05,0.03333333333333333,21.421290135336992,0.0,3.0,0.0,1.0193422593784203,0.00046043258693563777,2.0,0.2,0.00019408877698774753,1.0235965694628766,-8.859648196258901e-06,0.10728936942798567,-1.9177104484716594,-0.056931583701759395,0.6994906108305681,3.6362127176588346,4.0,0.4,0.0,1.2981236235197668,-0.37776343386709677,0.1375871640742337,0.21376142817515698,1.303558458173258e-08,0.001263760965442464,0.00010858087264618773,0.00020428993274701403,2.100612649513099,0.00016856203279654055,3.07863311696528e-08,0.0
0.02861516561848675,0.8951514890417444,4.0,0.000986729848913336,13.688500849549648,0.0350328460335731,0.03072154288490609,0.0312947668135166,0.0235694348812103,0.0031663317451641484,1.002565672043424e-05,0.0,29.000062955023093,0.18333333333333335,0.0308501716437084,15.0,177.68231008002587,1.0,0.03333333333333333,0.0,0.0321669932454824,0.0,0.0,0.0028107412425535244,0.08785738488798289,0.36666666666666664,0.548209376476854,0.26666666666666666,7.721665934447538,0.0,0.002414482824880665,0.0011335262065303724,-0.00013251742669220692,0.0014646353998354518,0.00034976058772629576,-0.0002345009283586004,0.0,-2.009198076807946,0.0,3.0,0.0,1.0231514950359846,0.011463411152362803,3.0,0.1,0.030884281664781493,-0.9606627342092025,-0.0001790611851445206,0.029097419071387347,-16.51867999568779,-7.8525165075889785,0.48504333713386333,15.700147932977236,3.0,0.26666666666666666,0.0,3.6394353286327172,-0.5847421259875041,0.09109523546890587,0.15637760672979217,1.607389424493962e-05,0.0328722599893808,0.022027830626855864,0.02537043744224328,1.920529785455669,0.012097908024929958,0.00018997576803839584,0.0,9.470551218736728e-08,0.0015630067764504927,3.0,3.2657073168057684e-09,17.208524354437568,6.770736945327371e-05,5.339732130475265e-05,6.183066786131045e-05,6.625742116739275e-06,1.7480746085982297e-05,3.0557648372258534e-10,0.0,29.00000000161374,0.18333333333333335,5.25374969583936e-05,15.0,111926.03954380943,1.0,0.03333333333333333,0.0,6.4653288086447e-05,0.0,0.0,1.5587882383745943e-05,0.9928374649388791,0.3,0.5117988189029415,0.3333333333333333,8.49024343107488,0.0,1.3706000936508643e-05,5.4682947126727e-06,1.7206612969387388e-06,3.734749892222071e-06,4.7598926660915306e-07,-4.7598926660915306e-07,0.0,15.024653833190554,0.0,3.0,1.0,1.0193422593784203,6.108162733653444e-05,2.0,0.13333333333333333,5.6185855926964184e-05,-1.5180732394345369,1.348594655547827e-06,0.07128977157992802,-4.397485138468479,-0.01589024279278987,0.647719271205351,5.582974419835225,2.0,0.3333333333333333,0.0,1.8261835979958285,-0.47305648699430813,0.11946295275402571,0.1885315681785351,4.366228391653577e-10,0.00015858054666750832,3.743628461401767e-05,5.204952291616692e-05,1.9840628801331117,3.498605046594103e-05,1.5442116297945155e-09,0.0,1.4342450872721652e-06,0.00490731115976009,3.0,4.945672714731604e-08,19.49983705233605,0.0004740879521705,0.00017392062759008633,0.00013618377124655,1.823620732466225e-05,0.0001325133384773372,1.755978487440934e-08,0.0,29.00000008367937,0.18333333333333335,0.00015150349706035407,15.0,4135.880646916631,1.0,0.03333333333333333,0.0,4.102879456695414e-05,0.0,0.0,0.00012499137520448567,0.23733048100435505,0.36666666666666664,0.39579863187747777,0.4,10.653829990222821,0.0,0.00010169013428930427,3.952458170364357e-05,9.344480317751725e-06,6.45313492978512e-05,1.1631473171199987e-05,-9.428439873500002e-06,0.03333333333333333,-3.973723829945263,0.0,2.0,0.0,1.0155139003180247,0.00045585174484583774,2.0,0.1,0.0002186507936773586,1.1426884418350602,4.022088522488033e-06,0.0919194712663127,-1.810974517238152,-0.06774712201215972,0.586179514261322,4.367402988304055,3.0,0.4,0.0,1.531902544703211,-0.4184484584127017,0.123938737870481,0.08368506483450044,2.7818947687699038e-08,0.0011462128694056635,0.00011687747008711214,0.00027089502351005073,2.1134365411231975,0.00023686133247164223,6.288173920626229e-08,0.0
0.02686917455945486,0.8601157938440627,8.0,0.0009265232606708572,12.611918883692196,0.0350328460335731,0.02970300113989242,0.030825764956799402,0.0235694348812103,0.0036566207439900533,1.3370875265378371e-05,0.0,29.000021998575164,0.18333333333333335,0.0290884086418719,15.0,152.2991229257361,1.0,0.03333333333333333,0.0,0.031020652130246122,0.0,0.0,0.006530466957977422,-1.3621287142543628,0.3333333333333333,0.5351359214574797,0.2,11.794460514472803,0.0,0.0032710086664668016,0.0005106762394137725,-0.00027990384005952424,0.002982919019731547,0.0003346199790636023,-0.0002345009283586004,0.0,-0.29736244139117696,0.0,1.0,0.0,1.0039095082056624,0.011463411152362803,0.0,0.23333333333333334,0.029927230944105546,-0.31500067497342243,-0.00038061186859110246,0.026303813733773586,-15.370119739122106,-7.768055272755003,0.3814655855386364,18.50789521428019,4.0,0.2,0.0,3.903607820346795,-0.5921369636458935,0.08258822082587862,0.10849061906474444,2.3259427033923046e-05,0.014809610942999402,0.021051379528627956,0.02507989847514598,1.9554770498110843,0.012722979962873898,0.00018428333152850746,0.0,1.1798493728352534e-07,0.001810939893099809,2.0,4.068446113225012e-09,15.723054207386497,7.155060059934233e-05,6.190737094079345e-05,6.413744995370507e-05,2.1011869648646098e-05,1.0015421408167567e-05,1.003086659831812e-10,0.0,29.000000000295003,0.18333333333333335,6.410044613100279e-05,15.0,105044.38546732307,1.0,0.06666666666666667,0.0,6.396979095673789e-05,0.0,0.0,4.88814093841938e-06,8.051045468126235,0.3333333333333333,0.5585295087250062,0.36666666666666664,0.5077257088244915,0.0,5.701522151395218e-06,2.2351175499645105e-06,1.7427148603688356e-06,2.544776725699195e-06,4.7598926660915306e-07,-4.759892666091395e-07,0.0,-48.82894861032086,0.0,1.0,0.0,1.0077979980756149,5.0538730950696234e-05,1.0,0.1,6.271228940793167e-05,-2.843592844566359,6.365186035467905e-07,0.06037048652207766,-7.990015173571292,-0.016110522174074285,0.8348437684602628,6.4897778899813545,2.0,0.36666666666666664,0.0,2.10537030403398,-0.5019604768533239,0.1197881425039664,0.6680298139434586,2.949945169121988e-11,6.48184089489708e-05,4.424779604081743e-05,5.3737920770391455e-05,1.955857605857139,2.8201273749416137e-05,9.037910921724628e-10,0.0,2.2720683037190616e-06,0.006369461263931735,7.0,7.83471828868642e-08,21.615296401916353,0.0004740879521705,0.0002219725962276561,0.00015891953626115,1.823620732466225e-05,0.00016267690877294988,2.6463776647922655e-08,0.0,29.000000062395504,0.18333333333333335,0.00024035469218545408,15.0,1018.0950782304105,1.0,0.03333333333333333,0.0,4.102879456695414e-05,0.0,0.0,0.0003220820727123186,-1.5595920104837881,0.3333333333333333,0.37446094000210023,0.4,18.13371853455446,0.0,0.00015031364815511883,2.5225159607488796e-05,6.212891761189655e-06,0.000104051778428253,1.046615728806707e-05,-9.428439873500002e-06,0.03333333333333333,-3.817442945884801,0.0,1.0,1.0,1.0077979980756149,0.00045585174484583774,1.0,0.2,0.0002752010358337496,0.38913835331900565,1.3593943129379617e-05,0.07701803218410681,-2.409191706455855,-0.0803387045058778,0.2514800445356725,5.6656981933702255,4.0,0.4,0.0,1.9050006613829595,-0.45789344421854083,0.12574432316693732,0.05297567246220525,5.490646042690105e-08,0.0007315296286171751,0.00015837293499384157,0.00038877724082058936,2.0642888153551486,0.00035381900768729726,1.5041480368996023e-07,0.0
0.024475690583745623,0.8212205140540978,6.0,0.000843989330473987,13.591247193335269,0.0325845219194889,0.028424023340145686,0.02842142457763345,0.0235694348812103,0.0028162474945171195,7.931249950373954e-06,0.0,29.00002268492572,0.18333333333333335,0.02821002556293295,15.0,101.85789183733058,1.0,0.03333333333333333,0.0,0.030330750159919248,0.0,0.0,0.004888960459467226,-1.3402873812720857,0.3333333333333333,0.5135122026970377,0.13333333333333333,18.094234253652832,0.0,0.0025122486054897602,0.0005469483633836103,-7.47817771873276e-05,0.0025156203431614,0.0003346199790636023,0.00033461997906359883,0.0,-4.737848284046939,0.0,1.0,0.0,1.0039095082056624,0.0090150870382786,0.0,0.23333333333333334,0.028563199274442643,-0.16914638721591072,-0.0001663893654605536,0.019488763152831223,-20.530036003184694,-7.318975836046203,0.29409251493765265,24.793979313918527,5.0,0.13333333333333333,0.0,4.566047869728951,-0.6101768034189762,0.07037332490344898,0.06893416813148301,1.4030077830839839e-05,0.0158615025381247,0.020204643912464276,0.02437720710000816,1.9875828959087136,0.012081846480750105,0.00015848940690778185,0.0,1.3720630153270002e-07,0.001949434973964041,7.0,4.731251776989656e-09,15.658691689132699,7.923874970098647e-05,6.740646832137524e-05,6.556541775353252e-05,6.056753045413643e-05,5.469132734060316e-06,2.991141286277007e-11,0.0,29.000000000011617,0.18333333333333335,6.7560197567218e-05,15.0,48781.72077268596,1.0,0.03333333333333333,0.0,6.336821334116394e-05,0.0,0.0,8.2095497418777e-06,-0.69691213853844,0.3333333333333333,0.525364794387281,0.1,13.632477486477868,0.0,4.6498806251394035e-06,8.407962222813747e-07,4.468740706048352e-07,3.331924866264051e-06,1.098307014520586e-06,1.098307014520586e-06,0.0,-1.2079936402003106,0.0,1.0,0.0,1.0039095082056624,1.8671219246850043e-05,0.0,0.06666666666666667,6.762797782296417e-05,0.7464447762724625,5.064136407476709e-07,0.01703322083942174,-24.770004829569682,-0.017130142316467405,0.3009387220668377,28.827453890956797,4.0,0.1,0.0,4.952888239709704,-0.6166767683662365,0.06687900769323692,0.07363614516395978,4.8633025762136744e-11,2.4383090446159866e-05,4.760758634887961e-05,5.6649069008160506e-05,1.9602840864193052,2.7733181076346355e-05,8.348285816940266e-10,0.0,3.159625255284062e-06,0.008134500704064344,7.0,1.0895259500979523e-07,19.51267295370887,0.0004740879521705,0.0002775990578480292,0.00038058290341385,1.823620732466225e-05,0.00016810593363914496,2.825960492468861e-08,0.0,29.000000059899495,0.18333333333333335,0.0002440421533471488,15.0,8838.50716036905,1.0,0.03333333333333333,0.0,0.00040571019044362435,0.0,0.0,0.0003186491252645762,-1.6743315827691008,0.3333333333333333,0.47729942386252416,0.36666666666666664,13.051062185292052,0.0,0.00016143918835121162,2.2383826214984055e-05,1.208516027943923e-05,6.993394907280003e-05,1.0466157288067066e-05,1.046615728806705e-05,0.03333333333333333,-0.18942205631807596,0.0,1.0,1.0,1.0116659682741571,0.00045585174484583774,2.0,0.26666666666666666,0.00032453172702033627,-0.3990283957499611,1.573038097902938e-05,0.07214370279429688,-2.7477961580288137,-0.09798925439435507,0.3981625647728463,5.836217684745901,5.0,0.36666666666666664,0.0,1.9359539869623752,-0.47079608083862584,0.11808525017820984,0.045733908265076395,4.823017890201224e-08,0.0006491309602345376,0.00019005603436264313,0.0003914426127098853,1.9721272951112687,0.0003395301521546825,1.5033438653337027e-07,0.0
0.023636173694922,0.8092226289551344,4.0,0.0008150404722386896,14.921523559227088,0.031329408288002,0.027968077704479673,0.02842142457763345,0.0235694348812103,0.002378883354346495,5.659086013586832e-06,0.0,29.0000262676105,0.18333333333333335,0.0278291925787925,15.0,137.9274617930396,1.0,0.03333333333333333,0.0,0.028613417595624906,0.0,0.0,0.004200870131678722,-1.2011202963168974,0.3333333333333333,0.5298217658961417,0.13333333333333333,13.316698253576998,0.0,0.0020753720953985417,0.0006822117963414655,-7.746987873951377e-05,0.002023507395025501,0.00033461997906369945,0.00033461997906369945,0.0,1.1627498820036573,0.0,2.0,0.0,1.0155139003180247,0.007759973406791701,2.0,0.1,0.028069065828726824,-0.3113322880552552,8.419825123388462e-05,0.021592504500261615,-20.972913529225462,-7.123187210542801,0.43927915368788556,22.412570717379317,4.0,0.13333333333333333,0.0,4.332750157059508,-0.604608076322837,0.07585049459296593,0.1422796218339708,1.0903502136599213e-05,0.019784142093902498,0.019850828191347963,0.023564129855840773,1.9748524527400868,0.011321657149096831,0.0001381325676564856,0.0,1.5598345704366877e-07,0.002074818805946658,8.0,5.378739898057544e-09,16.446919232820626,8.562627772334963e-05,7.16368561067308e-05,7.100144709208203e-05,6.056753045413643e-05,8.222494467364505e-06,6.760941526583988e-11,0.0,29.000000000013745,0.18333333333333335,7.140427211804005e-05,15.0,32517.57954935303,1.0,0.03333333333333333,0.0,6.18204678175971e-05,0.0,0.0,1.5787952482545137e-05,-1.3806435068332243,0.3333333333333333,0.5280090160192087,0.2,8.913427726564407,0.0,7.304165709582677e-06,9.461618483537574e-07,7.820276184885322e-07,8.145636456902125e-06,1.098307014520586e-06,1.098307014520586e-06,0.0,1.9955427425021106,0.0,1.0,0.0,1.0039095082056624,2.50587472692132e-05,0.0,0.03333333333333333,7.210720191577463e-05,0.19674787768799498,9.339719404379063e-07,0.025635114158059063,-15.884687490661618,-0.01868699291274148,0.40240071122321086,18.532840494654895,0.0,0.2,0.0,3.9071254943491134,-0.5939070507580789,0.08085590676956854,0.112952931097137,1.0752329509418899e-10,2.7438693602258965e-05,5.044226656236106e-05,6.048543341995322e-05,1.9364086287192772,3.137155117251501e-05,1.1223932777497232e-09,0.0,3.6928078728779948e-06,0.009772549123389514,3.0,1.273382025130343e-07,14.521192035072529,0.0004740879521705,0.0003307606841575077,0.00038058290341385,9.149930834113172e-05,0.00011700839960557205,1.3690965578257234e-08,0.0,29.00000006133697,0.18333333333333335,0.00031328040362980003,15.0,8838.50716036905,1.0,0.03333333333333333,0.0,0.00037844079121315794,0.0,0.0,0.000152401433958725,-0.5729829274377622,0.3333333333333333,0.5505237611856663,0.36666666666666664,5.194246543492548,0.0,9.865432094934357e-05,2.5363111045385114e-05,4.05324779272994e-06,5.6643077352250005e-05,1.0466157288100016e-05,-9.428439873500002e-06,0.0,-7.714838118856915,0.0,1.0,0.0,1.0116659682741571,0.0003825886438293683,2.0,0.1,0.0003508469691512238,-0.8710512936629802,2.176004876643173e-06,0.06276504104078992,-4.49349260057503,-0.10132502018646461,0.513734335955916,7.18032837680546,1.0,0.36666666666666664,0.0,2.2278736306774327,-0.4956219501861444,0.11742008318457141,0.13032345272524892,1.773542626793955e-08,0.0007355302203161683,0.0002404797588345198,0.0003420567114727148,1.9630548283364404,0.00023485252655965668,6.862583771841499e-08,0.0
0.024864818190060405,0.8334135246152653,4.0,0.0008574075237951864,15.906265719473609,0.0371469743549823,0.02864254034848668,0.02851787465624505,0.0242386748393376,0.0029038173818830225,8.432155387325972e-06,0.0,29.00006144757383,0.18333333333333335,0.0282414142352838,15.0,155.44444405839633,1.0,0.03333333333333333,0.0,0.028756579669813244,0.0,0.0,0.0036638834824164745,0.9656504273524873,0.36666666666666664,0.546716877758315,0.2,3.970704292624037,0.0,0.0021739249284620644,0.0010458007797427618,0.00011200075862051378,0.00191741784413655,0.00033461997906369945,0.00033461997906369945,0.0,0.9898184658446394,0.0,2.0,0.0,1.0193422593784203,0.012908299515644699,3.0,0.23333333333333334,0.028789360413215392,0.9149158933929821,0.00026618424780918147,0.028920069190103627,-14.971831503159349,-7.452339023989273,0.6768865879255652,15.303376990351925,4.0,0.2,0.0,3.4530565377074716,-0.585211581555608,0.08154421010902725,0.3643711647094243,1.087982820576641e-05,0.030328222612540093,0.02022048796884809,0.02379752542209107,1.9499967682717843,0.01158398648852337,0.00015430441537645978,0.0,1.7847710800823913e-07,0.002234668774084033,7.0,6.1543830347668666e-09,15.966050027409642,8.915242506191134e-05,7.674261841101625e-05,7.753160934953485e-05,6.276414448317762e-05,7.733527851448027e-06,5.980745302912234e-11,0.0,29.000000000060002,0.18333333333333335,7.605944180492466e-05,15.0,42090.86154377618,1.0,0.03333333333333333,0.0,8.25553549172279e-05,0.0,0.0,1.2708611999793604e-05,-1.1456936721855666,0.3333333333333333,0.5529208631189095,0.06666666666666667,9.661793240955133,0.0,6.6892946887054224e-06,1.4856997803763495e-06,3.3418163884666613e-07,6.1933696997584775e-06,1.098307014520586e-06,1.098307014520586e-06,0.0,-1.0826349312201382,0.0,0.0,0.0,1.0039095082056624,2.6388280578733728e-05,1.0,0.06666666666666667,7.713129671934714e-05,-0.15561359323567417,7.680546636443659e-07,0.012457585328271657,-23.048769656127778,-0.02001919690455834,0.28722922161395104,44.80060159410951,1.0,0.06666666666666667,0.0,6.045270072477543,-0.6287887447192809,0.04995762051578215,0.09230641875587664,9.579928755524879e-11,4.308529363091414e-05,5.4724666981302836e-05,6.451738654888535e-05,1.9256200177847707,3.2587619271852295e-05,1.2791809568036321e-09,0.0,3.7595925632780256e-06,0.009785152131864665,2.0,1.2964112287165604e-07,11.54732507218921,0.0005465383292175,0.00033475994190877646,0.00037508933349845,2.424824924673885e-05,0.00011513267738787344,1.3255533402500143e-08,0.0,29.000000109034662,0.18333333333333335,0.0003230880379718,15.0,7584.624808335188,1.0,0.03333333333333333,0.0,0.0004159658092248097,0.0,0.0,0.00012744980036095,0.7011784428064072,0.36666666666666664,0.4973812604902232,0.3,5.265464821413868,0.0,9.110678565078318e-05,4.554890260819919e-05,-1.3626548070673997e-05,5.1928857415500004e-05,2.2808908728299995e-05,-9.428439873599966e-06,0.0,9.346451179360317,0.0,3.0,0.0,1.0193422593784203,0.0005222900799707611,2.0,0.13333333333333333,0.0003540052995496925,-0.9958904377205425,-9.242884586120496e-06,0.08038976484817033,-4.042643732073216,-0.09868874292035708,0.7355693312676121,4.654020049380706,2.0,0.3,0.0,1.5265994743693632,-0.44896826951954916,0.12085799049268052,0.30239634266138926,1.6421531442748875e-08,0.0013209181756377766,0.0002445390350271232,0.00032361187868321003,2.013123039366816,0.00020060159386343086,4.576607108516651e-08,0.0
0.027687459350921338,0.8805582398548697,2.0,0.0009547399776179772,15.421344668233823,0.0371469743549823,0.03026224288468551,0.029784477005402148,0.0265810146927833,0.0026668271945664603,7.111967285679217e-06,0.0,29.00008767746525,0.18333333333333335,0.0300830495854218,15.0,136.82767019983038,1.0,0.03333333333333333,0.0,0.02816590864211315,0.0,0.0,0.0031581168062985027,-0.06684978680020981,0.4,0.5440527445770509,0.26666666666666666,4.2202171977447875,0.0,0.0021684726352493035,0.0015784847839125315,5.0209102959468947e-05,0.0016341892381509515,0.0009135579069456008,0.00033461997906369945,0.0,1.5877187411840137,0.0,4.0,0.0,1.0344687381928106,0.010565959662199,5.0,0.3666666666666667,0.030379521255236693,0.8273086503452413,0.00018380563330453728,0.033356177246535716,-15.958868266634305,-7.647203581610022,0.7364899321640413,12.421083843425773,4.0,0.26666666666666666,0.0,3.1511017086194597,-0.5734689425826996,0.09390001577519379,0.40652056146010773,1.2938581176975794e-05,0.04577605873346341,0.021621000405494913,0.02533048343327232,1.963349626055698,0.012256009417335496,0.00017155975733398933,0.0,1.7322170686224016e-07,0.002193887610701495,5.0,5.973162305594488e-09,13.713808498036697,8.915242506191134e-05,7.531472031890492e-05,7.753160934953485e-05,5.0192727940157056e-05,1.0087110522500206e-05,1.0174979869313439e-10,0.0,29.00000000020046,0.18333333333333335,7.34076093067415e-05,15.0,42090.86154377618,1.0,0.03333333333333333,0.0,7.941250078147277e-05,0.0,0.0,1.2708611999793604e-05,-0.3261028112742581,0.36666666666666664,0.534186607774476,0.1,14.616382061784615,0.0,8.254326542858814e-06,2.5074284700355653e-06,-3.3781342890820114e-07,6.1933696997584775e-06,1.098307014520586e-06,8.815368346404284e-07,0.0,-0.5286305245755255,0.0,1.0,1.0,1.0116659682741571,3.895969712175429e-05,2.0,0.1,7.598721534184554e-05,-0.7169113155109046,-4.677506578518752e-07,0.020109587480234142,-16.468195246783665,-0.019963592826858445,0.3042372591861373,24.062044240065934,2.0,0.1,0.0,4.508993035571294,-0.6085334449052626,0.06900043794382474,0.09777131719280885,1.960901601339161e-10,7.27154256310314e-05,5.354213532644349e-05,6.249660172392136e-05,1.914861658893668,3.103361600090679e-05,1.3413689786131075e-09,0.0,2.646190164716583e-06,0.007763091582585309,3.0,9.124793671436493e-08,10.15526635041462,0.0005465383292175,0.00026925067813303026,0.00028143175487365,2.424824924673885e-05,0.00012534117898276476,1.571041114878947e-08,0.0,29.000000117459937,0.18333333333333335,0.00025652464501025,15.0,2690.9239309373293,1.0,0.03333333333333333,0.0,0.0003637368012277336,0.0,0.0,0.00021100694671487502,-0.773545271617091,0.36666666666666664,0.4438083117654709,0.3,4.246289208241137,0.0,0.00010777601588286109,5.463415206311145e-05,-5.1588435795241375e-06,0.00010386536847695004,2.2808908728299995e-05,-2.2808908728199977e-05,0.0,2.699594450998451,0.0,4.0,1.0,1.0269420419920037,0.0005222900799707611,3.0,0.26666666666666666,0.00029699551987174167,-0.09896914034942024,-1.0378626820869304e-05,0.07466139668271589,-3.0802038398106513,-0.09072144830634583,0.6462797475568614,4.892731808765599,2.0,0.3,0.0,1.5798122362907245,-0.46413159701634027,0.10916256456404376,0.16239557799114956,3.1251767138034854e-08,0.001584390409830232,0.00019185388792355792,0.0003021051537984588,2.053214915114412,0.00022529136053660173,5.667187734243937e-08,0.0
0.027163685866379017,0.8698770984386381,4.0,0.0009366788229785868,13.913992931851904,0.0371469743549823,0.02992590361585212,0.029784477005402148,0.0231429990381002,0.0031458684525415784,9.896488320696347e-06,0.0,29.000095209154754,0.18333333333333335,0.029866650700569097,15.0,136.82767019983038,1.0,0.03333333333333333,0.0,0.028044390399008936,0.0,0.0,0.0032764365896582534,-0.09847866148083861,0.4,0.5396995622471006,0.26666666666666666,10.639113400787668,0.0,0.002491773147549897,0.0017718236208304622,-0.00011050223704726889,0.0016755107790231497,0.0012834318913519,-0.00011900952085849847,0.0,1.453926221255399,0.0,6.0,1.0,1.0456287006262848,0.014003975316882099,6.0,0.4,0.030090799184235156,0.17414226551737036,-0.00013035035543323406,0.03409573564419234,-14.154336268140257,-7.693246747544353,0.6735932176217589,12.216591480016751,4.0,0.26666666666666666,0.0,3.1134332517568883,-0.5715112880006674,0.09324681419202134,0.32049631211500407,1.8143779440099864e-05,0.0513828850040834,0.021299357291131013,0.024529940573870496,1.9460333301370303,0.011392210316298623,0.00016529221060335048,0.0,1.570851257157126e-07,0.0020707163597156373,7.0,5.416728472955607e-09,11.935728142894089,8.915242506191134e-05,7.113322341562404e-05,7.523824751842767e-05,4.842024281970225e-05,1.327536755398272e-05,1.7623538369333716e-10,0.0,29.000000000213472,0.18333333333333335,7.006110899965279e-05,15.0,23750.136683906843,1.0,0.03333333333333333,0.0,6.267650660447543e-05,0.0,0.0,2.267613353978959e-05,-1.4953061677324988,0.3333333333333333,0.5481172954236504,0.26666666666666666,16.0784802465991,0.0,1.2366867772976142e-05,2.7214155961283023e-06,-1.0248344781642628e-06,1.2218668416608125e-05,1.1481552064651623e-06,4.1457860788796097e-07,0.0,0.19763213664135662,0.0,2.0,1.0,1.0193422593784203,4.073218224220909e-05,3.0,0.06666666666666668,7.236139065268452e-05,-0.20253621156714555,-1.2982843975346804e-06,0.035679303791197485,-10.471314280124972,-0.019253353781245555,0.31816216104592665,13.161406520437122,4.0,0.26666666666666666,0.0,3.2276729284296075,-0.5673194899644772,0.0945599329001869,0.08853401071833766,3.155894197672489e-10,7.892105228772077e-05,5.107654850194636e-05,6.35332874871336e-05,1.9637151996763917,3.665589377802225e-05,1.64698376316947e-09,0.0,1.6267057602929353e-06,0.005611041895171656,2.0,5.6093302079066736e-08,8.376865840101509,0.0005465383292175,0.00019369163095075704,0.00016679298641970002,7.899302545411047e-06,0.00012925586038061706,1.6707077442733573e-08,0.0,29.00000012304958,0.18333333333333335,0.00018017015380867706,15.0,2244.483237787277,1.0,0.03333333333333333,0.0,3.483125387901549e-05,0.0,0.0,0.00019159723838534602,-0.09813975101418304,0.3333333333333333,0.44449139840602125,0.4,5.44261965297153,0.0,0.00010740400745529054,5.967249272374899e-05,-1.322811936590652e-05,9.934384697767574e-05,2.280890872830005e-05,-2.2808908728299995e-05,0.03333333333333333,24.888927612543537,0.0,3.0,1.0,1.0231514950359846,0.000538639026672089,3.0,0.26666666666666666,0.0002328594540556553,0.6181969833549971,-1.1033485901699264e-05,0.10965477804759616,-1.9452751342248669,-0.06703318386040719,0.6891462762590002,3.431558604236239,6.0,0.4,0.0,1.16736575258395,-0.3715020581093043,0.13375827999153722,0.2826392912208098,2.6344077277514293e-08,0.0017305022889887206,0.00014224400004417368,0.0002508391429675591,2.093449896752318,0.00020039551453193425,4.400860614047301e-08,0.0
0.026734058129129143,0.8613314179237909,4.0,0.0009218640734182463,13.830495498975242,0.0371469743549823,0.029685052453229745,0.029220155673101447,0.0231429990381002,0.0031516554094586395,9.932931819969905e-06,0.0,29.000093075256054,0.18333333333333335,0.02985633412996925,15.0,132.25027374013496,1.0,0.03333333333333333,0.0,0.028044390399008936,0.0,0.0,0.0032403469085692735,-0.02739425689279873,0.4,0.5341023031525195,0.26666666666666666,16.742767862633688,0.0,0.0024117260074449864,0.0016795524781377071,2.7914290669665472e-05,0.0016095284372567992,0.0012834318913519,-4.445575177669872e-05,0.0,-1.4959630956810361,0.0,5.0,0.0,1.03820568829078,0.014003975316882099,5.0,0.26666666666666666,0.029851888901223176,0.3808298123644193,-0.0001308306267786825,0.03367888095059057,-14.272016873093044,-7.631959954080892,0.624778015676243,12.327048942892125,4.0,0.26666666666666666,0.0,3.1332049617165065,-0.5726147268954955,0.09301027330923196,0.236511322426335,2.1872953914662304e-05,0.04870702186599351,0.02104858416623941,0.025073162542291434,1.9807150537373615,0.01259629591097048,0.00017766429250992135,0.0,1.2570321960953764e-07,0.0018225940434190722,6.0,4.334593779639229e-09,10.630541785501169,8.915242506191134e-05,6.28969224966237e-05,6.0862993450427894e-05,4.388252207056873e-05,1.5299818978394254e-05,2.3408446077163295e-10,0.0,29.000000000211788,0.18333333333333335,6.535525261080528e-05,15.0,21186.96521112053,1.0,0.03333333333333333,0.0,4.614601722013587e-05,0.0,0.0,2.7766301172960084e-05,-1.1652276321570594,0.3333333333333333,0.528650166579708,0.3,4.366370773200168,0.0,1.2915357001475063e-05,2.650154304641756e-06,-1.4090420282117404e-06,1.2766873541378036e-05,1.1481552064651623e-06,-6.482458213047905e-07,0.0,-9.839846016330041,0.0,2.0,0.0,1.0193422593784203,4.526990299134261e-05,3.0,0.26666666666666666,6.473103830712066e-05,0.5026314133313979,-1.6487509073455421e-06,0.0448626202769104,-7.196211074691353,-0.017978388204312492,0.45451967851991393,9.988236487565345,5.0,0.3,0.0,2.7410210637382195,-0.5430107110317077,0.10086602095646785,0.16680604910268138,3.633501860268027e-10,7.685447483461093e-05,4.53649965090798e-05,5.949396315455442e-05,1.9893497669456113,3.663531378164619e-05,1.514094345142454e-09,0.0,1.9912820879120082e-06,0.005627148455127657,2.0,6.86648995831727e-08,18.19998421366181,0.0006200697389431,0.00020177031753761688,0.00016584227341805,7.899302545411047e-06,0.00016020239872684863,2.566480855783619e-08,0.0,29.000000147996765,0.18333333333333335,0.00017272723380297708,15.0,3377.1466439775604,1.0,0.03333333333333333,0.0,0.00016094191164483325,0.0,0.0,0.000170784644459221,0.4004542828011415,0.36666666666666664,0.3465012296620009,0.36666666666666664,4.327618209722696,0.0,0.00012491873702228761,7.527621945821756e-05,1.3386804685672411e-05,8.263794816225765e-05,7.353952241825484e-05,3.581292912703055e-05,0.06666666666666667,-11.01842653592504,0.0,4.0,0.0,1.0269420419920037,0.0006121704363976889,3.0,0.23333333333333334,0.00025763553636303155,1.1091638222200355,3.670729242625094e-06,0.10391879381233253,-1.5618995638400186,-0.07973725037490578,0.6899089123591218,3.9871319730864303,1.0,0.36666666666666664,0.0,1.3335728405029468,-0.38668554579088454,0.1276058241712169,0.09778899411680075,3.790749322065334e-08,0.0021830103642883096,0.0001300659734919323,0.000287470568883364,2.155916325251371,0.000244896667165289,6.504956351963107e-08,0.0
0.026471263966734118,0.8536978097632507,4.0,0.0009128022057494523,13.954145051149075,0.0371469743549823,0.029560945512105953,0.0297291116788983,0.0231429990381002,0.0029199256819492894,8.525965988107022e-06,0.0,29.000084070983906,0.18333333333333335,0.029085908705989448,15.0,489.34494772505474,1.0,0.03333333333333333,0.0,0.029444787930697144,0.0,0.0,0.002270139008760476,0.6823595449499509,0.36666666666666664,0.5133313114432484,0.3333333333333333,12.43750569766626,0.0,0.002065935062865416,0.0014369538375015904,-0.0002769943969003069,0.0015122970566154026,0.0011683360983927998,-4.4455751776601576e-05,0.0,2.0172317478595905,0.0,5.0,0.0,1.03820568829078,0.014003975316882099,5.0,0.16666666666666666,0.029704805428714794,0.3735471508981009,-9.470088431569496e-05,0.03837352195486822,-14.858572322801674,-7.396849499850873,0.662754473254406,10.58012562387255,4.0,0.3333333333333333,0.0,2.9374451651651845,-0.5601877360018194,0.1057938858141398,0.2862647015937506,1.3679987164598426e-05,0.04167166128754612,0.021112847944038976,0.025246386348460968,1.9930491647479032,0.01212037897965628,0.00016168650803526942,0.0,8.838625425203178e-08,0.0015370746750704713,7.0,3.0478018707597166e-09,12.013224953307997,7.80210830271244e-05,5.347082527199139e-05,5.10912007788041e-05,4.128953878534958e-05,9.33163007195919e-06,8.70793197998931e-11,0.0,29.00000000021616,0.18333333333333335,5.292741893340876e-05,15.0,25980.67265804494,1.0,0.03333333333333333,0.0,4.67992704216158e-05,0.0,0.0,1.5041346724694563e-05,-0.1436252585541209,0.36666666666666664,0.49130531205634526,0.3,9.844899156983349,0.0,7.911999887760936e-06,2.7137233199278733e-06,-7.56620685369226e-07,6.884555797582973e-06,1.1481552064651623e-06,-6.482458213047905e-07,0.0,7.298632086466888,0.0,3.0,0.0,1.0193422593784203,3.673154424177483e-05,2.0,0.1,5.427898741748713e-05,0.731494739102552,-8.68954994331758e-07,0.03782334723733155,-9.801163919389774,-0.014571799687777538,0.4965548465888766,12.744152346546567,2.0,0.3,0.0,3.138628453879443,-0.5616440808423577,0.09515614787903612,0.16289632641420126,1.1137092686535588e-10,7.869797627790832e-05,3.7508407658463654e-05,4.6058023486852056e-05,1.9816996866312357,2.4835726112920566e-05,6.721165960570944e-10,0.0,1.9520092782834148e-06,0.005870096660145086,4.0,6.731066476839361e-08,20.415936382344523,0.0006200697389431,0.00020038747443318355,0.00016584227341805,7.899302545411047e-06,0.00015783483783078658,2.4911836033070703e-08,0.0,29.000000078691194,0.18333333333333335,0.00016515961968767708,15.0,2682.1629395178384,1.0,0.03333333333333333,0.0,9.972486800506437e-05,0.0,0.0,0.000167954020071096,0.2968240632035273,0.36666666666666664,0.4687089512784204,0.3333333333333333,14.855786450613698,0.0,0.00012591022224589873,6.388501417952581e-05,8.088229214046936e-06,9.19848979719528e-05,7.353952241825484e-05,3.581292912703055e-05,0.03333333333333333,-31.518882861757984,0.0,3.0,0.0,1.0269420419920037,0.0006121704363976889,4.0,0.06666666666666668,0.00025508229249162023,1.0559263762123683,1.0117594408455021e-05,0.07636541924561248,-1.9149506937418792,-0.08176732294807328,0.4907477208121121,6.218517430088081,3.0,0.3333333333333333,0.0,1.8944199576897938,-0.45962094905573164,0.10950402222893928,0.08318725299917917,5.0608879679664595e-08,0.0018526654112062486,0.00015109764906392256,0.00035472781810004213,2.1089895716424056,0.00031444568732037445,1.0993950565181707e-07,0.0
0.02402599771519373,0.8189587632194141,3.0,0.0008284826798342665,14.600551050660497,0.0307057537138461,0.02824018071716023,0.02838030066341155,0.0231429990381002,0.001832698439075345,3.3587835685892067e-06,0.0,29.000016412001372,0.18333333333333335,0.02818501479923715,15.0,170.33774452356883,1.0,0.03333333333333333,0.0,0.029571340512484216,0.0,0.0,0.0024866041727363737,0.3015645472753037,0.36666666666666664,0.5298997449550812,0.16666666666666666,14.076750395861238,0.0,0.0014706220113568948,0.0007651898881484723,-0.00016959278747953442,0.0013710388913750517,0.0006302621215582005,-4.445575177670219e-05,0.0,7.660631861392809,0.0,4.0,0.0,1.0307143207389022,0.007562754675745898,4.0,0.13333333333333333,0.02829958640168541,-0.9065343126130068,2.1392018732800207e-05,0.022324536007908638,-23.627774108637105,-7.067800128302954,0.6365456003094966,21.196721243239754,3.0,0.16666666666666666,0.0,4.2415301920321005,-0.6026703458614182,0.07963773808815176,0.30223105450543397,6.431092609760973e-06,0.022190506756305697,0.02000007226347315,0.02294927677798376,1.9465955098742116,0.010370637408703337,0.00012931862145478212,0.0,8.067627676742271e-08,0.001483705795908463,3.0,2.78194057818699e-09,13.86084611073102,7.086862751748413e-05,5.12405725021381e-05,4.744787408774507e-05,4.128953878534958e-05,7.975773017951683e-06,6.36129552338861e-11,0.0,29.000000000397165,0.18333333333333335,5.259323601917872e-05,15.0,27366.481550129378,1.0,0.03333333333333333,0.0,4.572640209516976e-05,0.0,0.0,1.2916727337142218e-05,-0.6184189833595801,0.3333333333333333,0.5291901230976107,0.3,11.520021789906357,0.0,6.936058217737205e-06,2.6690155962193057e-06,-5.71895186018584e-07,3.957479390065245e-06,6.482458213047905e-07,-6.482458213047905e-07,0.0,-1.2079457904926743,0.0,2.0,0.0,1.0155139003180247,2.957908873213455e-05,2.0,0.1,5.1857585998393305e-05,0.7437154165818124,-2.3837589434685579e-07,0.041114193566023804,-9.89584480514769,-0.013754913320560088,0.6356170426428971,10.167445913922485,2.0,0.3,0.0,2.77859063191789,-0.5529330170311135,0.09745591606792187,0.30939328150775003,1.157091600128172e-10,7.740145229035987e-05,3.7029946767807545e-05,4.603930080575701e-05,2.019162861076229,2.3606175001785792e-05,6.260073234742079e-10,0.0,2.297077318397064e-06,0.006842819717347499,4.0,7.920956270334703e-08,16.350254872230774,0.0006200697389431,0.0002347372690564467,0.00024167975698215,7.899302545411047e-06,0.00014651845775358883,2.146765846249019e-08,0.0,29.000000072082976,0.18333333333333335,0.00018091480550144515,15.0,13033.481953127752,1.0,0.06666666666666667,0.0,0.00022215895528460215,0.0,0.0,0.000129135212773625,0.3033656380402143,0.3333333333333333,0.5429387533978157,0.3,19.815731292839622,0.0,0.00010682035753102713,5.47316167598889e-05,2.2905067077034484e-06,7.583748356409999e-05,7.055541573210001e-05,-5.6116414271000035e-06,0.03333333333333333,-27.274044301563475,0.0,2.0,1.0,1.0193422593784203,0.0006121704363976889,3.0,0.13333333333333333,0.0002767114814144307,0.732430235501839,5.796603872777468e-06,0.06079882401187246,-2.6976345299715825,-0.08854394950955155,0.4673238469926499,8.993192521553244,4.0,0.3,0.0,2.404291444785043,-0.5008266423215141,0.09881957904029896,0.12479466921361937,4.6852115938693e-08,0.001587216886036778,0.00015695936405476515,0.0003390510721371928,2.092311698531323,0.00029184195230107034,9.420014577496367e-08,0.0
0.023454514421383577,0.8111166609451151,4.0,0.0008087763593580544,14.037332762788559,0.0303746610879898,0.027891550461451132,0.02816354110836975,0.0231429990381002,0.0019694060616788933,3.878560235777568e-06,0.0,29.000011750358897,0.18333333333333335,0.0277729215100406,15.0,156.53198918649002,1.0,0.03333333333333333,0.0,0.03001307798549532,0.0,0.0,0.0031837391667068754,-0.5868408450929405,0.36666666666666664,0.5415551086406952,0.16666666666666666,14.865176082971276,0.0,0.0016654677440722978,0.0006795867892174933,0.00017150716278059656,0.0015877984464168493,0.0007888704538344983,0.00014994964003559735,0.0,-8.559762820555715,0.0,3.0,1.0,1.0231514950359846,0.007231662049889599,3.0,0.13333333333333333,0.027960993318897894,-0.6290736942832507,-8.52059474864834e-05,0.02065461540078368,-26.124197396103014,-6.946381613120123,0.38031682988157,22.325415410296024,3.0,0.16666666666666666,0.0,4.381427745703898,-0.607090723939102,0.0778492037881848,0.1171357963138634,6.707362726351859e-06,0.019708016887307306,0.01978460251972953,0.022914057012397685,1.9360464161316067,0.010806250589231575,0.00013983676173195557,0.0,6.964577157232701e-08,0.0013836898033332545,3.0,2.4015783300802416e-09,14.437995028018202,7.086862751748413e-05,4.768842366805378e-05,4.53850598205463e-05,4.128953878534958e-05,6.8804045763149394e-06,4.7339967133775567e-11,0.0,29.000000000383075,0.18333333333333335,4.58272595344831e-05,15.0,131243.7771014638,1.0,0.06666666666666667,0.0,4.572640209516976e-05,0.0,0.0,3.7256409748145147e-06,3.579791631061024,0.3333333333333333,0.5418321530364562,0.3,20.81041619064373,0.0,4.717511557938645e-06,2.320644727723416e-06,-2.807075737831022e-07,1.783230420022099e-06,6.482458213047905e-07,-3.3232172427233444e-07,0.0,0.8065377348457342,0.0,1.0,1.0,1.0077979980756149,2.957908873213455e-05,1.0,0.3,4.818221372122256e-05,2.080248830227289,-3.6417747553828e-08,0.0428851160659707,-10.23997479461393,-0.012609602057372797,0.6653140191892261,10.396711589640839,4.0,0.3,0.0,2.812641372189964,-0.5482452810018422,0.10291882160736048,0.4711586536765293,1.01461505784757e-10,6.729869710397907e-05,3.3719838861398476e-05,4.008741586895872e-05,1.987404210582853,1.9828290508553466e-05,4.6163766367583574e-10,0.0,2.475346622238787e-06,0.007566445961763559,3.0,8.535678007719955e-08,12.200234289785811,0.0006200697389431,0.0002558459147863604,0.00024092816374825,7.899302545411047e-06,0.0001305925800409679,1.705442196175661e-08,0.0,29.000000063449082,0.18333333333333335,0.00022989637571810002,15.0,12086.313633705297,1.0,0.06666666666666667,0.0,0.00022215895528460215,0.0,0.0,5.9525540336849994e-05,1.1289738466094512,0.3333333333333333,0.5423160182558662,0.26666666666666666,4.67051040519929,0.0,8.723314888722232e-05,4.61367957290443e-05,5.813636537285967e-06,3.3669848562599994e-05,5.6116414271000035e-06,-5.6116414271000035e-06,0.0,-39.305200979467465,0.0,2.0,0.0,1.0155139003180247,0.0006121704363976889,2.0,0.16666666666666669,0.0002872482446850219,0.8483005990094106,-1.4228940983926573e-06,0.059220703699969734,-3.2647740199434354,-0.0903638313433558,0.5216778803259723,8.022726916377707,5.0,0.26666666666666666,0.0,2.2195969899717207,-0.5050040196177272,0.0952458648529268,0.2511794059920207,2.7638775035864015e-08,0.0013379670761422848,0.0001896365387111715,0.00032195454640367697,2.0742267822234095,0.00024209686942151885,6.353025939326895e-08,0.0
0.02353289273678135,0.8076942531391955,4.0,0.0008114790598890121,14.053917591847188,0.0315549239516258,0.027943546647826754,0.02798515968024725,0.0241723544895648,0.0018941907595176686,3.5879586334421224e-06,0.0,29.00001032983091,0.18333333333333335,0.0277812127023934,15.0,137.68369472068218,1.0,0.03333333333333333,0.0,0.029709281586110546,0.0,0.0,0.003172625228762698,-0.9725725648817467,0.36666666666666664,0.5227465622560622,0.03333333333333333,16.48638752574368,0.0,0.0016203951338927163,0.0007465728269568866,6.501914869094818e-05,0.0016619810834526995,0.0007888704538346024,0.00014994964003560082,0.0,-2.010554430888329,0.0,4.0,0.0,1.0269420419920037,0.007382569462060999,3.0,0.13333333333333333,0.02800767319669222,-0.14097393464175723,-8.445161114722191e-05,0.011459266693522274,-33.96253684875071,-7.035144075354118,0.2697394412272659,41.731836040282126,4.0,0.03333333333333333,0.0,5.9202062670305775,-0.6314313528700881,0.051687460491772245,0.09856866650641194,6.155610530304751e-06,0.02165061198174971,0.019767990657400782,0.023338803704556592,1.9697706271258943,0.011019754220189028,0.00013097828821458457,0.0,6.763681048994253e-08,0.0013608349937633398,3.0,2.332303809998018e-09,13.949220658280607,7.086862751748413e-05,4.694461261268855e-05,4.437635083873333e-05,4.128953878534958e-05,7.124864652002536e-06,5.0763696309355224e-11,0.0,29.000000000395172,0.18333333333333335,4.4484680455008694e-05,15.0,125380.50817442611,1.0,0.03333333333333333,0.0,4.2768493221956307e-05,0.0,0.0,3.4161574149038616e-06,3.588517174991402,0.3333333333333333,0.5016211359603775,0.3,11.502416096813903,0.0,4.923532135588258e-06,2.3994354295236323e-06,2.0500805003051765e-07,1.7574096339310273e-06,3.323217242723412e-07,-3.3232172427232766e-07,0.0,3.198137844582741,0.0,2.0,1.0,1.0116659682741571,2.957908873213455e-05,1.0,0.3333333333333333,4.748221087591384e-05,2.1248474251476304,-1.529371540550358e-07,0.04278069695607018,-9.779041194336719,-0.01254518933840809,0.6655069434269589,10.390077646518849,3.0,0.3,0.0,2.805621420492689,-0.5485216845280495,0.10182270612023228,0.334437259522796,1.0957973191071619e-10,6.958362745618533e-05,3.3060514515313206e-05,3.99888848687971e-05,1.9751304139833195,2.106094591226966e-05,5.113691861314241e-10,0.0,2.2200487928971895e-06,0.0071001635306572495,3.0,7.655340665162723e-08,8.329282641847055,0.0006200697389431,0.00024738841330388,0.00022409323946695,0.0001103609174606,0.00011313973392621612,1.2800599392894978e-08,0.0,29.000000041194784,0.18333333333333335,0.000216958987039,15.0,7425.0408205784615,1.0,0.1,0.0,0.000237788122831225,0.0,0.0,6.782282434875e-05,3.269087494985108,0.36666666666666664,0.47359821623617665,0.36666666666666664,0.7515604873257414,0.0,7.200587431091334e-05,3.0323565651589656e-05,-1.4560548344727588e-05,3.399449815334999e-05,5.6116414271000035e-06,-5.6116414271000035e-06,0.03333333333333333,7.415186255453759,0.0,1.0,0.0,1.0116659682741571,0.0005097088214825,2.0,0.2,0.0002720323995959053,1.9198851681108566,-9.253093050202642e-06,0.0869992307983001,-2.929684926130635,-0.08063165531364933,0.7349959633768437,4.721757166268359,2.0,0.36666666666666664,0.0,1.5502521594742102,-0.431472624357441,0.12212228437965074,0.3549556378258786,7.001244026380706e-09,0.0008793834038961,0.00017473912741867602,0.0002546152276883106,2.051583896354338,0.00017071731631481912,3.0118406509830404e-08,0.0
0.025099698606062353,0.8325645737970848,5.0,0.0008655068484849087,15.697275533430142,0.0360981523990631,0.028758059131602367,0.02798515968024725,0.0241723544895648,0.0031033296933036325,9.630655185340019e-06,0.0,29.00001919294278,0.18333333333333335,0.028671243414282697,15.0,114.31697220982902,1.0,0.03333333333333333,0.0,0.027153803966939373,0.0,0.0,0.003914613462984551,-0.4460247653782665,0.3333333333333333,0.5366618783152793,0.1,13.876582460883991,0.0,0.002547919257647481,0.0010583912803866454,2.9848357555506937e-05,0.0019072970375418503,0.0008076041936875,0.0002179108560085019,0.0,-0.3419922879813993,0.0,4.0,0.0,1.0307143207389022,0.011925797909498305,4.0,0.13333333333333333,0.02892501720314231,0.7245745537935385,0.00022032250991055904,0.01560060158798514,-20.93174246159491,-7.499536717168476,0.2730047028557676,35.68751412117941,3.0,0.1,0.0,5.45989488645348,-0.6204689957965099,0.06040635744233434,0.07715572230356305,2.0093717649657957e-05,0.030693347131212717,0.020451032795623308,0.024856145894557244,1.9917001987239225,0.012727910301171408,0.00017636783890989994,0.0,7.475246501581461e-08,0.0014313215706351914,3.0,2.577671207441883e-09,13.968826478517519,7.086862751748413e-05,4.9314547646241e-05,4.571738154481863e-05,4.229065962135792e-05,7.734612098037799e-06,5.982422430711267e-11,0.0,29.000000000442068,0.18333333333333335,4.948586501996033e-05,15.0,44658.692264130994,1.0,0.03333333333333333,0.0,4.371955801616423e-05,0.0,0.0,1.007344214182618e-05,0.4908909225587159,0.36666666666666664,0.5429308701622662,0.3,10.270136294028065,0.0,6.351274554348222e-06,2.980491246134257e-06,-2.0926732947279176e-07,3.00533083645859e-06,3.323217242723412e-07,-3.323217242723209e-07,0.0,-11.377466061753443,0.0,1.0,0.0,1.0116659682741571,2.857796789612621e-05,2.0,0.1,4.991742014427916e-05,1.2410608025106171,-1.4963545947765525e-07,0.041462458676212365,-10.198333494192902,-0.013123911480334812,0.5739935348901746,10.751246213655518,4.0,0.3,0.0,2.8544739403587305,-0.5520111387982614,0.10017181748101447,0.27692725464843404,1.172185482210401e-10,8.643424613789345e-05,3.556944420635499e-05,4.442280675922968e-05,2.0263458329436106,2.2833567377806155e-05,5.853541755230473e-10,0.0,1.1205230136169784e-06,0.005253324516158943,7.0,3.8638724607482015e-08,9.708816685165425,0.0002600901061668,0.00018156015054644645,0.00019603503233145,2.8145786927780136e-05,6.623200777658535e-05,4.386678854117662e-09,0.0,29.000000004141867,0.18333333333333335,0.0001770474509612,15.0,6364.320703352966,1.0,0.03333333333333333,0.0,0.000248492890204849,0.0,0.0,9.9806196658375e-05,-0.5669927315447354,0.3333333333333333,0.49922957600854573,0.3333333333333333,8.01223447129159,0.0,5.488805527419096e-05,1.2075400922308269e-05,-4.593800409127586e-06,5.0504772843900004e-05,5.6116414271000035e-06,-5.6116414271000035e-06,0.0,-3.3386788748263263,0.0,1.0,0.0,1.0077979980756149,0.00023194431923901986,1.0,0.06666666666666668,0.00019326346556078813,-0.7024141474311651,-6.99320564199076e-06,0.050853074320809266,-5.196675747144388,-0.05564039085457489,0.3604725264858062,9.554626014662352,1.0,0.3333333333333333,0.0,2.6914914069394666,-0.5271536267978578,0.10881158552619491,0.06565523840265153,8.08491078501041e-09,0.00035018662674693977,0.00012847155162863568,0.00019065350002631196,1.9641335296527216,0.00013839623214508643,2.3748040808787677e-08,0.0
0.02515439619940522,0.837430962733922,5.0,0.0008673929723932834,15.415304371040461,0.0360981523990631,0.028784766271710317,0.02832140587270255,0.0241723544895648,0.00314914337503319,9.91710399651543e-06,0.0,29.000022881012445,0.18333333333333335,0.028652509674429796,15.0,116.69188976768204,1.0,0.03333333333333333,0.0,0.025961224175989544,0.0,0.0,0.004022025596350402,-0.5807967863585142,0.3333333333333333,0.5457767127041254,0.1,19.709250304988043,0.0,0.0025979386468728536,0.0011658756768909042,-3.3320114016531005e-05,0.0021131451552112504,0.0010193797449271,0.0007888704538344983,0.0,1.5700057477148903,0.0,4.0,1.0,1.0307143207389022,0.011925797909498305,4.0,0.1,0.02895651694029355,0.6414011959171495,0.0001791130793638321,0.01704898324105391,-20.167915536415343,-7.500765097680379,0.284879479953433,32.149928812347945,5.0,0.1,0.0,5.153844500142404,-0.6166350443619161,0.06368407127938304,0.08294525604586367,1.9161011904955447e-05,0.033810394629836225,0.02046504204165851,0.024008028577250335,1.9474673010747,0.012020296864168747,0.00018223220217454143,0.0,7.023089817139295e-08,0.0013944394940401915,3.0,2.4217551093583776e-09,15.639475280482213,6.275401392485946e-05,4.805211698333027e-05,4.53850598205463e-05,4.229065962135792e-05,5.6589745066376295e-06,3.20239924667746e-11,0.0,29.000000000199318,0.18333333333333335,4.8176400576432404e-05,15.0,47554.71393220485,1.0,0.03333333333333333,0.0,4.331382733653299e-05,0.0,0.0,8.275429709928255e-06,-0.27566360708308624,0.3333333333333333,0.5278485717400004,0.23333333333333334,13.497775840950112,0.0,4.84391007216111e-06,2.2796803245468353e-06,1.0846860531270872e-07,2.7934065656154417e-06,1.6279138270130532e-06,-3.3232172427233444e-07,0.0,0.046126680528911855,0.0,2.0,1.0,1.0155139003180247,2.0463354303501546e-05,2.0,0.13333333333333333,4.838419100332702e-05,0.9027280540247784,3.621281410888626e-07,0.029987570470822428,-13.996992632764858,-0.012590002930731772,0.5678326284115778,15.815001579161393,2.0,0.23333333333333334,0.0,3.545729304028898,-0.5823858428713525,0.08546136660583432,0.2708766442239213,6.897264548370277e-11,6.611072941185823e-05,3.40153127663106e-05,4.047344129872896e-05,1.9861784039912709,2.0247788805494106e-05,4.6513751212513544e-10,0.0,8.338819860675844e-07,0.004532446026585043,6.0,2.8754551243709806e-08,11.134584019091816,0.0002381223430347,0.00015763183846493977,0.0001684292175619,2.8145786927780136e-05,5.429797145765168e-05,2.9482697044159563e-09,0.0,29.000000005894172,0.18333333333333335,0.0001571786483509,15.0,9206.942546102586,1.0,0.03333333333333333,0.0,0.00018562820400797004,0.0,0.0,7.788737343614999e-05,-0.45025534881525875,0.36666666666666664,0.48387916550705934,0.26666666666666666,18.93027697688185,0.0,4.5005278595128284e-05,1.576739069950137e-05,-2.8698769428655163e-06,3.8791300084999996e-05,9.759100066700002e-06,-5.6116414271000035e-06,0.0,-1.4642996586985892,0.0,2.0,0.0,1.0155139003180247,0.00020997655610691986,2.0,0.13333333333333333,0.00016672152291246866,-0.5833146205425802,-3.7173959937779214e-06,0.046295602459287676,-5.668840157370381,-0.04794910003470221,0.2982861628865924,9.966820019247791,5.0,0.26666666666666666,0.0,2.6663644574232634,-0.5392175229018855,0.09692942040538592,0.05050286269872051,5.3592935894844014e-09,0.00045725433028553973,0.00011224659051388499,0.000174261696368871,2.0766969322997104,0.00012789206795197334,1.8206192952057733e-08,0.0
0.025608433153215756,0.8394376117736084,4.0,0.0008830494190764054,14.189431427594506,0.0360981523990631,0.029007965599497094,0.028672594949603,0.0225420724600553,0.0034860249882808156,1.2152370218918261e-05,0.0,29.000043164523166,0.18333333333333335,0.028932456734279702,15.0,126.2303352311368,1.0,0.03333333333333333,0.0,0.02864230843260881,0.0,0.0,0.004755100111166647,-0.8018231481569993,0.36666666666666664,0.5072076512129976,0.23333333333333334,16.408628144688528,0.0,0.002873243974314802,0.0014845419032820416,0.00023955309699322068,0.0025337892274061996,0.0015144094824790996,0.0008148029446602006,0.0,1.450141824632406,0.0,4.0,1.0,1.0307143207389022,0.013556079939007804,4.0,0.13333333333333333,0.029216680825181446,0.18172682826182376,-6.796070749909141e-05,0.029116754666104496,-14.000660003507493,-7.625572382378641,0.5370102833806241,16.213125784893627,4.0,0.23333333333333334,0.0,3.606975534481921,-0.5846909435308999,0.08443153148379415,0.22918408395160972,2.406876839837681e-05,0.04305171519517921,0.020226276035478108,0.023746548531511945,1.9438561636708145,0.011683575975721502,0.00017179851584596544,0.0,7.163183716662532e-08,0.0013983137157993044,2.0,2.470063350573287e-09,14.87370387310186,6.449561624322087e-05,4.840580027424343e-05,4.6726113445898095e-05,3.892932727467269e-05,6.67880268942219e-06,4.4606405364233086e-11,0.0,29.0000000005337,0.18333333333333335,4.855006336583756e-05,15.0,44888.885035977444,1.0,0.03333333333333333,0.0,4.276427061995491e-05,0.0,0.0,1.0476830258002417e-05,-0.37520079880576374,0.4,0.48805789036328767,0.4,8.29043238330353,0.0,5.633617837362421e-06,3.417870664571669e-06,7.334706079463698e-07,4.1344601909672335e-06,1.62791382701306e-06,-1.6279138270130532e-06,0.0,9.000932527522517,0.0,3.0,1.0,1.0193422593784203,2.556628896854818e-05,2.0,0.3333333333333333,4.886438279109005e-05,0.7594569314532754,1.0974809901872708e-07,0.055969296653800925,-9.767099911008808,-0.012202344671261064,0.767242793225215,7.180169025615394,5.0,0.4,0.0,2.3035869588151057,-0.513610685328174,0.12367377870898569,0.45514917795739307,6.879393088113538e-11,9.91182492725784e-05,3.3902036815865435e-05,3.937145024651034e-05,1.9514775582218047,1.8708757662345015e-05,4.5050903022159533e-10,0.0,5.808291123785804e-07,0.0038198626540764473,3.0,2.0028590082020012e-08,12.370423151338061,0.000198840853045,0.00013213416321168395,0.00013458257550755,2.8145786927780136e-05,4.3606574331944656e-05,1.9015333249674144e-09,0.0,29.000000006160317,0.18333333333333335,0.00013293895941987103,15.0,7453.868180946574,1.0,0.06666666666666667,0.0,0.00010495856668052907,0.0,0.0,6.677878726192502e-05,-0.5935603902477329,0.36666666666666664,0.5107651372242978,0.3333333333333333,12.444499514096686,0.0,3.642500808413045e-05,1.6783416909644982e-05,-3.7709386738571704e-06,3.485035085757726e-05,1.1179877522700008e-05,-9.759100066800006e-06,0.0,-11.471528985847053,0.0,3.0,1.0,1.0193422593784203,0.00017069506611721986,2.0,0.16666666666666669,0.00013914370417887886,-0.3802405008161912,-1.735814736853313e-06,0.06204317906004529,-4.9186005263414225,-0.03955285915796553,0.5052324269547595,7.334188226781501,5.0,0.3333333333333333,0.0,2.199125396151552,-0.49753276131164487,0.11259731709865409,0.4847934851302407,3.1895916086871005e-09,0.0004867190903797045,9.663772999093829e-05,0.0001384859740790394,2.0794793899897264,8.61465381078093e-05,8.754528347977938e-09,0.0
0.026815068835854158,0.8619351549243364,4.0,0.0009246575460639364,13.788815109594903,0.0360981523990631,0.029708459521784854,0.0301088171249085,0.0225420724600553,0.0033530673575512915,1.1243060704276e-05,0.0,29.00004239511983,0.18333333333333335,0.02899595877776535,15.0,165.08084695212824,1.0,0.03333333333333333,0.0,0.02999791642650959,0.0,0.0,0.0031019164672630266,-0.46040941746342323,0.36666666666666664,0.5460341721953562,0.13333333333333333,16.55556132199182,0.0,0.0026194524659652963,0.0014041270395057834,-4.978508551292766e-05,0.0015803727913987,0.0015144094824790996,-0.0005267909304661998,0.0,-6.97968633567827,0.0,3.0,0.0,1.0269420419920037,0.013556079939007804,4.0,0.13333333333333333,0.029897083935758774,-0.3267368606891269,-0.0001391828419280864,0.020982976034269855,-16.79864596447059,-7.828910323004238,0.4660276098777103,24.784964880442104,5.0,0.13333333333333333,0.0,4.439876411547678,-0.6062215340269328,0.0680563975970972,0.22909768961563282,2.3733148169319524e-05,0.04071968414566772,0.02135754778989453,0.026040857395157872,2.0087309607728687,0.013146702194548736,0.00019144764445426602,0.0,8.226901956051568e-08,0.0015078392601108961,2.0,2.8368627434660583e-09,14.805327302109365,6.449561624322087e-05,5.1911244923813325e-05,5.2282741307863034e-05,3.892932727467269e-05,6.893714708127605e-06,4.752330247705487e-11,0.0,29.00000000053533,0.18333333333333335,5.139297178230305e-05,15.0,57162.21270808724,1.0,0.03333333333333333,0.0,5.554741510422901e-05,0.0,0.0,1.0154101685409182e-05,-0.9428402934010118,0.36666666666666664,0.536997290264237,0.3333333333333333,7.727994278484034,0.0,5.849476352762055e-06,3.654277273749372e-06,2.1481083596174872e-07,5.318282340092331e-06,1.6975387883245576e-06,-1.62791382701306e-06,0.0,-3.6762198568705906,0.0,2.0,0.0,1.0193422593784203,2.556628896854818e-05,3.0,0.4,5.2366980550889026e-05,-0.029918307907528918,9.367815740217536e-08,0.04262203690650345,-11.02600201671321,-0.013524442848110515,0.7026823390981538,10.43732835461642,5.0,0.3333333333333333,0.0,2.80702424026173,-0.5489416670121967,0.10275889114795145,0.5165649831902779,1.0170634625517036e-10,0.00010597404093873179,3.713920518884272e-05,4.514060488328896e-05,2.0215607309013786,2.2287575277133488e-05,5.378721593061599e-10,0.0,4.12857951219318e-07,0.0032435851505078924,3.0,1.4236481076528206e-08,14.051236548224821,0.0001884355442598,0.00011210147980207141,0.00010552866418335,2.8145786927780136e-05,3.457151910889039e-05,1.1951899334963737e-09,0.0,29.000000005700045,0.18333333333333335,0.00011362479623732103,15.0,7965.93625223549,1.0,0.03333333333333333,0.0,0.00010027617772718907,0.0,0.0,4.2371437302750263e-05,0.1456864881427804,0.36666666666666664,0.5205405321468483,0.26666666666666666,16.212435908576314,0.0,2.710662942260287e-05,1.5079761825519395e-05,-1.2625322356724138e-06,1.6878525154059653e-05,1.1179877522699995e-05,-9.759100066700002e-06,0.0,11.387247740181529,0.0,3.0,1.0,1.0193422593784203,0.00016028975733201986,2.0,0.16666666666666666,0.00011731125993403446,0.09312274624714788,-6.035465760791159e-08,0.04870178895405704,-5.528646236132314,-0.03416103265865712,0.52767435567729,9.130139569577889,4.0,0.26666666666666666,0.0,2.484080534401592,-0.532848205709849,0.09466340250117042,0.2143874009232356,2.5017134355483303e-09,0.0004373130929400625,7.682519757363684e-05,0.00010811126883144984,1.99727620230354,7.324189884420862e-05,6.449648990859669e-09,0.0
0.02405237428372403,0.8163907735918934,3.0,0.0008293922166801389,14.199456158782343,0.0342748761177063,0.028184369749699942,0.0286131209101188,0.0225420724600553,0.002717924073565467,7.387111269666703e-06,0.0,29.000034146903406,0.18333333333333335,0.02814046107232565,15.0,158.1905240084138,1.0,0.06666666666666667,0.0,0.028995114471763346,0.0,0.0,0.004224678300405776,-0.5069377357992582,0.3333333333333333,0.5399226099193689,0.2,19.973452145540154,0.0,0.00226456168549831,0.0011406852489059002,-0.00021349729691771382,0.002043835113220151,0.0008148029446602006,-0.0005267909304661998,0.0,-0.5252546064646335,0.0,3.0,1.0,1.0193422593784203,0.011732803657651,2.0,0.2,0.028315116271304053,-0.039370219211949484,-5.370197385345305e-05,0.025689828656772974,-17.575907819637443,-7.24336960587975,0.5192483659579917,17.3377327365389,7.0,0.2,0.0,3.7227027831872737,-0.5937622182614833,0.07769070794965496,0.6679769255456843,1.4105558175859999e-05,0.033079872218271106,0.020027552281098388,0.023474927674652882,1.9834983103273314,0.011011867228895956,0.00013474065451859817,0.0,7.819735088251317e-08,0.0014702072455596254,2.0,2.6964603752590748e-09,14.765355000952889,6.449561624322087e-05,5.064710613320738e-05,4.97736389992166e-05,3.892932727467269e-05,6.438090018170592e-06,4.1449003082067816e-11,0.0,29.000000000467704,0.18333333333333335,5.054420238814077e-05,15.0,49136.86595386641,1.0,0.06666666666666667,0.0,4.787752841366455e-05,0.0,0.0,8.849703755748287e-06,-0.5715507269496753,0.36666666666666664,0.5339298075883728,0.3333333333333333,18.782129305501044,0.0,5.252678972384376e-06,2.9734029664106705e-06,1.1838259859192557e-07,4.434700465274297e-06,1.6975387883245576e-06,-1.62791382701306e-06,0.0,-4.25908560653001,0.0,3.0,1.0,1.0193422593784203,2.556628896854818e-05,2.0,0.3666666666666667,5.105466053897958e-05,0.31720455201624337,9.552382113293407e-08,0.04297544197266576,-11.418289649187388,-0.013076371160343554,0.6962673405944398,10.20380449310739,5.0,0.3333333333333333,0.0,2.7934819745460193,-0.5480061830135319,0.10522523403126555,0.5867763362570801,8.514422416619352e-11,8.622868602590945e-05,3.6088975561917915e-05,4.283486151315979e-05,1.9865249801747935,2.1033788030377355e-05,4.975268707681276e-10,0.0,4.38164603867661e-07,0.00341350829694195,5.0,1.5109124271298654e-08,12.12436990797689,0.0001884355442598,0.00011794111681706164,0.0001096961265526,8.781664655543864e-05,2.6370054219377594e-05,6.953797595329141e-10,0.0,29.000000002246264,0.18333333333333335,0.00011639028283142785,15.0,14382.327838756544,1.0,0.03333333333333333,0.0,9.28475914406567e-05,0.0,0.0,3.200081270422528e-05,0.40623306223605216,0.3333333333333333,0.5289752392352087,0.23333333333333334,15.638120161357216,0.0,2.1168618372425542e-05,7.961331244452508e-06,-8.209508137241385e-07,1.2711062784792618e-05,1.6669849477034422e-06,1.6669849477e-06,0.0,-10.673810919311848,0.0,2.0,0.0,1.0116659682741571,0.00010061889770436136,1.0,0.1,0.00012085316212490552,1.1518814038860974,-1.7664830497495977e-06,0.03515588920934332,-8.249169910372208,-0.0338733654098929,0.4255065280662586,13.042446322177,2.0,0.23333333333333334,0.0,3.0781064214394505,-0.5687049991517382,0.08254945265566464,0.11051968566383641,1.5082325118991571e-09,0.00023087860608912275,8.491754571501479e-05,0.00011374070051979707,2.0225203362568003,7.076459835181085e-05,5.625367467954694e-09,0.0
0.02286693253100592,0.7960553992539621,3.0,0.0007885149148622731,14.482917022523619,0.0342748761177063,0.027484925221651715,0.0269540453216794,0.0225420724600553,0.0026095919081491584,6.809969927077564e-06,0.0,29.00003205557252,0.18333333333333335,0.0277206545695662,15.0,112.01612803002291,1.0,0.03333333333333333,0.0,0.025475273374468047,0.0,0.0,0.003545611811039774,-0.08666474741707875,0.36666666666666664,0.5201678007210795,0.13333333333333333,12.080585826432431,0.0,0.002126731414122102,0.0010477965890333587,9.103917099278615e-05,0.0014839316125619985,0.0005267909304663004,-0.0005267909304661998,0.0,7.387227602951696,0.0,3.0,0.0,1.0193422593784203,0.011732803657651,2.0,0.16666666666666666,0.02760853281807753,0.5071457714506118,5.580564525045826e-06,0.0202003438308417,-18.59977074969653,-7.158495564728581,0.5622906393900227,22.14680605791762,3.0,0.13333333333333333,0.0,4.2108005001796425,-0.6082932075065954,0.06524059097388009,0.3555230736797088,1.3561548967217681e-05,0.030386101081967404,0.019313475807448008,0.022474943525068587,1.9416745581422548,0.010764880326437158,0.00013983062504372099,0.0,7.656656536298059e-08,0.0014576669793355409,3.0,2.640226391826917e-09,14.27658394120161,6.449561624322087e-05,5.0098619176148505e-05,4.922016054148447e-05,3.892932727467269e-05,6.507472787183344e-06,4.234720207593176e-11,0.0,29.000000000378936,0.18333333333333335,4.9067709617454305e-05,15.0,73428.96203769921,1.0,0.06666666666666667,0.0,5.0434157310519366e-05,0.0,0.0,8.050369807609637e-06,-0.41899637487099106,0.3333333333333333,0.5394571045192733,0.3,9.91628080464725,0.0,5.1780022833481044e-06,2.696488137306485e-06,-3.47112283782744e-07,3.590717857481318e-06,1.6975387883245643e-06,-1.6975387883245576e-06,0.0,8.650917027849053,0.0,2.0,0.0,1.0155139003180247,2.556628896854818e-05,2.0,0.3,5.0519489758237724e-05,0.4080139856116264,-5.961843364029314e-08,0.042477938101728695,-10.937131259333935,-0.013077437654683657,0.722138455003565,10.449287390370337,4.0,0.3,0.0,2.827229188045248,-0.5493231050248358,0.10389740869076722,0.421065239224408,8.347479372021399e-11,7.819815598188806e-05,3.5635181237436564e-05,4.180541423191427e-05,1.966707500480649,2.0381083957068616e-05,5.043838786953287e-10,0.0,4.034670183988848e-07,0.003275761645149016,2.0,1.3912655806858096e-08,14.240959896897698,0.0001858690811786,0.00011343464252090844,0.00010698697345395,8.781664655543864e-05,2.4113948027020975e-05,5.814824894498687e-10,0.0,29.00000000572622,0.18333333333333335,0.00010792043273487614,15.0,24995.226696051268,1.0,0.03333333333333333,0.0,9.27192682865967e-05,0.0,0.0,2.083731184626847e-05,1.278576647815746,0.36666666666666664,0.4958651094011744,0.3333333333333333,5.926812217985856,0.0,1.802764848062103e-05,9.437971955808523e-06,-2.6757350852456715e-06,1.0835402160072158e-05,1.6669849477034151e-06,1.6669849477e-06,0.0,8.214303625271208,0.0,1.0,0.0,1.0077979980756149,9.805243462316136e-05,1.0,0.06666666666666667,0.00011596939515793018,1.4063694037367442,-2.0448584476642838e-07,0.06231110786812214,-6.599035159970832,-0.030818755209682944,0.7274043324401188,4.826153193901958,1.0,0.3333333333333333,0.0,1.749556242520874,-0.4968235379961473,0.11407442617016803,0.25698382871381675,7.792289525091807e-10,0.0002737011867184472,8.086375305903401e-05,0.00010262618131068222,2.0318821210593287,5.402160080195472e-05,3.1939448739790194e-09,0.0
0.0248249481450253,0.8304687198251461,5.0,0.0008560326946560449,14.155096395414159,0.0342748761177063,0.028668469345817873,0.028621216897259952,0.0251957420259714,0.0023700499717819816,5.6171368687437715e-06,0.0,29.00004441270454,0.18333333333333335,0.02839284534142765,15.0,158.1905240084138,1.0,0.03333333333333333,0.0,0.025649698730558144,0.0,0.0,0.0042208419604734745,-0.6700213162689459,0.3333333333333333,0.5340353948381454,0.2,14.50177303079647,0.0,0.0020105523522002547,0.0012717749923467692,-6.48050858028999e-05,0.0021071637218648496,0.0005267909304663004,-0.0005267909304661998,0.0,-4.1115333655657285,0.0,3.0,0.0,1.0269420419920037,0.0090791340917349,4.0,0.16666666666666666,0.02876626968344772,0.4622755233030127,-6.47416923983815e-05,0.022499770983685063,-20.851199711175568,-7.281814053051108,0.4975152257762875,18.003703011237523,3.0,0.2,0.0,3.808566943648466,-0.6022064885725984,0.07337511416692788,0.16928280900986636,9.014247874788478e-06,0.03688147477805631,0.02041330980129092,0.024347290237695107,1.9884277397105756,0.011575397715527451,0.0001445629036034623,0.0,7.594195205711852e-08,0.0014320337450044462,4.0,2.6186880019696043e-09,13.072083350163798,6.919403676874936e-05,4.953651423420524e-05,4.922016054148447e-05,3.182013824698515e-05,8.805234774174502e-06,7.75321594283319e-11,0.0,29.000000000895177,0.18333333333333335,4.813319506783128e-05,15.0,49090.67993408376,1.0,0.03333333333333333,0.0,4.863839258177905e-05,0.0,0.0,1.0560253072485047e-05,-0.38856662193436575,0.36666666666666664,0.5082999313331554,0.43333333333333335,2.3143384197774117,0.0,6.960587742827502e-06,4.405222516025192e-06,1.0436106722095403e-06,5.625553058052898e-06,1.6999321815092144e-06,-1.6975387883245576e-06,0.0,-17.514925213178554,0.0,3.0,1.0,1.0231514950359846,3.7373898521764204e-05,3.0,0.1,5.0313004302108126e-05,0.11449304216609618,-5.08534836389766e-07,0.064854441460139,-8.394367842803758,-0.012409275133614788,0.664944909176965,5.541337074901334,2.0,0.43333333333333335,0.0,2.027431608946754,-0.4900911843702203,0.1376434057342084,0.3441706778834205,1.0487713823823715e-10,0.00012775145296473056,3.477783109028943e-05,4.24073799600113e-05,1.9869027521451148,2.1922656900418905e-05,5.214013069650278e-10,0.0,4.5541225912284923e-07,0.0031298868343563467,1.0,1.570387100423618e-08,18.77474534149576,0.0003572485875338,0.00011174731504669887,0.00010031903366318125,6.03126100031659e-05,5.189360478211293e-05,2.692946217282134e-09,0.0,29.000000028889037,0.18333333333333335,0.00010115252613701931,15.0,21424.480025301564,1.0,0.1,0.0,0.00010485300663276101,0.0,0.0,2.2504296793907105e-05,13.934496356391637,0.3333333333333333,0.41467499751091963,0.4666666666666667,1.0828460844323315,0.0,2.7721057865847264e-05,1.794982356307688e-05,9.290756585460736e-06,1.1337482040522465e-05,1.6669849477034151e-06,1.6669849477e-06,0.06666666666666667,-10.960760759774075,0.0,1.0,0.0,1.0077979980756149,0.0002969359775306341,1.0,0.3666666666666667,0.00012320880097390895,3.563784355190573,1.9060547538838526e-06,0.13494582649781964,-2.5654574125682372,-0.029108738918627454,0.8882535173071064,2.397521600150188,4.0,0.4666666666666667,0.0,0.8588510491751529,-0.3045551651528304,0.15869956834575433,0.6444976568383101,1.4366658565602316e-09,0.0005205448833292295,7.215249296418471e-05,9.442340160502433e-05,2.0269341631910747,5.048314472684704e-05,2.8078633867032504e-09,0.0
0.024609985935028795,0.8265932930464072,6.0,0.0008486202046561653,15.353932942645422,0.0332054607570171,0.028559266606515036,0.028621216897259952,0.0251957420259714,0.002168214795391627,4.701155398955155e-06,0.0,29.000034488271442,0.18333333333333335,0.028460029140114702,15.0,126.9163132629031,1.0,0.03333333333333333,0.0,0.026397199835628254,0.0,0.0,0.004451233741234625,-1.152392123045404,0.36666666666666664,0.529422557401375,0.2,11.29547671256192,0.0,0.0019023294690432044,0.001054499321690176,7.318394684866557e-05,0.0021743475205519003,0.0005267909304663004,4.09078784287982e-05,0.0,1.2012923803180864,0.0,4.0,1.0,1.0269420419920037,0.008009718731045702,3.0,0.26666666666666666,0.02864145360314242,0.19414087209837277,0.00016203540776851922,0.020039733579435243,-22.285589339568766,-7.2646408023594375,0.5344449187276994,18.868653083938703,4.0,0.2,0.0,3.909527639037213,-0.6087183522897303,0.06700070524093076,0.18743027340944107,9.467853920651541e-06,0.030580480329015104,0.02016711109386897,0.023653203511980733,1.968122456644807,0.011217684552394658,0.00013850164347191228,0.0,7.725404700350576e-08,0.0014466805309480565,4.0,2.663932655293302e-09,15.333222296302413,6.919403676874936e-05,4.998784851054413e-05,5.006892993564675e-05,3.182013824698515e-05,8.737843063579756e-06,7.634990140374886e-11,0.0,29.000000000581828,0.18333333333333335,4.818392881134059e-05,15.0,51120.33789329848,1.0,0.06666666666666667,0.0,5.237578243395546e-05,0.0,0.0,8.423009094199247e-06,-0.13382859016725845,0.3333333333333333,0.5153856575381823,0.3333333333333333,15.042628530561322,0.0,6.704776221864228e-06,3.7791207866111137e-06,-9.347994103487633e-08,4.243846970811401e-06,2.5135102207838976e-06,-2.513510220783891e-06,0.0,2.029382119653051,0.0,3.0,1.0,1.0231514950359846,3.7373898521764204e-05,3.0,0.3333333333333333,5.074578701840044e-05,0.13629398988570532,2.3077637164059092e-07,0.043520341803835315,-9.050461856898433,-0.013560349019747245,0.5886342287586539,9.06094039518001,3.0,0.3333333333333333,0.0,2.621137709973947,-0.5465638011074948,0.10034459835955456,0.34932629308954444,1.661523095194283e-10,0.00010959450281172229,3.576680582056286e-05,4.5397906496956945e-05,2.0394844311905835,2.4356841350405898e-05,6.627820332414114e-10,0.0,2.072423130838742e-06,0.005649524383744368,3.0,7.146286658064627e-08,22.63515383945331,0.000764658965636,0.0001909198400728692,0.00011032094334935,5.6656095694052055e-05,0.0001806388266528215,3.26303856945081e-08,0.0,29.000000120501912,0.18333333333333335,0.00014054861167094002,15.0,5674.6027171855185,1.0,0.06666666666666667,0.0,9.205623919114945e-05,0.0,0.0,8.127538482458844e-05,2.398439085078735,0.3333333333333333,0.47887062046546963,0.3,5.959541178298261,0.0,0.00013260350479364104,5.600997368067081e-05,-1.4768774308727773e-06,2.8181788365898408e-05,7.041715434752405e-06,1.6669849477e-06,0.03333333333333333,-31.96653569303849,0.0,1.0,0.0,1.0116659682741571,0.0007080028699419479,2.0,0.13333333333333333,0.00026283221078847636,1.8839179803238812,1.0966658494406665e-05,0.07290551492307061,-1.5904733826456812,-0.08635975792547437,0.49971023945259085,8.19777985462655,4.0,0.3,0.0,2.2154338540347407,-0.46877951932128364,0.10188194290326509,0.0731670857211888,6.92429904510505e-08,0.0016242892367394535,0.00014790957820341806,0.00036704328428209727,2.118805220657812,0.0003309532086928874,1.1893933661817376e-07,0.0
0.0257567293795252,0.848125756174945,2.0,0.0008881630820525931,15.372354970266922,0.0332054607570171,0.029221106393055727,0.0297280228696763,0.0251957420259714,0.0021643907110065162,4.684587149891292e-06,0.0,29.000035981777067,0.18333333333333335,0.02852982948534185,15.0,201.87989432036417,1.0,0.03333333333333333,0.0,0.031203031074255677,0.0,0.0,0.00381241156719625,-1.0447696562281463,0.4,0.5312869160560343,0.2,4.692713830407993,0.0,0.0018524119589063911,0.0011053712257109243,0.00017267140699015168,0.00126463413859405,0.0008479872097571992,0.0001358646899462003,0.0,1.2432660852618345,0.0,4.0,0.0,1.0344687381928106,0.008009718731045702,5.0,0.3,0.02930115434559146,-0.4362041018427784,0.00017655830316502423,0.02257124567112461,-21.062610312444097,-7.412103230375649,0.66008831180913,18.788072164994496,4.0,0.2,0.0,3.8706579900242826,-0.6020172908705524,0.07314610609831516,0.3168507455644576,7.80227712594757e-06,0.0320557655456168,0.0206612848780513,0.02389361083372144,1.941166454551706,0.01121047816010564,0.00014977208526736015,0.0,9.698478369249673e-08,0.0015987237738348387,4.0,3.3443028859481633e-09,17.460422306031717,8.846867422107607e-05,5.521058214880113e-05,5.3367696870866763e-05,3.182013824698515e-05,1.3587411154215794e-05,1.8461774187370778e-10,0.0,29.000000000938225,0.18333333333333335,5.4005167233602457e-05,15.0,22189.1194914494,1.0,0.03333333333333333,0.0,5.164712583791698e-05,0.0,0.0,1.7977837663758176e-05,-0.21317907739947373,0.3333333333333333,0.5262612023846482,0.3,8.843780092667648,0.0,1.0955189968131004e-05,5.416551738008643e-06,5.77319772036254e-07,1.0408978596387893e-05,2.8127765290264506e-06,-2.5135102207838976e-06,0.0,1.1676558154459922,0.0,3.0,0.0,1.0269420419920037,5.664853597409092e-05,4.0,0.3,5.685794687713604e-05,0.47470951842309417,1.0608092903731567e-06,0.04707522046862664,-6.732986365837407,-0.015947508667003597,0.522471852627435,8.1235625086321,6.0,0.3,0.0,2.4048084563981686,-0.5371538281712824,0.09718639152279064,0.17924422019036423,3.308959375479288e-10,0.00015708000040225064,3.864445820024545e-05,5.182744722122712e-05,2.05461914230719,3.2199998079820744e-05,1.107325756220443e-09,0.0,2.5598421468326845e-06,0.006688979475558413,3.0,8.827041885629946e-08,18.686781469683492,0.000764658965636,0.00022991429143272047,0.00015746362350905,5.6656095694052055e-05,0.0001801873751295566,3.246749015607955e-08,0.0,29.000000154155295,0.18333333333333335,0.00021134889866514003,15.0,1642.5679981247918,1.0,0.03333333333333333,0.0,9.205623919114945e-05,0.0,0.0,0.00021134481661037906,1.0929554005687976,0.3333333333333333,0.48822045460214064,0.3,20.183181117118956,0.0,0.00014285678294713168,7.7638744166516e-05,6.709988386206897e-06,7.53244685255984e-05,7.070284482321994e-05,1.6669849477e-06,0.03333333333333333,-7.822100593069379,0.0,3.0,1.0,1.0269420419920037,0.0007080028699419479,4.0,0.13333333333333333,0.0002921096909742802,1.3636941636922324,9.230290272661311e-06,0.07813835970313625,-1.8803469137673117,-0.09464860748829812,0.5547864936765046,6.487214867760714,5.0,0.3,0.0,1.8680808201713253,-0.4549278713740511,0.10622700947872679,0.1488557423146386,6.672616326257584e-08,0.002251523580828964,0.00015524867238883377,0.0003694202967923158,2.1190233417199655,0.0003261456078484735,1.1395782337414932e-07,0.0
0.02685693539425216,0.8687413800507765,2.0,0.0009261012204914538,14.346956887359775,0.0332054607570171,0.02986942843223605,0.0304452339187264,0.025955406948924,0.0017459739230395576,3.048424939934143e-06,0.0,29.000047657619408,0.18333333333333335,0.029664542215565748,15.0,414.1902462131202,1.0,0.03333333333333333,0.0,0.030667941924184514,0.0,0.0,0.0020250031724572508,-0.12681010507682933,0.4,0.5464049623239577,0.2,2.5163313099256697,0.0,0.0014081718627777433,0.0013409637813938204,-2.7464188892268956e-05,0.0008203648030757991,0.0009878352284431006,0.0001358646899462003,0.0,-2.5262040351602555,0.0,5.0,0.0,1.03820568829078,0.007250053808093102,5.0,0.26666666666666666,0.029920414098210696,-0.6235218890353641,-3.1692631581360115e-05,0.023912698336835146,-23.871564553138896,-7.421416065029385,0.7980248536193624,18.113745735001896,4.0,0.2,0.0,3.8146698572980307,-0.5984663867554364,0.07835748820039178,0.5255651474850539,4.360222279916855e-06,0.03888794966042079,0.021331753292017412,0.02448336135203946,1.9437549106181786,0.011103211039370106,0.00014482450475611995,0.0,9.124325965478744e-08,0.0015310535291064298,3.0,3.1463192984409462e-09,15.398038340215656,8.846867422107607e-05,5.2662804106754874e-05,5.435145963669389e-05,2.0957133529009297e-05,1.6372875499022073e-05,2.680710521064773e-10,0.0,29.00000000286119,0.18333333333333335,5.047361749651221e-05,15.0,25572.23995645074,1.0,0.03333333333333333,0.0,3.783501870202599e-05,0.0,0.0,2.4588992394975715e-05,-0.6900692368552259,0.36666666666666664,0.4613775351396276,0.43333333333333335,7.42034410536343,0.0,1.390085885456453e-05,9.661404153027025e-06,3.9719653331899415e-07,1.2317509702240515e-05,6.144868166302331e-06,-2.513510220783891e-06,0.0,20.04327687126185,0.0,5.0,0.0,1.0344687381928106,6.751154069206677e-05,4.0,0.23333333333333334,5.5149270063101605e-05,0.16164743402638201,2.471636105606766e-07,0.08007903493589366,-4.560344644475996,-0.014785680244829642,0.6445235792046766,4.956384296822927,5.0,0.43333333333333335,0.0,1.7720530531327694,-0.44979078987557564,0.13799516943394932,0.24152869420408074,5.399006999965338e-10,0.00028018072043778375,3.723920584727079e-05,4.984642163795179e-05,1.9764338830504529,3.171000868651903e-05,1.256495040921908e-09,0.0,2.5961362592709645e-06,0.006768368346455507,3.0,8.952193997486085e-08,13.295310173050527,0.000764658965636,0.00023091997045408737,0.0001884740413515,3.6006436857860535e-05,0.00018224665306807578,3.321384255451557e-08,0.0,29.00000019645235,0.18333333333333335,0.00020712664227173536,15.0,2016.5028402914534,1.0,0.03333333333333333,0.0,7.24390632967675e-05,0.0,0.0,0.0002265240327687211,0.9376687165175839,0.36666666666666664,0.5031405812792255,0.36666666666666664,13.211979622720833,0.0,0.00014213752974076178,9.806663102011854e-05,4.393764137254208e-06,0.00011055714276145308,0.00011727005767169998,-7.041715434752405e-06,0.03333333333333333,-0.9407383834320152,0.0,5.0,1.0,1.0344687381928106,0.0007286525287781394,4.0,0.23333333333333334,0.0002941732063071553,1.2593703601794108,-6.073158865462579e-09,0.08552250949477727,-1.8366770200936082,-0.09264285692820526,0.5666579161880017,5.926352981208402,6.0,0.36666666666666664,0.0,1.830893828746774,-0.43538159251382497,0.11828647629554777,0.16849054248147288,6.887593676896602e-08,0.002843932299583438,0.00016102654069692027,0.00037053547307372577,2.117361760220577,0.00031856063321967354,1.0798682558613146e-07,0.0
0.026235916012922012,0.8568904343992455,3.0,0.0009046867590662762,13.926502227060153,0.0325087010860443,0.029528742873420263,0.0299609214998781,0.025955406948924,0.0016074445805375013,2.5838780794993832e-06,0.0,29.00002039134319,0.18333333333333335,0.02942929184064265,15.0,202.89565511448538,1.0,0.03333333333333333,0.0,0.030870377551764222,0.0,0.0,0.0025426203384995225,-0.8334355738114398,0.3333333333333333,0.5374761744353247,0.16666666666666666,8.81286173250648,0.0,0.0014122653918133858,0.000819856172491779,-0.00013173300901363444,0.001099667853365351,0.00034772294263049966,-0.0002794573083518999,0.0,-0.527411569576166,0.0,4.0,1.0,1.0307143207389022,0.006553294137120299,4.0,0.3666666666666667,0.029572462423073043,-0.37843613583962854,-0.00011528379735866758,0.021536448104667195,-26.844337872440004,-7.308621815136201,0.6743282637251021,22.064590602333027,4.0,0.16666666666666666,0.0,4.337662056029383,-0.6047564608994104,0.07973207260186382,0.2880856089123225,4.917131448623061e-06,0.023775829002261592,0.020986682100597186,0.02414483732561496,1.9492482755691798,0.010985576048693125,0.00014040267667904068,0.0,1.0356992260830697e-07,0.0016605346672804444,2.0,3.5713766416657578e-09,13.494644906408315,8.846867422107607e-05,5.681088802399851e-05,5.835182619193802e-05,2.0957133529009297e-05,1.499512439211274e-05,2.2485375553493448e-10,0.0,29.000000002991207,0.18333333333333335,5.507075348716517e-05,15.0,38924.54328327028,1.0,0.1,0.0,5.8088480909646026e-05,0.0,0.0,1.5945263606097017e-05,0.02651621950048444,0.36666666666666664,0.5366539698894498,0.4,16.243214658228453,0.0,1.1485698199803226e-05,1.0063253661240289e-05,1.2044595145010253e-07,7.97085074390495e-06,6.144868166302331e-06,-2.5135102207838976e-06,0.0,9.743897022256228,0.0,3.0,1.0,1.0269420419920037,6.751154069206677e-05,4.0,0.4,5.875653796481062e-05,-0.29873966814538083,-4.3994898228783363e-07,0.07311108383656126,-5.516478597344344,-0.015519566571976368,0.6784858377565997,5.390791563574073,5.0,0.4,0.0,1.8730998689407532,-0.4682353663149849,0.13071637752892243,0.5150814678273772,4.5427818460554986e-10,0.00029183435617596837,4.061354288619759e-05,5.256045330516512e-05,2.0671477768440893,2.9837423240457973e-05,9.52116329309345e-10,0.0,3.74569549068869e-06,0.008808878070338508,3.0,1.2916191347202378e-07,12.943527949488026,0.000764658965636,0.0003063496622416453,0.00030393568522405,3.6006436857860535e-05,0.00017608634473098564,3.1006400800719517e-08,0.0,29.000000238905496,0.18333333333333335,0.00029163225553925003,15.0,3590.07493116046,1.0,0.03333333333333333,0.0,0.00021816956905239542,0.0,0.0,0.0002127567986463,-0.014153575266798057,0.36666666666666664,0.4446296446839239,0.4666666666666667,5.67432577608834,0.0,0.00013944114041805104,0.0001136401739946911,1.5728855064010342e-05,0.00011546164387255,0.00011727005767170004,3.48182147718e-05,0.03333333333333333,-7.530193492630619,0.0,5.0,0.0,1.03820568829078,0.0007286525287781394,5.0,0.3,0.00035335041581451357,0.6432768009021316,-2.161072265239499e-06,0.10683232131198803,-2.247907668021515,-0.09989797878479598,0.683732644850328,3.6308467049214896,5.0,0.4666666666666667,0.0,1.3461132235918742,-0.3789732671153258,0.14489172683525564,0.1888930971181949,5.3893944822741764e-08,0.0032955650458460417,0.00021607933388161267,0.00038382881584113777,2.145079248368289,0.00029407547735100744,9.511375400152573e-08,0.0
0.02540853723908666,0.8409306706860643,3.0,0.0008761564565202296,13.953902622283493,0.0325087010860443,0.029039244707673727,0.02913091052323575,0.0244642328470945,0.0019166397968141877,3.6735081107319305e-06,0.0,29.00002702178633,0.18333333333333335,0.0290320832282304,15.0,168.33946399366295,1.0,0.03333333333333333,0.0,0.03130203085020183,0.0,0.0,0.0028162891976534488,-0.5158917334759563,0.3333333333333333,0.5251200602091681,0.13333333333333333,8.957808235725373,0.0,0.001592260979115965,0.0010427831832704997,-5.954049270728618e-05,0.0015053836007912508,0.0009878352284431006,-0.0002794573083520005,0.0,-0.2605545718054394,0.0,4.0,1.0,1.0344687381928106,0.008044468238949797,5.0,0.36666666666666664,0.02910242672532462,-0.39731977609363794,-0.00010699769539339482,0.018689128791124228,-26.49772867859446,-7.2798586811186645,0.5288835594993582,25.997546035390354,5.0,0.13333333333333333,0.0,4.663587592652814,-0.6122934826117301,0.07045328471176464,0.2881650662349208,7.128248262120104e-06,0.03024071231484449,0.02054375137371399,0.023992048090742926,1.9693798515771794,0.011113399700015812,0.00013431668751723706,0.0,1.15558327439144e-07,0.0016953628890924632,2.0,3.984769911694621e-09,15.502409735155103,0.0001013203436741,5.910265162171787e-05,5.835182619193802e-05,2.0957133529009297e-05,1.8942566332292893e-05,3.588208192533162e-10,0.0,29.000000004029342,0.18333333333333335,5.882923020787227e-05,15.0,30411.79788008268,1.0,0.03333333333333333,0.0,5.712057809430011e-05,0.0,0.0,2.2639514433346146e-05,-0.3407270243893348,0.4,0.48628846895241346,0.43333333333333335,7.183450049447503,0.0,1.4820015652121387e-05,1.2401036835437519e-05,1.627840283794966e-06,1.2247814993315839e-05,6.144868166302331e-06,2.519277586543467e-06,0.0,-8.181747242864624,0.0,5.0,0.0,1.0344687381928106,8.03632101450907e-05,4.0,0.43333333333333335,6.206403344910374e-05,0.23479141406718276,3.169381885259398e-07,0.08674139996279737,-4.290830491864161,-0.01644902649399433,0.7331756654589306,4.557012739895948,5.0,0.43333333333333335,0.0,1.6487569140717089,-0.4321551177455364,0.14061226842984095,0.4107317109312346,5.930007218891022e-10,0.00035963006822768804,4.1079044045747075e-05,5.653115099013478e-05,2.098089956625808,3.268729671248512e-05,1.1812804675447444e-09,0.0,2.4634732737151204e-06,0.00718804250827659,1.0,8.494735426603864e-08,17.109820521459152,0.000609680195339,0.0002501209447048263,0.00022679332323595,3.6006436857860535e-05,0.0001398402260097903,1.9555288810469233e-08,0.0,29.000000430261988,0.18333333333333335,0.00023560364570580783,15.0,2192.883602497958,1.0,0.06666666666666667,0.0,6.469012478191751e-05,0.0,0.0,0.00019799967594732497,-0.39833683704647704,0.36666666666666664,0.47740657618512,0.43333333333333335,12.628970259013602,0.0,0.00011767991656313543,0.00013612197157083041,8.091666426606895e-06,9.796462472875e-05,0.00011727005767169998,3.48182147718e-05,0.06666666666666667,17.278399405918844,0.0,8.0,0.0,1.0566413762796891,0.0005736737584811395,7.0,0.43333333333333335,0.0002865585032598126,0.434512315483999,4.110084857542153e-06,0.1313265502963072,-2.264715767408694,-0.06995863468185357,0.7862419382542021,2.2543683752545567,4.0,0.43333333333333335,0.0,0.9122520210081818,-0.31413560215683395,0.16319213070280966,0.38792908327406184,3.60019315143805e-08,0.003947537175554082,0.00018072963123498103,0.0002916894345510024,2.103095298975318,0.0002113128865671576,4.790120206336547e-08,0.0
0.02465282847044835,0.8296879253217134,2.0,0.0008500975334637361,14.197099240754321,0.0325087010860443,0.028584824892736553,0.02877918398007745,0.0240767877548933,0.002160725541695104,4.668734866533601e-06,0.0,29.000046236628368,0.18333333333333335,0.0286516033113002,15.0,150.95662932052122,1.0,0.03333333333333333,0.0,0.030400722753256545,0.0,0.0,0.003109912853688026,-0.5334737219350876,0.4,0.5327492228652027,0.23333333333333334,5.9808495468289635,0.0,0.0017765912348552296,0.0011655764259728375,-0.00024152224140214134,0.0015586608089506512,0.0009122267365455003,-0.0002794573083518999,0.0,1.1954474106559065,0.0,5.0,0.0,1.0344687381928106,0.008431913331150998,4.0,0.16666666666666669,0.028666373140230784,-0.46052187025447044,-6.0091829475466474e-05,0.03017414706146339,-18.230850238659876,-7.173921086945907,0.7978692583064616,13.806308918840527,3.0,0.23333333333333334,0.0,3.2911158786932124,-0.5818919636608322,0.08676340065483569,0.6033505097863143,6.730706966061193e-06,0.03380171635321229,0.020487649664152046,0.023968287353451016,1.976825077162217,0.011092011376190742,0.00013449791394066292,0.0,1.179145277345649e-07,0.0017147363577247744,3.0,4.066018197743617e-09,16.22296935957361,0.0001013203436741,5.954515067463643e-05,5.728170908696484e-05,2.0957133529009297e-05,1.961783089318684e-05,3.848592889536759e-10,0.0,29.00000000415063,0.18333333333333335,5.882923020787227e-05,15.0,24129.578203661877,1.0,0.03333333333333333,0.0,5.712057809430011e-05,0.0,0.0,2.4214213469028155e-05,-0.48661175525777534,0.36666666666666664,0.47683219495496365,0.43333333333333335,5.3387798284148404,0.0,1.5444779337141286e-05,1.2792537020741785e-05,-1.162104255638453e-06,1.244251434400212e-05,9.728891745896078e-06,-3.355219814693551e-06,0.0,21.74245136266065,0.0,5.0,0.0,1.0344687381928106,8.03632101450907e-05,4.0,0.3333333333333333,6.269357429449074e-05,0.2737609512642192,7.998289854466906e-07,0.0847720014075534,-4.103592776046882,-0.016993804965065074,0.722909298707811,4.708153733609949,5.0,0.43333333333333335,0.0,1.6955331378121998,-0.437368231568241,0.1394493501568888,0.2862051649523354,7.532439502534477e-10,0.00037098357360151174,4.250290302791074e-05,5.909204572711706e-05,2.0656597867208055,3.8452439448805264e-05,1.5815060181197644e-09,0.0,3.0350729716193614e-06,0.008043761289626014,3.0,1.046576886765297e-07,15.897011580370554,0.000609680195339,0.00027676754483152254,0.00029112650372545,3.6006436857860535e-05,0.00015674445821753916,2.4568825181909878e-08,0.0,29.000000436002388,0.18333333333333335,0.0002613974629639151,15.0,1706.8931371435228,1.0,0.06666666666666667,0.0,6.469012478191751e-05,0.0,0.0,0.000287237970042025,-1.158587574507419,0.36666666666666664,0.4831833337747303,0.43333333333333335,7.483119163834835,0.0,0.00013805758670462268,0.00012960331382756826,-1.1755590156975064e-05,0.00014530553744404996,9.66661318671e-05,7.915521564500025e-06,0.06666666666666667,36.14349041541764,0.0,7.0,1.0,1.0493154907686069,0.0005736737584811395,6.0,0.43333333333333335,0.00031807090255787105,0.055480867817949774,2.583234421646765e-06,0.12829845389960412,-2.1232455219856363,-0.08174380474704926,0.8287250008630862,2.493063697859355,4.0,0.43333333333333335,0.0,0.9754191941283881,-0.32215115144222434,0.15755489368944647,0.35793015447343635,4.6719896754231386e-08,0.0037584961009994797,0.00019719580176674696,0.0003090385609863663,2.107035361798807,0.0002197948230896865,5.191019478979653e-08,0.0
0.022717390278598436,0.7976073315367086,3.0,0.0007833582854689116,14.094858816169753,0.0312077868729829,0.027432405234624882,0.027597093489021,0.0240767877548933,0.0021701349412590032,4.709485663273217e-06,0.0,29.00003448490046,0.18333333333333335,0.02726908126579855,15.0,144.4300131551616,1.0,0.06666666666666667,0.0,0.02443333771079778,0.0,0.0,0.003803025798073876,-1.3481602376185153,0.36666666666666664,0.5462808055834798,0.16666666666666666,14.080855310162356,0.0,0.0019223165698349501,0.0009285626483374687,-4.0729754957662e-05,0.0019826648756861506,0.0002794573083520005,0.00024415776133540276,0.0,-2.309698063453188,0.0,3.0,1.0,1.0269420419920037,0.0071309991180896,4.0,0.3,0.0275181093576566,0.03899854386926161,-7.860593236692864e-05,0.02411543232492895,-19.692043233868386,-6.977410873474728,0.6287750991860023,19.50127263904023,5.0,0.16666666666666666,0.0,3.996313744984253,-0.5979297379634235,0.07869652390879113,0.3882501897629339,9.598698391689793e-06,0.026928316801786593,0.019469119958816623,0.022430374341064034,1.95792241691194,0.01023181052194147,0.0001272706641698232,0.0,1.2217318593122286e-07,0.0018088691685986913,3.0,4.212868480386996e-09,14.97983891538854,0.0001013203436741,6.191349293657571e-05,5.8955250763877606e-05,3.498240766930394e-05,1.546476393073467e-05,2.39158923433352e-10,0.0,29.00000000215035,0.18333333333333335,6.219127390066814e-05,15.0,72388.35503820349,1.0,0.06666666666666667,0.0,5.8200685270982556e-05,0.0,0.0,9.532506343624238e-06,0.3501901188900396,0.36666666666666664,0.5538715180089008,0.36666666666666664,21.10100364645958,0.0,1.1309853483293423e-05,8.136442092700765e-06,9.347042640879879e-07,5.052532085553845e-06,3.355219814693558e-06,1.0458829314706602e-06,0.0,-1.809629128311452,0.0,3.0,1.0,1.0231514950359846,6.633793600479606e-05,3.0,0.3,6.381566838199504e-05,0.842992474700563,2.718163526341987e-07,0.0635260302831168,-5.91276221212205,-0.01729586269314251,0.6728149218534851,6.178802835492423,5.0,0.36666666666666664,0.0,2.0501204141326803,-0.49360756689763197,0.12048842732036508,0.3896708857886033,4.662259253200543e-10,0.00023595682068832218,4.338997203476223e-05,5.604281452599055e-05,2.0286994821392335,3.258507517973148e-05,1.2550373750671295e-09,0.0,2.9986163736080404e-06,0.00823499000762047,1.0,1.034005646071738e-07,12.715005307723448,0.000609680195339,0.00028187894792298886,0.00027455069812265,5.878122101421468e-05,0.00014317170753363567,2.0498137838096912e-08,0.0,29.000000387066784,0.18333333333333335,0.00028696561639659997,15.0,1816.7778714234955,1.0,0.1,0.0,0.0001414160671629325,0.0,0.0,0.000273455965270875,-0.909501844736218,0.36666666666666664,0.4785093361093196,0.43333333333333335,14.460733649799543,0.0,0.00012241678243703034,0.00010918721354441071,5.353448770993104e-06,0.00013141424642525,3.48182147718e-05,3.0027777029299996e-05,0.03333333333333333,14.217026427468845,0.0,5.0,1.0,1.03820568829078,0.0005508989743247853,5.0,0.3666666666666667,0.00031615483409283497,0.20685302121828467,-3.962455027327868e-06,0.1215237953983542,-2.591468379834222,-0.07901112203718424,0.7388716677720252,2.580790113395641,3.0,0.43333333333333335,0.0,1.0766130971025427,-0.34008407100435656,0.1619443322972598,0.3909482782996777,4.3791320456518916e-08,0.0031664291927879103,0.00020060167343587015,0.0003050357142290344,2.101332999959325,0.0002076151101360012,4.6117707887632374e-08,0.0
0.023526688241617064,0.8054215765247724,3.0,0.0008112651117798987,14.764824155098259,0.0349013395607471,0.027848227829154932,0.02722741337493055,0.0235259719192981,0.002949431837272404,8.699148162716068e-06,0.0,29.00005523227999,0.18333333333333335,0.02756710425019255,15.0,81.85761754073489,1.0,0.06666666666666667,0.0,0.025232277065515448,0.0,0.0,0.004992498896483826,-0.789666574708427,0.3333333333333333,0.5208157401419332,0.16666666666666666,10.253836320520309,0.0,0.0025943536966763115,0.0013328716372964099,0.00015339137579517597,0.0025239362647491003,0.0009122267365455003,0.000277961205158897,0.0,2.6617833855193123,0.0,5.0,0.0,1.03820568829078,0.011375367641448999,5.0,0.3,0.028003980813220742,0.42154083701659856,3.9747595983188084e-05,0.02756950842229943,-15.320901397848502,-7.25761928396403,0.6307988415520125,17.05121792223013,5.0,0.16666666666666666,0.0,3.68951521977193,-0.5887865953527368,0.08057730598539034,0.4502428511299146,1.4365446227158765e-05,0.03865327748159589,0.019555440985124455,0.023444630541177763,1.9899005236879705,0.011518816657386778,0.0001419561759021961,0.0,1.1744874047076735e-07,0.0017523433667518177,3.0,4.049956567957495e-09,12.914651243847247,0.0001013203436741,6.00342037675172e-05,5.73823581362376e-05,2.9055809136480093e-05,1.7631006598957117e-05,3.1085239369246944e-10,0.0,29.00000000255099,0.18333333333333335,5.883605408597458e-05,15.0,45082.73567410233,1.0,0.06666666666666667,0.0,5.434839622464706e-05,0.0,0.0,1.3632102309199274e-05,-0.13468714132120585,0.36666666666666664,0.5380581681623022,0.36666666666666664,6.272523846314315,0.0,1.3187576058372593e-05,9.030213424979934e-06,-1.4545743209149396e-08,7.4665862484835075e-06,7.4348172347527065e-06,1.0458829314706602e-06,0.0,-6.759960911672021,0.0,4.0,0.0,1.0269420419920037,7.226453453761991e-05,3.0,0.2,6.256962534402971e-05,0.5354793782175755,-6.521692889280095e-07,0.06550832614541932,-5.198826028736872,-0.017306411509600148,0.5907817177873693,6.233364060652364,5.0,0.36666666666666664,0.0,2.0612933769019195,-0.48836031314447836,0.12209118765595693,0.3130129950209466,5.72306714374323e-10,0.0002618761893244181,4.3785986813864586e-05,5.858257070167749e-05,2.0041660436498145,3.659981752061076e-05,1.5367209708046745e-09,0.0,2.8812687153766e-06,0.007859306042517267,1.0,9.935409363367587e-08,12.625527944825912,0.000609680195339,0.00027131445215969563,0.00025031351742645,5.878122101421468e-05,0.00014976901736286314,2.2430758561837602e-08,0.0,29.000000555408217,0.18333333333333335,0.00028409053629724996,15.0,2081.4061573376794,1.0,0.1,0.0,0.0001414160671629325,0.0,0.0,0.000261575234162625,-0.8269202981506694,0.36666666666666664,0.40364668687613975,0.4666666666666667,9.210038486836643,0.0,0.00012769540019183715,0.00013581411722356242,-4.455619060096553e-06,0.00010902137728405002,3.449992800599999e-05,3.0027777029299996e-05,0.06666666666666667,37.42612459221584,0.0,6.0,1.0,1.0456287006262848,0.0005508989743247853,6.0,0.3,0.00030990690620338445,0.47921163786137705,-2.9606451973876624e-06,0.14401316867950295,-2.194809230170564,-0.07068537129539137,0.8341117004376389,2.1036165352582827,5.0,0.4666666666666667,0.0,0.7801773148583181,-0.2805533770248452,0.1674245899708731,0.5018770668525638,3.8065975251126787e-08,0.00393860939948331,0.00019249261173172428,0.0002851769845662834,2.139058557812432,0.00018173059531358414,3.491534694641847e-08,0.0
0.02404300602933434,0.8137963591143471,3.0,0.000829069173425322,14.810757893072063,0.0349013395607471,0.02815226223319763,0.0288105476647615,0.0235259719192981,0.0029805478463562816,8.883665464419068e-06,0.0,29.000072861629256,0.18333333333333335,0.027696297504007747,15.0,121.48907466880515,1.0,0.03333333333333333,0.0,0.029782424122095048,0.0,0.0,0.0050857404912156776,-1.0005326283095284,0.36666666666666664,0.5132975666334214,0.23333333333333334,12.875294927644209,0.0,0.002678126816948252,0.0015511680394411174,3.282398242375162e-05,0.0023338636383414494,0.0009122267365455003,0.00024415776133540276,0.0,-1.2278831716692415,0.0,6.0,0.0,1.041925552555011,0.011375367641448999,5.0,0.23333333333333334,0.02830960145094142,0.18463368790361986,5.623842425531129e-05,0.03126187919284584,-14.652516903048951,-7.279103656144952,0.638528439696028,14.84807612141291,4.0,0.23333333333333334,0.0,3.4637488464867596,-0.5790126727248198,0.0897877855238593,0.32819252497463847,1.807720001862812e-05,0.0449838731437924,0.019998479598456197,0.02398179375849041,2.004726399346339,0.01167808335049556,0.00014671585505278073,0.0,1.1950349620690565e-07,0.0017581289721418066,3.0,4.120810214031229e-09,11.797933019869298,0.0001013203436741,6.093206896669069e-05,5.8017162801762526e-05,2.9055809136480093e-05,1.6453961377187297e-05,2.7073284500197134e-10,0.0,29.000000001458083,0.18333333333333335,6.02339199152387e-05,15.0,26936.6829224102,1.0,0.03333333333333333,0.0,5.434839622464706e-05,0.0,0.0,1.4474363827806272e-05,0.32799566094916477,0.36666666666666664,0.5139859797118606,0.4,5.169225282230776,0.0,1.2124079485475752e-05,7.074756687303185e-06,-1.62532937949708e-06,6.5691090437919955e-06,3.954401715115331e-06,-1.4973629731684923e-06,0.0,2.6025195805248496,0.0,3.0,1.0,1.0269420419920037,7.226453453761991e-05,4.0,0.43333333333333335,6.311457734599449e-05,0.5006914780217523,-1.0562732234441874e-06,0.06449913299160154,-5.421692419377949,-0.017446097261047695,0.6697202993689203,6.788811518771703,4.0,0.4,0.0,2.132140404051901,-0.4910317067869372,0.11887161204082886,0.3948335646987925,3.298526505688474e-10,0.00020516794393179237,4.326552665962178e-05,5.600030490101024e-05,2.0671816198673296,3.08235538410034e-05,1.0060841736404263e-09,0.0,4.254519372281023e-06,0.009600309887898993,3.0,1.4670756456141457e-07,18.201138381781295,0.0006959481397643,0.00032971736654865513,0.00029033794817215,5.878122101421468e-05,0.0001819444162528415,3.310377060558726e-08,0.0,29.000000343064738,0.18333333333333335,0.00031883742576605,15.0,1428.6604002224558,1.0,0.03333333333333333,0.0,0.0001543562588267275,0.0,0.0,0.00029055061622785004,-1.0693883019717279,0.36666666666666664,0.46826450805714365,0.43333333333333335,5.408839558676263,0.0,0.00015912811824819896,9.900142146667091e-05,1.5536151577492608e-05,0.00015278222053895,3.449992800599999e-05,3.0027777029299996e-05,0.03333333333333333,14.332995617961117,0.0,3.0,0.0,1.0269420419920037,0.0006371669187500853,4.0,0.4,0.0003765863943497792,0.2929490626657121,8.89176753136179e-06,0.10788919294468435,-2.333772268726204,-0.10511533170626128,0.7151038803389016,3.2273074558699952,4.0,0.43333333333333335,0.0,1.221396373696918,-0.37617566573465905,0.14344929509449253,0.19269845042169542,6.053832977963572e-08,0.0028710412225334565,0.00023347307363255342,0.00040672799181115145,2.145766503004135,0.00031641662454391623,1.0638802318570688e-07,0.0
0.024470620321359837,0.8216379666700943,2.0,0.0008438144938399943,15.912951146744367,0.0370013676583766,0.02831736927231147,0.02720203250646585,0.0223935842514038,0.0037167111188358658,1.3813941540878154e-05,0.0,29.000152548974,0.18333333333333335,0.02823183964937915,15.0,58.11473676462273,1.0,0.03333333333333333,0.0,0.02458475176244972,0.0,0.0,0.006548808554985675,-0.8351627781998707,0.4,0.5297898513331095,0.26666666666666666,6.9084379201611075,0.0,0.0032897145466671985,0.002332640940259248,0.0002625050858176965,0.0028440334967204505,0.0020537357777356997,0.00027796120515890047,0.0,5.930643030824908,0.0,5.0,1.0,1.041925552555011,0.014607783406972795,6.0,0.3666666666666667,0.028560240616026467,0.41735531250559216,0.00026475693457295326,0.04225181228276664,-11.11062387391199,-7.377131345853184,0.7253919372746579,9.898426226239817,3.0,0.26666666666666666,0.0,2.706977855932631,-0.5499216733691472,0.10015455037987057,0.46777846413654667,2.2449330012585362e-05,0.0676465872675182,0.019852951345838806,0.023444624840392184,1.978408199992471,0.011432990072669612,0.0001521440729878092,0.0,8.504520369232925e-08,0.0015050135830986416,3.0,2.9325932307699743e-09,12.84164886367556,8.108343899948522e-05,5.183436957546899e-05,5.4373277331857636e-05,2.9055809136480093e-05,1.2167097180155059e-05,1.480382537913372e-10,0.0,29.000000001230735,0.18333333333333335,4.9177041445444855e-05,15.0,63220.688743988336,1.0,0.06666666666666667,0.0,5.767100556113292e-05,0.0,0.0,1.617818297745544e-05,-0.3886839832482547,0.3333333333333333,0.5207526279927571,0.36666666666666664,18.13422042406336,0.0,1.002024365637529e-05,5.907981425779783e-06,-2.554664628043185e-07,7.887795436545272e-06,2.986589606734924e-06,1.0458829314706602e-06,0.0,-6.653637191993521,0.0,3.0,0.0,1.0231514950359846,5.202762986300513e-05,3.0,0.33333333333333337,5.32432166860497e-05,0.08866762340578965,-6.22630829777693e-07,0.05544608622314939,-6.561074105360174,-0.014574410967046711,0.6439099346984691,8.491021260485514,4.0,0.36666666666666664,0.0,2.4729954408585604,-0.5149956541151928,0.11279250936698237,0.48588124864774185,3.1939091758527537e-10,0.0001713314613476137,3.7086603535760794e-05,4.6786666581534885e-05,2.0318750998748625,2.5723563566700154e-05,7.165038718161764e-10,0.0,4.015470456757964e-06,0.009432934843059968,4.0,1.3846449850889532e-07,18.05894301581357,0.0006959481397643,0.0003182776993222358,0.0002753240596575,5.878122101421468e-05,0.0001804115332771437,3.254832133940993e-08,0.0,29.000000261567763,0.18333333333333335,0.00031883742576605,15.0,1427.1781475147743,1.0,0.03333333333333333,0.0,0.0001543562588267275,0.0,0.0,0.00029442405805945,-0.9524694472551909,0.3333333333333333,0.45656116685716075,0.43333333333333335,10.192614256242202,0.0,0.00015617188616387563,8.857107843203143e-05,3.904476937440872e-06,0.0001332587453362,4.486570833249991e-05,3.0027777029299996e-05,0.03333333333333333,5.018909046427542,0.0,3.0,1.0,1.0231514950359846,0.0006371669187500853,3.0,0.4,0.00036585381674278795,0.47621722591936677,9.563917514021207e-06,0.09733816727300046,-2.4302454011675527,-0.10492699085410019,0.5723950619474396,3.723992203569333,5.0,0.43333333333333335,0.0,1.4020573556188047,-0.40410485133617524,0.13960223330972943,0.08638273280357323,5.6911560252883135e-08,0.0025685612745289118,0.00023749061174049138,0.00042318198399029063,2.0247931586829955,0.0003415600063948597,1.3855189796056798e-07,0.0
0.026926567827173186,0.8648867923766359,2.0,0.0009285023388680409,15.238725420569502,0.0370013676583766,0.029746519743154395,0.0302717629820108,0.0223935842514038,0.003563260315483423,1.2696824075899025e-05,0.0,29.00020971952441,0.18333333333333335,0.02955096121877425,15.0,116.03864908046327,1.0,0.06666666666666667,0.0,0.03188864346593612,0.0,0.0,0.005210412200540276,-0.6032687900184368,0.36666666666666664,0.5418596133983825,0.3333333333333333,8.811721340230891,0.0,0.00298477923290597,0.003157343394283593,0.00010250232599932416,0.0023404015228151998,0.0026519062618415024,0.0003753527998923978,0.0,0.6569015688016956,0.0,8.0,0.0,1.0566413762796891,0.014607783406972795,7.0,0.3666666666666667,0.02995917657255908,-0.07437568067342064,0.00015114438587100147,0.047903918228486435,-11.129735912388266,-7.558873855674249,0.808496775580015,8.392661313070029,5.0,0.3333333333333333,0.0,2.507093091031077,-0.5349602164540066,0.1110989743581921,0.6301065405699475,2.311926876221991e-05,0.0915629584342242,0.02129032966209207,0.025072294303738196,1.9808154155472102,0.012223773566032735,0.00016992765846408,0.0,8.397834929318461e-08,0.001489960249980666,3.0,2.8958051480408486e-09,13.67186892701804,8.108343899948522e-05,5.14512685051024e-05,5.1244387699019474e-05,2.9055809136480093e-05,1.2330664174677608e-05,1.5204527898867781e-10,0.0,29.000000001416705,0.18333333333333335,4.9779269405310816e-05,15.0,31235.777462845264,1.0,0.06666666666666667,0.0,4.7265479588531894e-05,0.0,0.0,1.7770717173940888e-05,-0.46959601860179356,0.36666666666666664,0.5354347902162987,0.43333333333333335,11.84165880745941,0.0,1.0188154623459991e-05,6.8945770194955615e-06,-5.148374637226676e-07,9.36576462764707e-06,2.986589606734924e-06,1.045882931470667e-06,0.0,2.7482471270274877,0.0,3.0,0.0,1.0269420419920037,5.202762986300513e-05,4.0,0.13333333333333333,5.290820645016064e-05,0.20420505633388092,-2.159357657589321e-07,0.06076411351630585,-6.259381153800645,-0.014321802542370778,0.6819823964849061,7.9017820154594185,4.0,0.43333333333333335,0.0,2.3782898345477066,-0.5009185230450728,0.12091499463471542,0.5065430515301688,2.6584120612627943e-10,0.00019994273356537128,3.612348832878446e-05,4.6088602939662326e-05,2.0752095743829613,2.4125214332560862e-05,6.221524134912207e-10,0.0,4.166216827108674e-06,0.009783356340447136,4.0,1.4366264921064392e-07,12.818606143271865,0.0006959481397643,0.00033412764544960125,0.0002753240596575,9.327013685833664e-05,0.00016502306136798386,2.723261078326137e-08,0.0,29.00000026202249,0.18333333333333335,0.00034308940666955,15.0,1427.1781475147743,1.0,0.03333333333333333,0.0,0.00018367183729423115,0.0,0.0,0.000256431406645225,-0.7925069432854062,0.36666666666666664,0.47020447636540674,0.4,17.0329113478329,0.0,0.00014277502826493901,8.63825198707492e-05,-1.965699115751725e-06,0.00010443553128424999,4.486570833250002e-05,-1.7794484544199997e-05,0.03333333333333333,12.437254018848476,0.0,4.0,1.0,1.0307143207389022,0.0006026780029059634,4.0,0.23333333333333334,0.0003726578782703457,0.6220244496373132,-4.287156111611736e-06,0.09539855491471165,-2.7356445098723006,-0.10598020942809039,0.6304271264925491,3.7393260044055894,4.0,0.4,0.0,1.4056176664985445,-0.4092391193434104,0.13843381631609253,0.12285773498153107,5.799011199678606e-08,0.002505093076251727,0.00023070786922116664,0.0004044714073515965,2.038759190338752,0.00032215408386555584,1.2118739845979545e-07,0.0
0.027962863653888267,0.8792227702215298,1.0,0.0009642366777202851,14.427645063991047,0.0370013676583766,0.030367977886150234,0.030913250986486653,0.0223935842514038,0.0031434653228403406,9.881374235899727e-06,0.0,29.000202221899656,0.18333333333333335,0.02999031916260715,15.0,188.65536570693882,1.0,0.03333333333333333,0.0,0.03188864346593612,0.0,0.0,0.004068158566951675,0.08754525493082932,0.4,0.5011441772266766,0.3333333333333333,6.034907130521555,0.0,0.002555235156582454,0.0030664851696326828,-0.0002127429791565586,0.002068104688078153,0.0026519062618414954,-0.0002641566097737018,0.0,7.602746325000129,0.0,7.0,1.0,1.0493154907686069,0.014607783406972795,6.0,0.4,0.03053023837328508,-0.1849087856466855,-1.0605007589614351e-05,0.04754477829488411,-12.814435465797999,-7.510441174251562,0.8183863682539122,7.931296403497601,5.0,0.3333333333333333,0.0,2.4307594910840438,-0.5359108809841303,0.11160291008903137,0.6460651629920906,1.927442297930649e-05,0.0889280699193478,0.021497592473348523,0.02473258420278881,1.9720950035070839,0.011121308121983805,0.00014468225522500986,0.0,8.600598927388032e-08,0.0015059245888551231,1.0,2.9657237680648387e-09,15.064780141739547,8.55796824907884e-05,5.1841360497443624e-05,4.975555960603136e-05,2.4300838049384765e-05,1.3391775494811566e-05,1.7933965090343557e-10,0.0,29.000000003099327,0.18333333333333335,5.22685528267175e-05,15.0,25928.38991131948,1.0,0.06666666666666667,0.0,4.574843360387604e-05,0.0,0.0,1.7272851619054573e-05,-0.12430524758849826,0.4,0.5119640406147387,0.4,7.064693680859196,0.0,1.091312612212884e-05,1.0326310639984199e-05,1.3972701332210723e-06,8.822791702793135e-06,3.954401715115331e-06,2.977656185976224e-06,0.0,-1.8351926327476586,0.0,5.0,0.0,1.03820568829078,6.127884444140363e-05,5.0,0.3333333333333333,5.354312569442826e-05,0.23748498089535217,1.6945867286123063e-07,0.08537991639852474,-5.139698645484662,-0.013629129236021342,0.8010779499698119,3.7108495901177325,3.0,0.4,0.0,1.4671775620676806,-0.43575904482743444,0.1397423129510516,0.5260246292349915,3.0510586183447294e-10,0.0002994630085595418,3.757580363109783e-05,4.8774573711169044e-05,2.048508300855651,2.7137849183440557e-05,8.058474300655367e-10,0.0,4.045397750171883e-06,0.009280822558137575,3.0,1.3949647414385803e-07,10.963836861745516,0.0006959481397643,0.0003210158462630725,0.0002459935967635,3.757182639674284e-05,0.00017831269758600897,3.179541812039949e-08,0.0,29.00000011993466,0.18333333333333335,0.0003272365879638,15.0,1232.0655743087855,1.0,0.03333333333333333,0.0,0.00020216590473863213,0.0,0.0,0.00026616598794745,-0.9194232096259451,0.3333333333333333,0.44771830127722406,0.4,11.136796667529342,0.0,0.00015740830597982204,7.108573883104969e-05,1.3812634279020691e-05,0.00011991534120169998,5.813285315520476e-05,-1.7794484544200024e-05,0.03333333333333333,-33.36442264343162,0.0,3.0,0.0,1.0231514950359846,0.0006583763133675572,3.0,0.16666666666666669,0.00036721463978495753,0.4956574992104547,-8.574662135142237e-06,0.08038546966094451,-2.719628489605401,-0.11008327736319967,0.5111462950907729,5.23384912572671,5.0,0.4,0.0,1.7512249338089136,-0.448979639132794,0.12273750931522685,0.0838916979807004,6.293290467380271e-08,0.002061486426100441,0.00022788905677612327,0.0004404272429127359,2.1017464705207582,0.0003658862917244468,1.4858693500919654e-07,0.0
0.027845450996227452,0.87979368213564,1.0,0.0009601879653871535,14.067145715057638,0.0370013676583766,0.030315254597614163,0.030913250986486653,0.0223935842514038,0.0030277117689902315,9.167038556081956e-06,0.0,29.00021658105976,0.18333333333333335,0.02999031916260715,15.0,188.65536570693882,1.0,0.03333333333333333,0.0,0.03188864346593612,0.0,0.0,0.003994314465671771,0.3069242293196055,0.36666666666666664,0.528821069527002,0.3333333333333333,3.349349441413788,0.0,0.0024575648663772423,0.0031163373897815545,-8.332048510683102e-05,0.001936459448188552,0.0028093410655855994,-0.0002641566097737018,0.0,6.275625194094199,0.0,7.0,0.0,1.0566413762796891,0.014607783406972795,8.0,0.3666666666666667,0.030466074572780926,-0.20465928092898186,-8.23877372668112e-05,0.04611483007697016,-13.10908075622948,-7.511875945986935,0.8675362478618698,8.059889532821476,4.0,0.3333333333333333,0.0,2.460647878252827,-0.5396960380315495,0.10962700786949534,0.6144022477158653,1.9738684957130104e-05,0.09037378430366508,0.02151288767011748,0.024929147331138133,1.9738101420008887,0.011477322283931708,0.00014950130790400564,0.0,9.090725109490489e-08,0.0015320800897219065,1.0,3.1347327963760304e-09,16.583903212443765,9.729497105581686e-05,5.2913940109849336e-05,4.863089179707458e-05,2.4300838049384765e-05,1.5177504577985599e-05,2.3035664521477382e-10,0.0,29.00000000471076,0.18333333333333335,5.152969806658803e-05,15.0,21897.0073605031,1.0,0.03333333333333333,0.0,4.254937130099279e-05,0.0,0.0,1.6827497711346956e-05,1.0564357095824901,0.36666666666666664,0.5301633857344111,0.4,3.700706795818154,0.0,1.185838963364303e-05,1.3110832623661036e-05,3.5295800015533764e-07,8.932968557928686e-06,3.954401715115338e-06,2.977656185976224e-06,0.0,38.85947737867491,0.0,6.0,0.0,1.041925552555011,7.29941330064321e-05,5.0,0.4,5.504763122209253e-05,0.9636252668486209,6.864212390851966e-07,0.0863782491441904,-4.61757926955971,-0.014371061146391102,0.8183424075069039,3.8024539164433464,3.0,0.4,0.0,1.48331854794462,-0.4331163993242019,0.13828202967032754,0.4200199942386138,4.901448691244075e-10,0.00038021414608617005,3.7288583800139923e-05,4.732317785667864e-05,2.0136543955175563,2.692657699380307e-05,8.282266463913888e-10,0.0,3.7659841179047327e-06,0.009102882248042026,3.0,1.2986152130705975e-07,14.725143327041748,0.0005613510147668,0.0003192104432551758,0.00028969958748339996,3.757182639674284e-05,0.000153744908361194,2.363749684699194e-08,0.0,29.000000087587168,0.18333333333333335,0.0003218153251509,15.0,1835.5396377315292,1.0,0.03333333333333333,0.0,0.00022089454232626283,0.0,0.0,0.00023511849478079997,-1.2081575122307426,0.3333333333333333,0.4224566586607466,0.3,13.295961861850884,0.0,0.0001367416225588826,6.015404857141176e-05,-6.063445872658618e-06,0.00012207642294015,4.993291804569999e-05,-1.7794484544199997e-05,0.0,-0.006100725701204605,0.0,4.0,0.0,1.0269420419920037,0.0005237791883700571,3.0,0.16666666666666666,0.00035430608791009753,0.09189096350111683,6.949152807615245e-07,0.05779623926914472,-3.7403288569965665,-0.10696211317710684,0.4137019067313109,8.118816720471353,5.0,0.3,0.0,2.273648499916952,-0.5087746607581463,0.10013613481963705,0.16588169173152967,4.36488210496082e-08,0.001744467408570941,0.0002312238765127632,0.0004024177396016016,2.1159476295675343,0.0003091861263958413,1.0904999531078144e-07,0.0
0.027586214900263775,0.8728182073682533,1.0,0.0009512487896642681,13.792170140884451,0.0370013676583766,0.030208093083153125,0.02990448847413055,0.0253345873206853,0.0026479442885030185,7.011608955015756e-06,0.0,29.00013724229823,0.18333333333333335,0.0299541819840669,15.0,135.74911375223797,1.0,0.03333333333333333,0.0,0.029417960438877254,0.0,0.0,0.003585452679544625,0.1080912655759807,0.36666666666666664,0.5052711385155245,0.3333333333333333,5.306745461208806,0.0,0.0021324644755158157,0.0025479422946428475,-0.00024667465738181365,0.0017854226753115498,0.0024759657680987965,-0.0009845402091741978,0.0,6.902027448835281,0.0,8.0,0.0,1.0602811354677044,0.011666780337691297,8.0,0.4666666666666667,0.03032392614216469,0.6075789057487444,-0.00013508484020282325,0.04263245278811154,-14.567444043968363,-7.451754416751919,0.8797546599372906,8.952156402938515,5.0,0.3333333333333333,0.0,2.6544322671423024,-0.5489140955608812,0.10905820309725302,0.4922055544628057,1.0242431700663808e-05,0.07389032654464257,0.021372631679487823,0.024900344075417986,1.9805265585868406,0.011305206053352663,0.00013752698126250502,0.0,1.0226502786053492e-07,0.0016489551397171453,1.0,3.5263802710529283e-09,14.835220620589142,9.729497105581686e-05,5.6236341430728005e-05,5.673503710568184e-05,2.4300838049384765e-05,1.5694207992263098e-05,2.463081645044149e-10,0.0,29.000000005651643,0.18333333333333335,5.5316832003882155e-05,15.0,27986.217389974587,1.0,0.13333333333333333,0.0,4.254937130099279e-05,0.0,0.0,2.072086135740392e-05,0.14159865515475456,0.36666666666666664,0.4910895566269433,0.43333333333333335,11.397100806344731,0.0,1.2720804904044297e-05,1.5101937016628781e-05,-3.5865386648922484e-07,1.0603968803479802e-05,1.2783362763002522e-05,2.977656185976231e-06,0.0,17.574048810503054,0.0,7.0,1.0,1.0566413762796891,7.29941330064321e-05,8.0,0.33333333333333337,5.83852229765189e-05,0.4309083355308887,5.966961041695654e-08,0.09155963880467044,-4.78666100285493,-0.014694097309589848,0.795110006439343,3.6990074342848547,4.0,0.43333333333333335,0.0,1.4410393341306804,-0.41940095610528416,0.1440299007281896,0.6078364519737574,4.72698743630659e-10,0.00043795617348223463,4.102433044768073e-05,5.051334825435124e-05,2.030106690656796,2.651222168186325e-05,7.710684989071839e-10,0.0,3.794717205452938e-06,0.009099939956284105,3.0,1.3085231742941166e-07,18.68578348983104,0.0006955874850973,0.0003068043248276125,0.00024185472526965,3.757182639674284e-05,0.00017989352345810228,3.23616797821708e-08,0.0,29.000000240748008,0.18333333333333335,0.00032653587186355,15.0,1323.53918780111,1.0,0.03333333333333333,0.0,0.00020207574107188213,0.0,0.0,0.00028548396221590006,-0.9803486636990284,0.3333333333333333,0.45966205339494054,0.4,10.450932963430787,0.0,0.00015707852252187,7.472210262645441e-05,7.530794266159776e-07,0.00012575125826215,5.81328531552524e-05,4.867290651100009e-06,0.03333333333333333,9.876752063360088,0.0,3.0,0.0,1.0269420419920037,0.0006580156587005572,4.0,0.1,0.00035565513283952185,0.49873925883248793,9.054093101551938e-06,0.09240027532204095,-2.4828348096028137,-0.10335986800449384,0.5560756435201004,4.385189970582906,4.0,0.4,0.0,1.5484261412352252,-0.4171757417945975,0.13271675382925652,0.19920506908008406,6.204627043137212e-08,0.002166940976167178,0.00022811849754468612,0.000407860047456029,2.0888795752903673,0.0003287822652508545,1.2155559903694684e-07,0.0
0.025912789972000597,0.8517916351556767,1.0,0.000893544481793124,14.33610354933839,0.033462468534708,0.02931170947849747,0.0290425447747111,0.0245495047420263,0.002140876731975723,4.5833531815150514e-06,0.0,29.000103140354803,0.18333333333333335,0.029440701007842948,15.0,143.26077809573323,1.0,0.1,0.0,0.02856033844873307,0.0,0.0,0.002954313531518,-0.5274105518957763,0.4,0.5288275943465649,0.3,4.7329490257901545,0.0,0.001765334755182261,0.0022638338650095135,-4.037302629701035e-05,0.0014635296538472505,0.0020196940749884,-0.0003948323428629996,0.0,-1.5231497374555143,0.0,7.0,0.0,1.0566413762796891,0.008912963792681701,8.0,0.3666666666666667,0.029389788460166794,-0.08602999930645165,-3.2098964271078814e-05,0.03685922076603416,-17.99835095953288,-7.167632824203103,0.8500506757456884,11.055217709662276,5.0,0.3,0.0,2.927588398448597,-0.5641961803252037,0.09966446708631199,0.8671697586405422,8.976706647971714e-06,0.06565118208527589,0.020873176177856684,0.024229379635390673,1.972712413131752,0.011028413150611073,0.00013413052700395867,0.0,1.0296045239422691e-07,0.0016162476495082956,1.0,3.5503604273871347e-09,13.627987960665976,9.729497105581686e-05,5.6162305190810004e-05,5.9160404816793744e-05,2.4300838049384765e-05,1.666764996818327e-05,2.7781055546187975e-10,0.0,29.00000000640412,0.18333333333333335,5.571725887421053e-05,15.0,36161.998110847504,1.0,0.13333333333333333,0.0,4.254937130099279e-05,0.0,0.0,2.2798891222919344e-05,-0.3468027378561209,0.4,0.4779430668218894,0.43333333333333335,9.489632823305644,0.0,1.4167366825859061e-05,1.7650430577461898e-05,3.063674927849708e-07,1.3029336514591705e-05,1.6215475625358522e-05,6.738417141605169e-06,0.0,13.451816085406897,0.0,9.0,1.0,1.0639058652009938,7.29941330064321e-05,8.0,0.4,5.858340276740131e-05,0.3039201142058282,-3.15297026288447e-07,0.09043367314163828,-4.470703097654498,-0.015154264369909423,0.8274513420690606,3.665899460035775,4.0,0.43333333333333335,0.0,1.4017679969947665,-0.42238145344860456,0.13774994874007254,0.5885718988440989,5.651300259651336e-10,0.000511862486746395,3.881333411189018e-05,4.769526235092312e-05,2.043996997228255,2.3865233197041087e-05,6.558769438518661e-10,0.0,4.2808820609816465e-06,0.009430989580814442,2.0,1.4761662279247058e-07,15.226148848578076,0.0006955874850973,0.0003253943787727131,0.00031466604650625,3.1169577141554328e-06,0.00019187122494659874,3.68145669625083e-08,0.0,29.000000600141362,0.18333333333333335,0.00032653587186355,15.0,1449.069978898646,1.0,0.03333333333333333,0.0,0.00010698753682162712,0.0,0.0,0.00036046027253175,-1.2694984660629227,0.36666666666666664,0.41245799631645874,0.4666666666666667,6.539055295415156,0.0,0.0001722152135635535,0.00013677107212396218,8.533702562458623e-06,0.00018600064595374998,7.751910015940005e-05,4.8672906512e-06,0.03333333333333333,32.47571281562963,0.0,5.0,1.0,1.03820568829078,0.0006924705273831446,5.0,0.43333333333333335,0.00037775133183006544,0.07898914373648006,1.2890828261484195e-06,0.13150769046200375,-2.024660273338177,-0.09576644401656956,0.7820964010385647,2.567008805769637,3.0,0.4666666666666667,0.0,0.9589872913832167,-0.3136561134829312,0.1592759989034727,0.25193622357584566,7.394303369542888e-08,0.003966361091594903,0.00022285205460083663,0.000387623682388081,2.074809614983638,0.0003030265245864095,1.0332647979390474e-07,0.0
0.02581694297527743,0.8483230420388269,1.0,0.000890239412940601,14.682964779287339,0.0326184891164302,0.02926418486361698,0.02927751187235115,0.0245495047420263,0.0020426086533234717,4.172250110631926e-06,0.0,29.000109644155323,0.18333333333333335,0.02910217270255085,15.0,188.9483051098093,1.0,0.1,0.0,0.029794344585388835,0.0,0.0,0.002803412731736926,-0.4998539575560441,0.4,0.5294284629777967,0.3,7.845536351666117,0.0,0.0016696604900062028,0.0022698629583264235,0.00014865979680727244,0.0014865202829241995,0.0019391607493162016,2.7745962142899233e-05,0.0,-2.12779427389968,0.0,8.0,0.0,1.0602811354677044,0.008068984374403898,8.0,0.2666666666666666,0.029335384194562393,-0.2526203991838512,3.708011933806446e-05,0.03674996998574044,-20.142729178343643,-7.044386242817744,0.7604764955868579,10.917334381939465,5.0,0.3,0.0,2.9416986460472025,-0.5644853735671577,0.10258904406875842,0.9247194584003297,7.54602810695362e-06,0.06582602579146628,0.020727304029534904,0.024022849432173074,1.9670380817114912,0.010926370777029301,0.0001329613369244184,0.0,1.0563066902035077e-07,0.0016677589337632526,2.0,3.642436862770716e-09,13.854782852615685,9.729497105581686e-05,5.695434841375876e-05,5.979442266834667e-05,3.289052619948052e-05,1.6650059983151246e-05,2.7722449744253445e-10,0.0,29.00000000501849,0.18333333333333335,5.6081988077494316e-05,15.0,24057.59609362159,1.0,0.13333333333333333,0.0,4.2551192927930975e-05,0.0,0.0,2.7494042114994954e-05,-0.822471326783278,0.4,0.5246201266063604,0.43333333333333335,6.382889319329973,0.0,1.4818293412746344e-05,1.4053301003576931e-05,-1.7708438902226268e-07,1.5115456335479394e-05,1.0152965842280537e-05,2.935157681349665e-06,0.0,3.2847874805251607,0.0,8.0,0.0,1.0602811354677044,6.440444485633634e-05,8.0,0.4,5.9338202708527996e-05,0.3096707829559343,-2.5701428987528895e-07,0.08537492027429075,-4.685211472964267,-0.015508927650335354,0.7699889143842464,4.330623697694609,4.0,0.43333333333333335,0.0,1.597821856388197,-0.43577226986217155,0.1374014782862872,0.6132402906294201,5.176639535075813e-10,0.000407545729103731,4.201204007950225e-05,5.4740725253504694e-05,2.078326168760241,3.0057260069428683e-05,9.777760552279573e-10,0.0,4.561837519719681e-06,0.010101648000308806,2.0,1.5730474205929936e-07,10.725917168187628,0.0006955874850973,0.00034708422582014183,0.00036133204412175,3.1169577141554328e-06,0.00017774642287302292,3.159379084415549e-08,0.0,29.00000057890875,0.18333333333333335,0.00033148737566075,15.0,1936.10284367991,1.0,0.03333333333333333,0.0,0.0005224698532515138,0.0,0.0,0.00029531596373995003,-1.0710052096537765,0.36666666666666664,0.4082321389618431,0.4666666666666667,6.31567075437642,0.0,0.0001558221239608648,0.00012798839520917894,-7.652841545100002e-06,0.00016055439967504998,7.751910015939994e-05,-1.988053554799994e-06,0.03333333333333333,28.0404618516425,0.0,5.0,1.0,1.03820568829078,0.0006924705273831446,5.0,0.43333333333333335,0.0003899503181910776,-0.02881371026890149,-1.07084270124985e-05,0.12680084297630254,-2.351109755375892,-0.09860017675764715,0.8155449873487063,2.6793278627264603,2.0,0.4666666666666667,0.0,0.9994049989442747,-0.3261154156509638,0.1570111066967522,0.3317982731335213,6.094213045648109e-08,0.003711663461066189,0.0002536568272413157,0.0003824794241129684,2.114766082884293,0.0002686045458447323,7.488778251699583e-08,0.0
0.027494283041039017,0.8720779335126269,2.0,0.0009480787255530695,15.242376120125362,0.0363679304718971,0.0301702893339097,0.03001890610903495,0.0245495047420263,0.002495945287088971,6.229742876141645e-06,0.0,29.000093579170873,0.18333333333333335,0.0299930432811379,15.0,204.65853528368606,1.0,0.03333333333333333,0.0,0.02986779632046816,0.0,0.0,0.0030448117759078255,0.5906770899199825,0.36666666666666664,0.5238764482373234,0.26666666666666666,5.5978301747533346,0.0,0.00187300729254881,0.0021509966202850994,0.0002037316303828655,0.001581875607371299,0.0016501471400260995,0.0006662989035248028,0.0,1.852326425728793,0.0,7.0,0.0,1.0493154907686069,0.011818425729870796,6.0,0.3333333333333333,0.030273356295065258,0.4391445838121405,0.00014543485816348372,0.03389693879290579,-16.609218616261092,-7.56020087745208,0.8053673995043227,12.161441914551606,3.0,0.26666666666666666,0.0,3.077877761914318,-0.5720375149599553,0.09348219001078585,0.48894397048489124,1.0516592209634109e-05,0.062378901988267885,0.021357785934592668,0.025055383408030308,1.9745014582904843,0.011819186648087307,0.0001532759742611374,0.0,1.0744384688452411e-07,0.0016875122291821754,2.0,3.704960237397383e-09,15.367049273752775,8.909488678909838e-05,5.785779564272768e-05,6.208743434399366e-05,3.289052619948052e-05,1.529500069244303e-05,2.339370461818328e-10,0.0,29.000000003566335,0.18333333333333335,5.6081988077494316e-05,15.0,31084.996189435362,1.0,0.13333333333333333,0.0,6.380292452377035e-05,0.0,0.0,2.5865219868137508e-05,-1.0430672659028835,0.4,0.4900733281843765,0.43333333333333335,7.844826552525842,0.0,1.3351488256982218e-05,1.1735929829542172e-05,2.745593895991172e-07,1.1680203897412866e-05,8.723127393750467e-06,5.837435310240835e-06,0.0,4.077817985117997,0.0,6.0,0.0,1.0493154907686069,5.620436058961786e-05,7.0,0.4,5.98453136245226e-05,-0.07415320802836675,3.495422135005176e-07,0.08175171923459007,-5.051324721123795,-0.015608969841451643,0.780227568632071,4.781938523724059,4.0,0.43333333333333335,0.0,1.711362177946938,-0.4453630961437322,0.1374751916805895,0.5451126595489209,4.975182757921892e-10,0.000340341965056723,4.134841628020038e-05,5.2995528934780154e-05,2.082636896426971,2.8808843809812502e-05,8.755351971124831e-10,0.0,3.3749927793233663e-06,0.008304962849136534,1.0,1.1637906135597815e-07,10.236995503885051,0.0006955874850973,0.0002865109783328461,0.0002399262510266,3.1169577141554328e-06,0.00017438812633185284,3.041121860553426e-08,0.0,29.0000006704958,0.18333333333333335,0.0002868330084311,15.0,1386.3329429205712,1.0,0.06666666666666667,0.0,0.00010698753682162712,0.0,0.0,0.00029927486305800005,-0.5851598005912577,0.4,0.38371960887973405,0.4666666666666667,4.440912751487381,0.0,0.0001483736558566298,0.00014340617070925226,-3.1180459010448182e-06,0.00012183473046440001,7.751910015930003e-05,2.7086736129900015e-05,0.06666666666666667,21.661677759754728,0.0,5.0,0.0,1.03820568829078,0.0006924705273831446,5.0,0.3666666666666667,0.00033540983782646993,0.5067081364382352,-8.479464745076263e-06,0.1459426805747736,-1.812798349956418,-0.08103074505712066,0.8968343571500572,2.3068114299724565,3.0,0.4666666666666667,0.0,0.7973438802217397,-0.27544584553736395,0.16214744018406466,0.4034047373103816,6.297202615925771e-08,0.004158778950568316,0.0002081545143399295,0.0003202359641467841,2.127167365409923,0.00021922770374447047,4.9185428124539596e-08,0.0
0.027634452527117104,0.8748494843021022,2.0,0.0009529121561074863,14.795819218799478,0.0363679304718971,0.030228176061063965,0.03008815739303825,0.0239751748740673,0.0027213580418404596,7.40578959188974e-06,0.0,29.00013628075118,0.18333333333333335,0.030246258713304948,15.0,140.60300245185135,1.0,0.03333333333333333,0.0,0.02955191489309071,0.0,0.0,0.0030586298089474266,0.401092023770385,0.4,0.5180320531785575,0.26666666666666666,5.667606381206206,0.0,0.002067066753904017,0.0025447040539363303,8.02382569888552e-05,0.0016699093393981006,0.002193154767155696,0.0006662989035248028,0.0,4.954022746150541,0.0,7.0,1.0,1.0493154907686069,0.012392755597829798,6.0,0.3666666666666667,0.03035042697509493,-0.0002375818074512257,5.771721691489739e-05,0.036032627124452085,-15.029402286955793,-7.633597152886765,0.8328920431480079,10.148278332808193,4.0,0.26666666666666666,0.0,2.7825229159768727,-0.5663842223176269,0.0927812842651073,0.5885742691026368,1.5493422518087807e-05,0.07379641756415357,0.021271238835851154,0.02449432431381672,1.963781625067789,0.011054477042536903,0.00014291383344348466,0.0,1.0008592111730582e-07,0.0016231863046414219,2.0,3.451238659217442e-09,14.926246151276002,8.909488678909838e-05,5.590267416361409e-05,5.484807297762018e-05,3.289052619948052e-05,1.4528881303584752e-05,2.1108839193365455e-10,0.0,29.000000002863306,0.18333333333333335,5.520369631994981e-05,15.0,22108.088120318844,1.0,0.03333333333333333,0.0,6.380292452377035e-05,0.0,0.0,1.9079979210800964e-05,-0.7354295149755607,0.4,0.4735525709397796,0.36666666666666664,12.819677689213457,0.0,1.2482646949744473e-05,1.0786102111210468e-05,6.824923510631099e-07,9.896139090415094e-06,9.504074114374816e-06,1.7565835150890052e-06,0.0,21.38808527422043,0.0,6.0,1.0,1.041925552555011,5.620436058961786e-05,5.0,0.4,5.7759824883537006e-05,0.2618269283636566,2.2836383534450273e-07,0.07142704822323499,-5.42062020767072,-0.015500499429903745,0.7289593752150847,5.550924277558742,4.0,0.36666666666666664,0.0,1.853076365123227,-0.472693107644378,0.12412651403320721,0.45043713495926985,4.084273012273537e-10,0.0003127969612251036,3.9357192807423716e-05,4.926644241375227e-05,2.01151179288309,2.730761113611318e-05,8.924365287993892e-10,0.0,1.9238858566426137e-06,0.006262053199746812,1.0,6.634089160836598e-08,11.613286437709165,0.0005054553039371,0.00021412629505822544,0.00020077764444670002,3.1169577141554328e-06,0.0001352015470303191,1.827945831939159e-08,0.0,29.00000053849151,0.18333333333333335,0.00020119580585739892,15.0,4614.804803374494,1.0,0.03333333333333333,0.0,0.0002291692135144805,0.0,0.0,0.000142372417030925,-0.5162858549962976,0.36666666666666664,0.3475508126249702,0.5,3.3273132649955293,0.0,0.00010799193904631134,0.0001300634063572218,3.0784936700103405e-06,8.467417743920002e-05,7.344450508149999e-05,-1.3035557155186976e-06,0.1,39.88534733597789,0.0,6.0,0.0,1.0456287006262848,0.0005023383462229446,6.0,0.43333333333333335,0.0002532380866985726,0.6268824848530905,-3.986528708833837e-06,0.16329312337244373,-1.799722226661393,-0.05225874098789471,0.8584728838067126,1.865400200761194,4.0,0.5,0.0,0.5322503784125153,-0.22951820283764904,0.16967849223486045,0.32378943224715895,3.332211661071798e-08,0.0037718387843594325,0.00015077850341321905,0.00022980559845223647,2.0679520936379343,0.00016438354356650115,3.00565008946478e-08,0.0
0.0299622484935269,0.9122655891502879,2.0,0.0010331809825354103,15.251569478448607,0.0377566590905189,0.03144434204118114,0.0309041151776909,0.0239751748740673,0.003161482254909048,9.994970048104798e-06,0.0,29.0001202854195,0.18333333333333335,0.0315506723709404,15.0,100.66366090577036,1.0,0.06666666666666667,0.0,0.028798694349825363,0.0,0.0,0.003801427548751249,-0.3159225533541168,0.4,0.5328730933994407,0.26666666666666666,8.598535683365323,0.0,0.002553970481234562,0.0023098333428303343,5.988774542835514e-05,0.0020796880125999,0.0016607455909252028,0.0009482949972153022,0.0,2.682798549456757,0.0,6.0,1.0,1.041925552555011,0.013781484216451603,5.0,0.3,0.03160287354736744,0.09382992368531726,0.0001551022632258156,0.033396893432559374,-15.32203365907584,-8.003038228904291,0.6224348577306305,11.650158916527738,4.0,0.26666666666666666,0.0,3.019638435452225,-0.5733611644432252,0.08983800404737473,0.7304197389484235,1.9648601788838653e-05,0.06698516694207969,0.022384017724849936,0.02648762404520178,1.9869321731954965,0.012824113491095784,0.00018197462774348139,0.0,1.1061378533607266e-07,0.001710310695671069,1.0,3.8142684598645745e-09,13.176717136964506,8.909488678909838e-05,5.873171618683652e-05,6.208743434399366e-05,3.657512934296392e-05,1.541790166066622e-05,2.3771169161797415e-10,0.0,29.000000004692915,0.18333333333333335,5.61562092116219e-05,15.0,31084.996189435362,1.0,0.1,0.0,3.9201117215270645e-05,0.0,0.0,2.6566115593595896e-05,-1.0306511076014688,0.36666666666666664,0.5008800073127793,0.43333333333333335,6.797992017627762,0.0,1.3265068878859489e-05,1.2967910967337707e-05,-7.772468334537578e-07,1.1680203897412866e-05,9.504074114374816e-06,-8.86797351995483e-07,0.0,16.700154145162788,0.0,6.0,1.0,1.0456287006262848,5.251975744613446e-05,6.0,0.3666666666666667,6.0721710926727756e-05,0.16765652125676933,-5.794434388600937e-07,0.092971830208054,-5.12776838133044,-0.014870572599459345,0.7478255518620662,3.831998261895338,4.0,0.43333333333333335,0.0,1.455714614945897,-0.41566280239044534,0.14704583987588857,0.7109510200335141,4.51106766603949e-10,0.0003760694180527935,4.253552707125271e-05,5.2808483523418495e-05,2.0554158518880694,2.691627978885158e-05,7.645160007422414e-10,0.0,1.4535670444583471e-06,0.005486139409912294,2.0,5.012300153304645e-08,9.299521407998423,0.0004545804695226,0.0001863030135669971,0.0001722680829819,2.482132003933657e-05,0.00011723234174549927,1.374342195113353e-08,0.0,29.000000251390897,0.18333333333333335,0.00016386954909343958,15.0,4255.372166165289,1.0,0.03333333333333333,0.0,8.928519246182608e-05,0.0,0.0,0.00016246779196075757,-0.14965826788117864,0.36666666666666664,0.3761294499203565,0.4666666666666667,4.416142105717205,0.0,9.340527734860272e-05,8.76652519670082e-05,-1.7956936438883916e-06,8.438671284237011e-05,3.966335255730001e-05,-1.303555715518684e-06,0.06666666666666667,19.41017083206332,0.0,5.0,0.0,1.03820568829078,0.00042975914948326343,5.0,0.43333333333333335,0.00022011868347616073,0.7519080329831197,-7.651232458240359e-06,0.1307942556643953,-1.8835451275163002,-0.05748945783525068,0.8393477069332655,2.7825813694105888,4.0,0.4666666666666667,0.0,0.9847768759914881,-0.31554461735895367,0.15271683405931277,0.3195879813972985,1.9990467540199146e-08,0.002542292307043238,0.0001384287056491973,0.00022238480882006022,2.123289676124607,0.0001653403868094793,2.829508427840059e-08,0.0
0.031262008077104546,0.9356588730588535,2.0,0.0010780002785208463,14.660934201237257,0.0377566590905189,0.03213345116625223,0.0323627075801292,0.0239751748740673,0.003083545370116693,9.508252049568092e-06,0.0,29.000130549642865,0.18333333333333335,0.03219911921769375,15.0,114.89686301086223,1.0,0.06666666666666667,0.0,0.030176842771470522,0.0,0.0,0.003943166928365799,0.10045825820610599,0.4,0.5559170281982557,0.26666666666666666,12.884061110596713,0.0,0.0024950930020875366,0.0024048648132332377,-0.0001426522202532862,0.0020674979314208013,0.0016607455909252028,0.0009788870811461986,0.0,-5.41073717836408,0.0,5.0,1.0,1.041925552555011,0.013781484216451603,6.0,0.3,0.032281061567171004,-0.4372714897237119,3.3960799994977944e-05,0.03711467522999196,-14.157363315704464,-8.160618211512404,0.812060996337229,11.512246315101493,4.0,0.26666666666666666,0.0,2.995953675166252,-0.5635199773323741,0.09785609783523437,0.5484816834951423,1.807207213563759e-05,0.0697410795837639,0.023028084750285373,0.027037259843828307,1.9892339445785598,0.01286516415214547,0.00018400051586623658,0.0,8.997276715564671e-08,0.0015281271662388463,1.0,3.1025092122636797e-09,12.648657876384263,8.909488678909838e-05,5.212140689157725e-05,4.992059257347137e-05,5.112198778078891e-06,1.680628400819765e-05,2.824511821642001e-10,0.0,29.000000005187285,0.18333333333333335,5.0907312470371835e-05,15.0,18028.369906559758,1.0,0.06666666666666667,0.0,5.1302677184139606e-05,0.0,0.0,2.1468967588589294e-05,0.9043045365332603,0.36666666666666664,0.5217053760226614,0.43333333333333335,4.118336703678697,0.0,1.2815239210289696e-05,1.3869453611952285e-05,-1.3625736003099332e-07,1.171672010968905e-05,9.504074114374816e-06,8.130227797664702e-07,0.0,4.950975293305334,0.0,6.0,1.0,1.0456287006262848,8.398268801101949e-05,6.0,0.43333333333333335,5.476396843291725e-05,-0.0057070765223752465,-7.775356982784395e-07,0.09518984004030401,-4.029070742356314,-0.014203864514791454,0.80235835324038,3.6017529578484,4.0,0.43333333333333335,0.0,1.4181416229538577,-0.40979159989331293,0.1470550096293821,0.4562444043892604,4.48472811177914e-10,0.00040221415474661626,3.83086994740521e-05,4.934962840809581e-05,2.029023548183269,2.8390332968423965e-05,8.973471949326113e-10,0.0,1.0519068771689353e-06,0.0046770615481351125,1.0,3.6272650936859836e-08,12.807065853022712,0.0004469153063837,0.00016166232938602044,0.0001623475230492,2.482132003933657e-05,9.44926125672461e-05,8.928853829783677e-09,0.0,29.000000208806078,0.18333333333333335,0.00015032618102848959,15.0,5650.106494128959,1.0,0.03333333333333333,0.0,8.813541799099109e-05,0.0,0.0,0.00012684279263335755,0.8808631727832612,0.4,0.4028567498352868,0.4666666666666667,4.647799941388068,0.0,7.356305840300623e-05,7.967900443150351e-05,-1.2070562827600553e-09,7.08433447774201e-05,3.966335255730001e-05,2.485728909958779e-05,0.06666666666666667,28.79171491539741,0.0,4.0,0.0,1.0344687381928106,0.00042209398634436346,5.0,0.3666666666666667,0.00018725267040097944,0.9070196150894896,-1.4294149535369729e-06,0.13707976250215836,-2.0296543086398997,-0.04606218339440908,0.8500659452158091,2.5061417845172125,4.0,0.4666666666666667,0.0,0.8803831748716029,-0.2989065110236985,0.15810385898133716,0.39570879383672297,1.9285708814274945e-08,0.002310691128513602,0.0001142559863592425,0.00017279022037048448,2.1542160362601144,0.00011190553050956009,1.3416930380038897e-08,0.0
0.029933115611575578,0.9070064462721329,2.0,0.001032176400399158,14.198541316378083,0.0377566590905189,0.03137378177295122,0.031340613961219746,0.0239751748740673,0.0036682881087895026,1.3456337649086465e-05,0.0,29.000192408854048,0.18333333333333335,0.0310276970267295,15.0,85.43539753721392,1.0,0.03333333333333333,0.0,0.034311288036406,0.0,0.0,0.005573550472036025,-0.9240343659023593,0.4,0.5013200227538441,0.36666666666666664,9.701220592942569,0.0,0.0031269532938798194,0.0026285921962096695,0.00020857142477199997,0.00282064778730275,0.0016607455909252028,0.0009788870811461986,0.0,9.202813388985286,0.0,6.0,1.0,1.0456287006262848,0.013781484216451603,6.0,0.3333333333333333,0.03158750576392274,-0.0947005221610722,-6.699529101793939e-05,0.04617801488260474,-11.844955093692592,-7.921890044835511,0.7587993314882041,9.137154193477961,4.0,0.36666666666666664,0.0,2.6747695613918796,-0.5395287841342815,0.11415451069135438,0.40166181540014334,2.2888395626040322e-05,0.07622917369008042,0.021951760823377794,0.02530202891023698,1.9498617683539303,0.011612913803862538,0.000173991695319312,0.0,7.76996798193948e-08,0.001406110086463741,1.0,2.679299304117062e-09,13.000971529071032,8.62791421241127e-05,4.884659768625473e-05,4.773190266860183e-05,5.112198778078891e-06,1.428282961427231e-05,2.0399922179033406e-10,0.0,29.000000004636927,0.18333333333333335,4.773034197569359e-05,15.0,45229.37479127656,1.0,0.03333333333333333,0.0,4.975401761839749e-05,0.0,0.0,1.2376273843983654e-05,2.4875610525810448,0.4,0.47945992198670445,0.43333333333333335,7.1051970959733985,0.0,9.854613761288218e-06,1.2958990078788765e-05,-1.6892352442514024e-07,6.396034223143943e-06,9.334489732282236e-06,1.4942124835215509e-06,0.0,24.01948944473676,0.0,7.0,0.0,1.0493154907686069,8.11669433460338e-05,6.0,0.43333333333333335,5.089193774374444e-05,-0.012320817509418824,-5.290142027531717e-07,0.09478099042460228,-4.316791285763089,-0.012992729234512187,0.8543281625626564,3.412009861858584,5.0,0.43333333333333335,0.0,1.3439134218870257,-0.4108738488760528,0.1448285901407464,0.3768694185865894,4.3388657466841367e-10,0.00037581071228487417,3.409587350289989e-05,4.3955244183850476e-05,2.0494846706621024,2.5690440267832523e-05,7.10282293271263e-10,0.0,1.111394386976182e-06,0.004815748845732488,2.0,3.832394437848904e-08,17.23326872581218,0.0004679838311858,0.0001638344833634925,0.0001623475230492,2.686098014237359e-05,0.00010101852120720352,1.0204741626890229e-08,0.0,29.000000151252898,0.18333333333333335,0.00015628353624678025,15.0,5650.106494128959,1.0,0.03333333333333333,0.0,9.302940779888755e-05,0.0,0.0,0.00013041020956729244,0.8322804926734468,0.36666666666666664,0.37815666494917427,0.43333333333333335,4.147548200546096,0.0,7.799328565546747e-05,7.631780917807935e-05,-4.994805174476772e-06,8.030042105625e-05,6.764650606780001e-05,-1.3035557155186976e-06,0.06666666666666667,12.455747978335557,0.0,4.0,0.0,1.0344687381928106,0.0004411228510434264,5.0,0.3666666666666667,0.00019247462057599368,0.9666996611884943,2.493486443406303e-06,0.1188029605427406,-2.0260192287215997,-0.05286691612733635,0.7613043506918863,2.994170654799466,4.0,0.43333333333333335,0.0,1.0290224460791875,-0.34728628091627495,0.14050948938118993,0.33495692347226835,2.0203003022796856e-08,0.0022132164661643012,0.00012326166832443106,0.0001999928345646676,2.149944248762203,0.00014606036255288582,2.1880160139833036e-08,0.0
0.031295195909245906,0.9321215339004978,2.0,0.0010791446865257208,14.024111716713513,0.0377566590905189,0.0320954935625195,0.0327276643365621,0.0251727234572172,0.0036128229894548344,1.3052489953133367e-05,0.0,29.000218319306942,0.18333333333333335,0.03162059187889095,15.0,132.61494378936618,1.0,0.03333333333333333,0.0,0.027060313802212455,0.0,0.0,0.0048736413009464775,-1.0481802330932646,0.4,0.522606034383381,0.3333333333333333,9.641812083496559,0.0,0.0030927287331885735,0.0027441961755012593,-5.208508207880337e-05,0.0028127273544669013,0.0016607455909252028,0.0004907688125968014,0.0,-1.880027771944988,0.0,5.0,0.0,1.041925552555011,0.012583935633301704,6.0,0.4,0.03229819185302582,-0.22697396820458357,-0.00010947593241587444,0.046336221697617794,-11.811325035612994,-8.105119311620417,0.7889454209064014,9.005941152199414,3.0,0.3333333333333333,0.0,2.5975850640958194,-0.5391100013886587,0.11114159436242264,0.381347852199159,2.7806815259735417e-05,0.07958168908953651,0.022946827058213503,0.027534392517685954,2.006101043526454,0.013479348952579602,0.00019605607193314155,0.0,7.926886470128434e-08,0.0014328929983093985,1.0,2.7334091276304944e-09,13.45304604372731,8.62791421241127e-05,4.879240447432191e-05,4.708447704615537e-05,5.112198778078891e-06,1.6173953000333066e-05,2.6159675565698296e-10,0.0,29.00000000541213,0.18333333333333335,5.106330354465172e-05,15.0,33278.53539236961,1.0,0.03333333333333333,0.0,4.975401761839749e-05,0.0,0.0,1.4608841411245521e-05,1.1882136548227038,0.36666666666666664,0.4714117981729373,0.4666666666666667,4.716858220397423,0.0,1.1537056658805038e-05,1.4529988816477647e-05,-1.191708210610849e-06,7.002846359682735e-06,1.112889003707096e-05,3.138608008157455e-06,0.0,8.294629383385924,0.0,6.0,0.0,1.0493154907686069,8.11669433460338e-05,7.0,0.4666666666666667,5.1403263418218996e-05,-0.23567931305499829,-3.4231671534032736e-07,0.1017917875975598,-3.8719403182077654,-0.01303299918554884,0.8245881117162308,3.390682623421121,5.0,0.4666666666666667,0.0,1.2883183002559082,-0.3923158563594005,0.1474530402483172,0.4572447990582219,3.9855242582870323e-10,0.0004213696756778518,3.60522053706687e-05,4.8011539551908995e-05,2.0884813304063687,2.7126864109859412e-05,8.179690202128592e-10,0.0,1.7531653607950896e-06,0.005294614828015691,1.0,6.045397795845137e-08,17.54962674895832,0.0007685635937377,0.00018727496523444133,0.0001663945889352,2.4133798433467742e-05,0.00015286246352939336,2.3366932756275112e-08,0.0,29.00000056702955,0.18333333333333335,0.00016502807193315809,15.0,3307.829938380969,1.0,0.03333333333333333,0.0,6.135528819867936e-05,0.0,0.0,0.00016520618410130895,4.661118819915215,0.36666666666666664,0.33450281559489436,0.4666666666666667,5.189113680754644,0.0,0.00010908919318655359,0.00012038296122696467,-2.621291686999992e-07,8.599413825620446e-05,6.764650606780001e-05,1.9917887887762237e-05,0.16666666666666666,52.02138542829988,0.0,5.0,0.0,1.0344687381928106,0.0007444297953042322,4.0,0.4,0.00024174127773269572,1.8924278516348396,1.963799483140944e-06,0.16401452856905546,-1.3801023176950922,-0.052722225292998026,0.8377923436509455,2.0261523776309223,4.0,0.4666666666666667,0.0,0.536408347310168,-0.2276086008466179,0.15888277074557433,0.3311321887737596,4.785820623244622e-08,0.0034911058755819754,0.00012829975663871402,0.00021733442417732907,2.135499626933265,0.00016450400132795253,2.81471980287859e-08,0.0
0.02907423361116996,0.8973921602591857,1.0,0.001002559779695516,14.346129353263745,0.0374792218208313,0.030961414612829637,0.030505361966788748,0.0251727234572172,0.003245292828820218,1.0531925544791932e-05,0.0,29.000210510363075,0.18333333333333335,0.0305884908884763,15.0,108.46096123154362,1.0,0.06666666666666667,0.0,0.030710647720843545,0.0,0.0,0.004458304261788674,-0.7245501835099804,0.4,0.511882436296024,0.3333333333333333,10.824814564593517,0.0,0.0026724195977051975,0.002624061408227879,5.688062258835509e-05,0.002511113261183001,0.0015064300969243015,0.0004608556628226991,0.0,-0.4908980078203129,0.0,7.0,1.0,1.0529862703469317,0.0123064983636141,7.0,0.43333333333333335,0.031131031469778383,0.27417033540055147,-3.147361869828623e-05,0.04615690134738362,-13.598191184161678,-7.616909526117856,0.7051407684303406,8.927589484398363,3.0,0.3333333333333333,0.0,2.6015794007720885,-0.5395846729039845,0.11352781081682077,0.7857761280284796,2.2713762807330055e-05,0.07609778083860849,0.022014829418643116,0.025860293511027213,1.9906262703699038,0.012060533570829498,0.0001583206087692201,0.0,6.191883850402605e-08,0.0012721501552732661,1.0,2.1351323622077947e-09,14.45049169948682,6.817743997089565e-05,4.3545692581877425e-05,4.4768066800315864e-05,5.112198778078891e-06,1.2951213882573346e-05,1.677339410321606e-10,0.0,29.000000003367337,0.18333333333333335,4.47037054982502e-05,15.0,61903.3597025157,1.0,0.06666666666666667,0.0,4.6104605553409775e-05,0.0,0.0,1.1836234989459626e-05,1.5872052696136505,0.4,0.4776987062938467,0.43333333333333335,7.261191008721164,0.0,9.197511058624107e-06,1.1174264037780912e-05,-1.6237980413154282e-07,6.804253644077107e-06,7.027285391814075e-06,3.138608008157455e-06,0.0,22.250484560545775,0.0,6.0,1.0,1.0493154907686069,6.306524119281676e-05,7.0,0.43333333333333335,4.543084066432774e-05,-0.7745836391974528,-3.259982449495746e-08,0.09388987372304541,-4.351693246293092,-0.011618585586123472,0.8187608738076728,3.8324817925895918,6.0,0.43333333333333335,0.0,1.4412612051276639,-0.4132326872037033,0.14482635312947603,0.5066627390423375,3.581720862519708e-10,0.0003240536570956465,3.085069056274123e-05,3.930709179849357e-05,2.0431056518777617,2.2157844308892418e-05,5.542953647768905e-10,0.0,2.4548939623007245e-06,0.006829584575945347,1.0,8.46515159414043e-08,18.10099878715338,0.0007685635937377,0.00023489980558218725,0.00021773855223720001,2.4133798433467742e-05,0.00016325403541967372,2.6651880080808082e-08,0.0,29.000000534480755,0.18333333333333335,0.00021434997567359613,15.0,1726.8985351178635,1.0,0.06666666666666667,0.0,6.135528819867936e-05,0.0,0.0,0.0002668153148987842,1.5143338775132866,0.36666666666666664,0.3888286218992416,0.43333333333333335,9.744936552594538,0.0,0.00013305019007625265,0.00010313662438084717,1.1403685610939697e-05,0.00013733810155820448,2.4857289099599982e-05,4.508163935200015e-06,0.1,39.69924097130586,0.0,3.0,1.0,1.0231514950359846,0.0007444297953042322,3.0,0.33333333333333337,0.00028605908260944535,0.9900511515248827,7.440456486069612e-06,0.14752872363185104,-1.724005414676028,-0.0680397209648542,0.8281368836339863,2.184524220249498,4.0,0.43333333333333335,0.0,0.6733954361056087,-0.27124749626862954,0.15307202892893354,0.5472476758245939,5.101163708019619e-08,0.002990962107044568,0.0001633230526358536,0.0002695881863955432,2.1424062863821214,0.00019449583325051577,3.8423247946658966e-08,0.0
0.028654319488344005,0.8884955327957853,1.0,0.00098807998235669,14.9396316673597,0.0374792218208313,0.030728613461057295,0.03046814445406195,0.0251727234572172,0.003300954059923964,1.08962977057285e-05,0.0,29.000217578507325,0.18333333333333335,0.03059555683284995,15.0,112.9145849212459,0.9864136635272994,0.06666666666666667,0.0,0.027018698211759312,0.0,0.0,0.004978747572749829,-0.72812335732934,0.36666666666666664,0.5132669725205649,0.3,7.235342404735648,0.0,0.002702525655428569,0.0027071606239368103,3.934484617463785e-05,0.0026336368173360495,0.0017370898276566973,0.0,0.0,13.26711710322251,0.0,7.0,1.0,1.0566413762796891,0.0123064983636141,7.0,0.43333333333333335,0.03090540378226436,0.3859039013372952,9.807277972228762e-05,0.045321201034831705,-12.80677673283647,-7.6774275869457105,0.7885975030929989,9.099197306760928,5.0,0.3,0.0,2.5895554404617687,-0.5417968207901513,0.10819830605437625,0.7868868730431806,2.006619562859587e-05,0.0785076580941675,0.021552051720571966,0.025052809198078802,1.9701612354832083,0.011615011395334225,0.00015388996588303706,0.0,6.189283401369299e-08,0.0012720562672257074,1.0,2.134235655644586e-09,14.22133021272931,6.817743997089565e-05,4.3077246603691793e-05,4.282160625734832e-05,5.112198778078891e-06,1.440296122913005e-05,2.0744529216782338e-10,0.0,29.00000000343499,0.18333333333333335,4.316444574214984e-05,15.0,22860.30680548397,1.0,0.06666666666666667,0.0,3.9798081434128105e-05,0.0,0.0,1.6937561667873517e-05,0.2776637641796653,0.4,0.4894948402531885,0.4,7.133161410101826,0.0,1.12096534697533e-05,1.1691898807525987e-05,1.0447539384115552e-06,9.309203960583545e-06,8.89835791895166e-06,5.252633854979656e-06,0.0,13.671222533071138,0.0,6.0,1.0,1.0456287006262848,6.306524119281676e-05,6.0,0.4,4.54212997075502e-05,-0.5058574124348839,-2.8493094748923754e-08,0.09623019432122651,-3.726511182954147,-0.01206975315515708,0.8528780200314257,3.4675433857202793,5.0,0.4,0.0,1.3112068164720618,-0.4070377209144004,0.13927815812628583,0.4760329874185625,3.3047723513435633e-10,0.00033906506541825365,3.14477187454914e-05,4.196296651712698e-05,2.060913107630389,2.541314149442733e-05,6.89919711969054e-10,0.0,3.043215721685385e-06,0.007852695965992355,1.0,1.04938473161565e-07,16.11944138179715,0.0007685635937377,0.00027165954100680516,0.00030497141415249996,2.4133798433467742e-05,0.00016625768504388442,2.7641617836151466e-08,0.0,29.00000061284729,0.18333333333333335,0.00022336630354394613,15.0,2989.1029463258647,1.0,0.06666666666666667,0.0,0.00035912720632037224,0.0,0.0,0.00020781772946067503,0.6319263937533344,0.36666666666666664,0.36500510095876076,0.4666666666666667,5.682346672695791,0.0,0.00013646563346910112,0.00011541566145123018,8.252307327048277e-06,0.0001119003864005,2.0194478565800015e-05,4.50816393519996e-06,0.1,36.934397028278674,0.0,4.0,0.0,1.0307143207389022,0.0007444297953042322,4.0,0.4,0.0003184972905005308,0.47308491856018214,5.142111691920027e-06,0.14577685830434,-1.9460716796183473,-0.07437723406056738,0.8245096981206406,2.2830807884586566,5.0,0.4666666666666667,0.0,0.7542116350779184,-0.2758847868414529,0.1597840657354283,0.4727722720760388,5.6544956430479263e-08,0.003347054182085675,0.00019180116237474756,0.0002943679254715981,2.1403180911111823,0.000201441261898654,4.076869491757921e-08,0.0
