CO_abs_energy,CO_auc,CO_autocorr,CO_average_power,CO_calc_centroid,CO_calc_max,CO_calc_mean,CO_calc_median,CO_calc_min,CO_calc_std,CO_calc_var,CO_distance,CO_ecdf,CO_ecdf_percentile,CO_ecdf_slope,CO_entropy,CO_fundamental_frequency,CO_hist_mode,CO_interq_range,CO_kurtosis,CO_lempel_ziv,CO_lpcc,CO_max_frequency,CO_max_power_spectrum,CO_mean_abs_deviation,CO_mean_abs_diff,CO_mean_diff,CO_median_abs_deviation,CO_median_abs_diff,CO_median_diff,CO_mfcc,CO_negative_turning,CO_neighbourhood_peaks,CO_petrosian_fractal_dimension,CO_pk_pk_distance,CO_positive_turning,CO_power_bandwidth,CO_rms,CO_skewness,CO_slope,CO_spectral_centroid,CO_spectral_decrease,CO_spectral_distance,CO_spectral_entropy,CO_spectral_kurtosis,CO_spectral_positive_turning,CO_spectral_roll_off,CO_spectral_skewness,CO_spectral_slope,CO_spectral_spread,CO_spectral_variation,CO_spectrogram_mean_coeff,CO_sum_abs_diff,CO_wavelet_abs_mean,CO_wavelet_energy,CO_wavelet_entropy,CO_wavelet_std,CO_wavelet_var,NO2_abs_energy,NO2_auc,NO2_autocorr,NO2_average_power,NO2_calc_centroid,NO2_calc_max,NO2_calc_mean,NO2_calc_median,NO2_calc_min,NO2_calc_std,NO2_calc_var,NO2_distance,NO2_ecdf,NO2_ecdf_percentile,NO2_ecdf_slope,NO2_fundamental_frequency,NO2_hist_mode,NO2_interq_range,NO2_kurtosis,NO2_lempel_ziv,NO2_lpcc,NO2_max_frequency,NO2_max_power_spectrum,NO2_mean_abs_deviation,NO2_mean_abs_diff,NO2_mean_diff,NO2_median_abs_deviation,NO2_median_abs_diff,NO2_median_diff,NO2_mfcc,NO2_negative_turning,NO2_neighbourhood_peaks,NO2_petrosian_fractal_dimension,NO2_pk_pk_distance,NO2_positive_turning,NO2_power_bandwidth,NO2_rms,NO2_skewness,NO2_slope,NO2_spectral_centroid,NO2_spectral_decrease,NO2_spectral_distance,NO2_spectral_entropy,NO2_spectral_kurtosis,NO2_spectral_positive_turning,NO2_spectral_roll_off,NO2_spectral_skewness,NO2_spectral_slope,NO2_spectral_spread,NO2_spectral_variation,NO2_spectrogram_mean_coeff,NO2_sum_abs_diff,NO2_wavelet_abs_mean,NO2_wavelet_energy,NO2_wavelet_entropy,NO2_wavelet_std,NO2_wavelet_var,SO2_abs_energy,SO2_auc,SO2_autocorr,SO2_average_power,SO2_calc_centroid,SO2_calc_max,SO2_calc_mean,SO2_calc_median,SO2_calc_min,SO2_calc_std,SO2_calc_var,SO2_distance,SO2_ecdf,SO2_ecdf_percentile,SO2_ecdf_slope,SO2_entropy,SO2_fundamental_frequency,SO2_hist_mode,SO2_interq_range,SO2_kurtosis,SO2_lempel_ziv,SO2_lpcc,SO2_max_frequency,SO2_max_power_spectrum,SO2_mean_abs_deviation,SO2_mean_abs_diff,SO2_mean_diff,SO2_median_abs_deviation,SO2_median_abs_diff,SO2_median_diff,SO2_median_frequency,SO2_mfcc,SO2_negative_turning,SO2_neighbourhood_peaks,SO2_petrosian_fractal_dimension,SO2_pk_pk_distance,SO2_positive_turning,SO2_power_bandwidth,SO2_rms,SO2_skewness,SO2_slope,SO2_spectral_centroid,SO2_spectral_decrease,SO2_spectral_distance,SO2_spectral_entropy,SO2_spectral_kurtosis,SO2_spectral_positive_turning,SO2_spectral_roll_off,SO2_spectral_skewness,SO2_spectral_slope,SO2_spectral_spread,SO2_spectral_variation,SO2_spectrogram_mean_coeff,SO2_sum_abs_diff,SO2_wavelet_abs_mean,SO2_wavelet_energy,SO2_wavelet_entropy,SO2_wavelet_std,SO2_wavelet_var
0.2460354981881575,0.30019219041532536,-0.5376153470168104,0.24603549818829512,1.1430767535163275,1.178777635502873,0.2062568767171123,0.13311336875138183,-1.0605681571254448,1.3758850487643117,1.4750678639779515,0.8146687569933257,-2.7755575615628914e-17,0.24983312702426508,-0.3098500328451315,-4.847679857416344,1.04595272073698,0.1885470093766466,-0.44878139608574674,0.7811726922015839,1.05482532549978,1.817791213812363,0.3974061900941258,-1.4845320905026786,0.8118199591965433,0.7776609431466569,1.3117582377845647,-0.30072019377953474,0.5732331968670932,-1.1706247715819913,-0.8689738321046357,0.6446583712203044,-0.8304547985373997,0.8936438769722542,1.5519811725150379,0.6064784348631229,1.060650887736496,0.26662671134365984,-0.2533438140234533,1.313180106809999,0.7550963742283746,1.0865353624932523,-0.7616747843942314,0.40076544537214936,-0.7249847677557436,-0.1486132213854206,0.3974061900941258,-0.7767178975841854,0.7550963742283715,0.5268146917017971,0.8565691054162502,0.7961908601839645,0.7776609431466931,0.2987970737403621,0.44267096325944816,-0.23550814846818174,1.037424421588309,1.1790156053146332,-1.2427885081283498,-1.3265637532921704,-0.48675433187615796,-1.2427885081283492,-0.5589469796009653,-1.0948440363662502,-1.347857274729328,-1.2344362631530086,-0.4020910669557297,-0.29324209682492575,-0.45918823558248767,-0.02924334794418587,-2.7755575615628914e-17,-1.3358791868193662,-0.4873451671068978,0.3883749130272102,-1.7109297698698196,0.2772407000084605,-0.4469926952660325,1.2895904304316432,0.9983338231002954,0.8071234484327751,-1.2501854662202037,-0.22494296216050275,0.44134426602013893,0.5623373928098412,0.25325339656821966,0.23015830708412152,-1.8658171069320557,0.10592739823527446,1.4172313677814994,1.0206207261596576,1.4414265858145427,-0.3542231202849172,1.4296268446777662,1.6180951353415145,-1.3884986473343837,-0.027397852300723294,-0.4060296293375472,0.5172546259642379,0.49075613536287677,1.397570580469744,0.47303142651409547,-0.4793325445407881,0.8944271909999157,0.8071234484327751,-0.496119149577181,0.5172546259642347,0.7743829950160347,0.39323625193942896,-0.4353907871593124,0.4413442660202772,-1.2755872322422108,-1.4371884220588667,-0.36616284874386373,-1.1121007941372947,-0.9831059762094193,1.639385171991522,1.4809570785190855,0.6709364822692796,1.6393851719915213,1.2071375198510832,1.2007805384651582,1.4357623778060187,1.2721747429415922,0.49199050080488205,1.3093830009108443,1.6822995697667553,-0.10796498273026277,-2.7755575615628914e-17,1.9110959645742678,-0.6921836655538713,-6.928203230275504,-0.6125845862082029,0.5830181602428256,0.842651771689488,-0.45774470805154044,0.44172610429938575,0.8519279714492766,-0.16760328696029908,0.0028874971838032237,1.2532339590913535,-0.016990343461756662,0.8476512822585116,0.6158665788789133,0.05897486682106503,-0.01686206867527306,-0.1005240914749065,-0.505992674668103,-1.3620104492139977,-0.762000762001143,-0.8463480414861005,1.0948935407376448,-0.8623488890180728,-0.6458228630438656,1.4651651533053673,-0.4494509580940392,1.986459390014248,-0.5140318739808512,0.11643272599177855,-1.6422881102665516,-0.641667038537931,0.10406729859557348,0.23896987045393736,-0.16760328696029908,0.34235178925750565,-0.5140318739808485,-0.3476362679882577,-0.9329187259326269,1.3297000900465166,-0.016990343462064825,1.6008217064144248,1.7023469392801451,-0.6813380210236682,1.6853715354040688,2.168701530212359
1.1698953840415702,1.1394594149246022,-1.180131249549096,1.1698953840411586,-0.37974638140234673,1.178777635502873,1.1986751381482152,0.8324418746376699,1.4121177345407432,-0.3286994003155292,-0.42574040994753476,0.5279069877593109,-2.7755575615628914e-17,0.862092604641244,0.5899378425931513,0.20628424925174263,2.6475678243654865,1.1271687722931432,-1.240711837801995,1.3295588344614075,-0.23733569823745304,-0.7798714012295812,1.2628685596324454,-1.4600538467382067,-0.6059247725237268,0.6158995292531134,-2.13973579716429,-1.352703882433454,0.5732331968670932,-1.1706247715819913,1.5937123922913712,0.6446583712203044,1.2041594578792294,0.6221974626379696,0.2022356462296136,0.6064784348631229,0.4455988936644451,1.1671140250564946,1.63571835964804,-0.3443619325002713,0.9987184517893415,0.2761135335981536,-0.3308775204157318,1.0429278228827183,-0.8187762411886361,1.0650614199288506,1.2628685596324454,-0.8406206806107115,0.9987184517893422,1.2864531159592554,1.327407863808953,-1.1360487625959914,0.6158995292530985,1.0314906175862837,0.7141588229628293,0.015856173199966943,-0.5403012185314209,-0.9139830930387774,-0.9004618668601906,-0.9846327409147249,-0.48675433187615796,-0.9004618668601901,0.7391951938208532,-0.2788812216257771,-0.9385854776174217,-0.8448347589662587,-0.4020910669557297,-0.04573973273331972,-0.21598988427944932,0.035702745170704625,-2.7755575615628914e-17,-1.053723346458029,-0.287461305564556,0.3883749130272102,0.14655214045850057,-0.32292915620158363,-0.08371154352344931,1.2895904304316432,-1.2189815412626885,0.8071234484327751,-0.5055693375524914,-0.07056726194763532,0.5895906021000988,-0.008455833563775479,-0.08969508373141179,1.4455329766417124,-1.8658171069320557,0.6468961935813703,1.4172313677814994,-0.9797958971132712,1.2118531986314736,0.14483307615201085,0.965708199716107,1.111471099355992,-0.9528789450901147,0.05200926820737265,0.43478409801063467,0.6314189111135308,0.5413767102940549,0.9690917503205818,0.5480686824160252,-0.45351464431259714,0.8944271909999157,0.8071234484327751,-0.47043993683182805,0.6314189111135299,0.84592598679133,1.210457678797795,0.05245168131311755,0.5895906020998816,-0.9843959887700425,-0.8746818259688436,1.0707335090383054,-0.743261175466552,-0.8263335037930873,2.7242017569808112,2.457901304234628,0.6709364822692796,2.7242017569808104,0.8446086452895681,1.2007805384651582,2.459430783846013,2.3121406647522567,4.943287482461745,0.5989226140817331,0.5748911970878291,-0.5718564527664236,-2.7755575615628914e-17,2.2205256745010393,-0.6279644270498621,0.14433756729741146,-0.6125845862082029,0.7680180364810774,1.0212530247288494,-0.5594146864334354,0.44172610429938575,1.696475354821475,-1.9926168560835413,0.367851034144557,0.6882926654030881,-0.12108769917125763,0.41569109508019614,1.3862271557778107,0.845975425423031,-0.2530371458732991,-1.085660187928986,0.19446628164202964,-0.7661308776828737,1.3123346456686351,-0.8463480414861005,0.10335899571276859,-0.8623488890180728,-0.920999561210382,2.1600997124806405,-0.33155427009349386,1.439043779561505,-1.3399650465057906,-1.2543791865794665,-2.253053271356535,-0.7815472655005324,2.2454249442412517,-0.5416650396955911,-1.9926168560835413,1.8692746416451753,-1.3399650465057902,-1.3800491399904602,-0.49727954667390417,0.6233417178527381,-0.12108769917148803,2.2798907172766616,1.5544409981275928,-1.3706064728786354,1.117065392801989,1.3196871871383151
0.7814370713343723,0.8837997299208736,-1.180131249549096,0.7814370713344558,-0.12347014518029613,0.17092012975944612,0.8578361895145028,0.6050180396676934,2.742295749854776,-1.44988409976808,-1.3335583363981758,-0.005118878949862316,-2.7755575615628914e-17,0.7963111111606542,0.6821215216573734,0.20628424925174263,2.6475678243654865,-0.2508348148409878,-1.505404317981191,1.4338537416751378,1.05482532549978,0.45184846169107984,0.3974061900941258,-0.9764104694427104,-1.5422925792361626,0.1418724639187232,-0.043024466962284215,-1.519172855678026,-0.23234388663668146,-0.12173381424284727,0.19931665521164368,0.6446583712203044,-0.8304547985373997,0.6221974626379696,-1.35582420510274,0.6064784348631229,0.4455988936644451,0.7925121423711912,1.8129099477576736,-0.14051874078039592,0.03578261083514683,-0.9828938871113791,0.1299314975245669,0.8132065310195815,-0.4836364601035707,1.0650614199288506,0.3974061900941258,-0.40723023071742054,0.03578261083514561,0.3060532704900203,1.6634346320896602,-1.095117220787519,0.14187246391876926,0.8679745846917455,0.45676036778632745,-0.4082292943613766,-0.43757853178053546,-0.47260795616217904,-0.8723214939398074,-0.9893912986524521,-0.48675433187615796,-0.8723214939398075,0.10566159468044381,-0.2788812216257771,-1.038212199831838,-0.8177991143925218,-1.0095941570950955,0.7966907983149186,0.766765110429918,0.5168710758957163,-2.7755575615628914e-17,-0.9770869947051564,-0.6286424782828356,0.3883749130272102,-1.5183402158221697,0.4126101115231583,-0.3804826829484967,1.2895904304316432,-0.38327185375251527,1.1666602572801026,-0.22204613903956757,0.811500098355789,0.959220895967591,-1.6910412614251251,0.6513361735713675,1.445532976641714,-1.6371037147272012,-0.35210612809101666,0.9573350961173043,1.0206207261596576,0.9812784984223476,0.62136024870409,0.965708199716107,-0.1550889906078135,-0.918415406662263,-0.4245885655903575,-0.20528501796439513,1.2170995895199728,0.7890754860679877,0.9501990443433704,0.10614978800691037,-0.5880964368914365,0.11180339887498943,1.1666602572801026,-0.7786379720068519,1.2170995895199739,1.0540226124834557,1.3484710381221363,0.42955700460297835,0.9592208959678973,-0.798458912281475,-0.5268088068530717,1.2627611071291511,-0.12395037880288133,-0.38385305976604206,2.6127053152251385,2.318951709280778,0.6709364822692796,2.612705315225138,-0.5440582773564231,1.2007805384651582,2.2774275424050923,2.3121406647522567,1.549113917775419,1.0386370797850206,1.2363512200321574,-0.48662798859210504,-2.7755575615628914e-17,1.9448542957781636,-0.6279644270498621,0.14433756729741146,-0.6125845862082029,2.07601559117541,1.0089030967275279,-0.5286621928342681,2.2454410301885526,1.5616183746960262,-1.536363463802731,0.2853269499215643,1.0229793232783486,0.21960495199653574,-0.7111186673121532,1.334949073315466,0.8459754254230343,-1.7246195783670992,-1.085660187928986,-1.193077437100829,-0.7661308776828737,-0.762000762001143,-0.5181834197460176,0.859417365905972,-0.20211302086361088,-0.37064616487734847,2.092879144958753,-0.7262986482708625,-1.208396887984068,-1.2320431381137142,-0.7909634022446598,-2.2713133846853255,-0.9328127480101587,1.8325443503804737,-1.3222999498451196,-1.536363463802731,1.6007270468029113,-1.2320431381137125,-1.2807594546170646,-0.764641240977277,1.147456596850062,0.2196049519961534,2.365934240944401,1.752154875715733,-1.1321378362871086,1.3141034948628547,1.5757863978369686
1.1248359326747612,1.1434005376047622,-1.180131249549096,1.1248359326743935,0.1868738260275456,0.17092012975944612,1.169675160631561,0.9851424091402906,2.0393974337777174,-0.7278382696917886,-0.780070658843301,0.6141686780970993,-2.7755575615628914e-17,1.0451294628198184,0.9345345134141654,0.20628424925174263,-0.5556623828915209,-0.3107962401032063,-0.5602516709890806,-0.735801042333714,-1.5294967219746796,-0.4932616656569469,1.2628685596324454,-0.6624462662136034,-0.6826447951253785,0.8723408858006781,1.4106113261747497,-0.39330159707620893,1.7454159463049983,0.6112004700982498,-0.9978043905689038,1.2087344460380707,1.2041594578792294,1.433025093976994,-0.9721386505581325,1.6678156958735875,1.3681768847725206,1.1239513200119235,0.7292692232685237,0.18262286719287696,0.9725170830505329,0.14069529696116193,-0.17278988099831494,1.4668749014292946,-0.8723166127411424,-0.1486132213854206,1.2628685596324454,-0.9354306370435422,0.9725170830505272,1.1775043189851153,1.0737479429900272,-0.9028591659841814,0.8723408858007196,0.9990149795637031,0.8570372978240494,0.1524808609625803,-0.05426344294868593,-0.4688403167514299,-1.123000835268078,-1.4096048273568644,-0.48675433187615796,-1.1230008352680774,-0.5443458236237989,-0.2788812216257771,-1.4339106146631642,-1.1610468161397693,-1.4850092063939315,1.1308826961280338,1.2229916299010029,0.9137035768803895,-2.7755575615628914e-17,-1.7642500759126587,-0.550990878977391,-0.7310586598159254,0.12765699780865716,0.548086786129595,-0.3909367795515215,0.05057217374241451,-1.6378024738008488,0.4475866395854488,-0.02954292146000647,1.1118260762040872,1.2341579370736175,-0.05109891951193687,0.6554998749303147,1.9208631349889296,-0.17191834350478616,1.7514885987706243,0.9573350961173043,1.0206207261596576,0.9812784984223476,0.9942771818164962,0.965708199716107,0.35153504537770897,-1.2324414143577505,-0.3681081346223858,-0.6241106282270795,1.1115394767528284,0.9232366789352352,0.8810486627099028,0.2815263908025499,-0.5869724215388065,-0.6708203932499369,0.4475866395854488,-0.8383329326009709,1.11153947675283,0.5591510234874695,-0.2823715338161562,1.4654804964017503,1.2341579370738918,-1.4859066558761662,-1.0737029071011566,0.5068435711569107,-0.15217664962633598,-0.09732040567395767,1.9824633205905686,1.6222484834832496,0.6709364822692796,1.9824633205905682,-1.5055701223609796,1.2007805384651582,1.667320634296363,1.1953264278191982,0.6392388060419721,1.4860591287126552,1.9891948819613205,-0.41854524191172343,-2.7755575615628914e-17,1.8137226844576482,-0.7856307090291451,0.14433756729741146,-0.6125845862082029,-0.018406339881419594,1.9656967099993494,-0.6080372203162691,0.44172610429938575,0.39905928076838715,-1.0801100715219196,0.39767006397364574,1.6366162978445717,0.3320239893196033,-1.8811768254768695,1.4962690022270957,0.8459754254260855,-3.429977271949355,-1.085660187928986,-0.27620601090887975,-0.17025130615174966,-0.762000762001143,0.13326534651356187,1.0620937113975526,0.45812284729085107,-1.1961762593768983,1.695606202517986,-0.28825846018432966,-2.3342443061756337,-0.89300250590069,-0.04372343133138018,-2.013947464722431,-0.699416194242602,0.6386895881367239,0.23896987045393736,-1.0801100715219196,0.6705646576289658,-0.8930025059006889,-1.1592235082627147,-0.789344430111222,1.3598864167031166,0.3320239893190932,1.5842485947819487,1.716413373948973,0.11511044179022104,1.7188316402664987,2.098606940728342
1.4873474864672434,1.4947196850900628,-0.5376153470168104,1.4873474864671377,0.860539622282002,-0.05985593701210484,1.5205806641597683,1.4694595420795382,2.0393974337777174,-0.7876622478739334,-0.8302109464449409,0.007090060411421687,-2.7755575615628914e-17,1.6562223445188367,-0.42470752547229795,0.20628424925174263,-0.5556623828915209,-0.3469259558768625,0.14346749946520254,-1.2774347253725131,1.05482532549978,0.8000931893108416,0.3974061900941258,-0.6575364311552645,-0.534193651106832,0.02735643205671527,0.17676582895363321,0.3142822889135208,-0.3986474892464923,-0.12173381424307737,0.6904761637526052,0.08058229640253824,-0.8304547985373997,0.07566511220620867,-1.1626396474237881,0.07580980435789053,1.3681768847725206,1.4691081698779325,-0.30977264292992424,0.9191923159423118,-0.022289831743053188,-0.3268547298358251,-1.143867673379263,0.8056098693435926,-0.3335798773150564,-0.1486132213854206,0.3974061900941258,-0.19648716457205928,-0.022289831743050957,0.3053903020814133,0.014392910845374864,-0.5734488663274986,0.02735643205677041,1.5446835452704586,1.5029745070262095,0.10527655034626415,1.0469420032359105,0.7788302509563177,-0.5198997409836489,-0.714314434628018,-0.48675433187615796,-0.5198997409836484,0.3688740122262165,-0.2788812216257771,-0.7196908677372301,-0.38962616872774763,-1.4850092063939315,1.415387654901573,1.6410967130380136,0.8099087408392512,-2.7755575615628914e-17,-0.37414012456169393,-0.9535650820863771,-0.7310586598159254,1.5292378304855951,1.8017768122274833,-0.3888328711852894,1.2895904304316432,-1.9480504489163077,0.4475866395854488,0.1262487725172186,1.4729742861227564,1.0729127945346246,1.7038452333006953,1.7388977775070495,1.492130067641495,1.9992322295741,-0.6478007431325958,0.037542552788913934,-0.9797958971132712,0.28332583686328683,0.9942771818164962,0.5017895547544478,0.09822302738494794,-0.5018270438401826,-1.0147756802268386,0.28215023826942315,0.8967158976789165,0.8784509853974776,0.06990087496885662,0.49684465743498557,-0.5669186104085806,0.11180339887498943,0.4475866395854488,-0.7980587479944865,0.8967158976789145,0.34937216409075283,-0.321475039255908,1.766228623664036,1.0729127945343577,-0.7242370295402023,0.21567301677531958,2.079808224304413,0.9721971478760137,0.7892692888541613,0.29862660936826385,0.232102381953831,0.6709364822692796,0.29862660936826296,-1.8168105320511805,0.9993888112267869,0.21293361292771576,-0.4068294267574427,-0.599559429561513,0.9939078584963644,1.1655138303160448,-0.5663382517143025,-2.7755575615628914e-17,0.09124093362829934,-0.5776379710603257,0.14433756729741146,0.96723882032874,0.2183400768848376,-0.0011483567116286253,-0.0001923222816393286,0.44172610429938575,0.324000888807582,0.2886501053205131,-0.9612120893987695,0.7761475471805148,-0.05261495965711084,-1.476078928568228,0.00167376725439184,0.809491753795779,-1.9333199535393846,-0.1005240914749065,-1.298650217150573,0.42562826537937437,-0.762000762001143,0.13326534651356187,1.1360252002340794,-0.20211302086361088,-0.0954694667108322,0.42700667109890994,0.5447812935199483,-1.9654025421870336,-0.40472815044380095,0.4908750748415936,-0.6669818636134018,-0.9395494891069401,0.24387686500197603,0.23896987045393736,0.2886501053205131,0.47276595659281107,-0.4047281504438001,-0.2300845920161733,-0.6461587136306863,1.1437828584009115,-0.05261495965745362,0.48884673496787023,1.0369689148616112,0.2186116886854522,1.2458165081791213,1.3309784488361605
1.6452230237155172,1.633425928037997,-0.5376153470168104,1.6452230237156762,0.3838647087780719,-0.05985593701210484,1.6765258016989297,1.5936777444162904,2.0393974337777174,-0.9550634671489521,-0.9664037069644719,-0.1370577367553378,-2.7755575615628914e-17,1.7275207857722545,-0.06683658774810813,0.20628424925174263,-0.5556623828915209,-0.3469259558768625,-0.6262360330416099,-0.6905329434773277,1.05482532549978,0.44774331272783746,0.3974061900941258,0.17057645642163993,-0.9067574119094741,-0.2955408292777174,-0.9482131223892837,-0.6270209471324023,-1.2644645915663333,-0.7306016263646111,1.4145572267206192,-0.48349377841522795,1.2041594578792294,-0.47590001136131643,-1.1626396474237881,-0.4548588261473418,1.3681768847725206,1.61795664377766,-0.7567801085421788,0.45762011233989097,-0.11462932360973414,-0.52890417045753,-1.2301337972090687,0.8996337802170834,-0.3191975203742997,-0.1486132213854206,0.3974061900941258,-0.16532855240528668,-0.1146293236097384,0.2388041410250184,-0.2430371597371208,-1.0027075578729603,-0.29554082927778846,1.557010350488724,1.0291607806918754,-1.1679592182800258,0.019343033703636294,0.39971569385158057,-0.3221439472443536,-0.4689068769525231,-0.48675433187615796,-0.322143947244353,1.6770861352701465,-0.8023898631211502,-0.454737123837391,0.3369695791619003,-1.4850092063939315,1.2518374274644843,1.39740638649893,0.4461621306231185,-2.7755575615628914e-17,-0.32555983254289894,-0.52837393730406,-0.7310586598159254,1.0168281416366693,1.4059185895399267,-0.08895203658865003,0.05057217374241451,-1.6169126895749582,0.4475866395854488,0.5666224598335268,1.3466579742963127,0.4105659920148348,0.8495928595046328,0.32712354781732667,0.5700930686303545,-0.30768043916852106,-0.35512133530799084,-0.4223537188752812,1.0206207261596576,-0.18739955109523565,0.6740907386271198,0.03787090979278855,-0.6617130265933351,-0.2790561738637558,-1.5306309750221987,1.6572545362773865,0.48497505056896467,0.7495002811545992,-0.12113299365771818,-0.21321422514170385,-0.42096626824333194,0.11180339887498943,0.4475866395854488,-0.496489388923571,0.48497505056896467,0.29635492355688575,-1.0242346089530376,1.7817768682269555,0.41056599201479926,-0.41695087480775356,0.6236585551178677,1.6108351844424458,1.873778773148317,1.6984614928476414,-1.0318914683880827,-1.1225447218667246,0.026311234598795308,-1.031891468388083,-1.764140664300766,-0.5736079984460207,-1.0832325847552062,-0.8554189434930721,-0.599559429561513,-0.6808606196934106,-0.9079213841278385,-0.8366565937117433,-2.7755575615628914e-17,-1.1794598408868333,0.1425805807735915,0.14433756729741146,0.96723882032874,0.005009289118759919,-0.7217334308516077,0.25506948254814155,0.44172610429938575,-0.35609723539062876,0.2886501053205131,-0.6662460986935511,-0.7341237729584783,-0.7167967848376531,-1.6682925430289262,-0.4320687306120132,-0.281993016517887,-0.5715740435750798,-0.1005240914749065,0.7639339626440826,-0.17025130615174966,-0.762000762001143,-0.5181834197460176,-0.4418248001875868,-0.8623488890180728,-0.37064616487734847,-1.0511871597704243,0.5513757240704603,-1.0773359791480028,0.3711239494346019,0.6926263158150334,0.8745926974081907,0.4231958616185361,-0.558687933910399,0.23896987045393736,0.2886501053205131,-0.4597527438586613,0.37112394943460353,0.36098685941457137,-0.13364724754008436,-1.1930656772202508,-0.7167967848376733,-1.1738174333852103,-0.990649707847979,0.363581299704388,-0.7400505321738248,-0.842563565684814
0.9160363673320111,1.0169294263555222,0.747416458047761,0.9160363673322277,-1.2667570143177518,-0.07193270386195866,0.9042333778411052,1.2452166390844193,-0.4917179046182377,0.7568732471960642,0.7121678540763307,-0.39253108542802706,-2.7755575615628914e-17,1.1707623708734225,0.2878759363996764,0.20628424925174263,-0.5556623828915209,1.4678038632503592,-0.9345001593631531,0.9037750944502149,-0.23733569823745304,1.363842010490932,0.3974061900941258,-0.47378290703517945,0.3560845555678457,-0.7322366209129321,-0.82998130052575,-0.8547078780590285,-1.2644645915664765,-0.7306016263646111,-0.7289091745980701,-1.0475698532329942,-0.8304547985373997,-1.0327263670917681,0.20903117176739372,-0.9855274566525741,-1.7070830855877313,0.9229546620579601,-2.224236661581325,-1.410987703534971,-0.2151529163758833,0.2585769190821862,-1.2861557865343485,-0.969916387761416,-0.03417863978218231,-1.362287862699692,0.3974061900941258,0.17277305881837454,-0.21515291637588338,0.14402783420946863,-1.1639065262724062,0.29475001094560643,-0.7322366209129048,1.1241466957118786,0.7045229002759179,-2.49007909519427,0.6337337325521514,1.8427519813069784,-0.05955776058043759,-0.08860682226632216,0.06791920909899887,-0.05955776058043762,1.935142072694412,-1.1972552554751736,-0.13795388096722094,0.8531522771779858,-1.4850092063939315,1.1372202261484925,1.2320076438365946,-0.3205550434768815,-2.7755575615628914e-17,-0.16393653421230983,2.6174950663067515,-0.7310586598159254,1.2253713878810704,-0.06280771492219854,0.5575450111248499,-2.4274643396360327,0.02944727145752392,-0.2714869781092055,-0.24454434496255112,1.0326087554072843,-0.48837341635613896,2.010987091236089,-1.1835793297969666,-1.1024979668051877,-0.30768043916852106,0.8017272977807179,-0.4223537188752812,1.0206207261596576,-0.6626958197018853,0.4325846096064591,-0.8899663801305299,-1.1683370625788576,0.00609481068442105,-2.174365951000635,2.3109632530559026,0.27091944315580024,0.6973855625906604,-0.5011375980098984,-0.10726057068916944,-0.3991814234348769,-1.4534441853748632,-0.2714869781092055,-0.47349419353208966,0.27091944315580063,0.0173866413063731,-1.2067136760500485,0.5543713583664871,-0.48837341635604953,-0.2532276243556537,0.3799061962438217,-0.7802490979376373,1.464365660974983,1.9311384494778299,-0.837604899779003,-0.9813074610214672,0.026311234598795308,-0.8376048997790037,1.2996120344776354,-0.5992214689099152,-0.9359208884969593,-1.1131759798645762,-0.599559429561513,-0.15107648400244214,-0.37396263838976845,-0.6483458112655973,-2.7755575615628914e-17,-1.0102496373103844,-0.1591741298481603,0.14433756729741146,-0.6125845862082029,-1.2102786322100962,-0.7311368997209166,-0.013399517044531867,0.44172610429938575,-1.0233767110850862,0.2886501053205131,0.3059701854888776,-0.30981952595191975,-0.8203221349027326,1.039593396442278,-0.6191263990147047,-1.019979918295199,-0.4665100561166373,-0.1005240914749065,-0.4412141522056288,-0.7661308776828737,-0.762000762001143,-0.8463480414861005,-0.4675172962776851,-0.8623488890180728,-1.1961762593768983,-0.7785397096658804,0.7032257971512568,0.5108021503957968,-0.08113450009035134,0.7675341271872932,0.4923576727730732,-0.2576027063502525,-0.29520675697599735,-0.5416650396955911,0.2886501053205131,-0.10048031471350367,-0.0811345000903523,-0.20699474854134559,-1.0243137697072104,-0.5443068728798912,-0.820322134902706,-1.0358255662024747,-0.36742935261424375,0.6134885592418314,-0.021286841795763428,-0.22156422222486785
0.1378547107370486,0.052821029520930526,3.3174800681769034,0.13785471073700967,-2.8975461262680158,-0.07193270386195866,0.08463216166787194,0.8967555337525404,-0.4917179046182377,1.5917706906410216,1.7606170396290193,-1.0416577628102208,-2.7755575615628914e-17,-0.259454450337162,-0.07208806009708271,0.20628424925174263,-0.5556623828915209,0.9175546399753682,2.709725698217627,-1.6095367621838137,-1.5294967219746796,0.38907541788197414,-0.4680561794441923,0.40404188925494694,2.0873181939926835,-1.5777049830381713,-1.8255710559422715,2.212628572660786,-1.2861448511403444,-0.7306016263646111,-0.33674897952740157,-2.1757220028685267,-0.8304547985373997,-2.449451520443924,0.20903117176739372,-2.577533348168271,-0.47697909744363065,0.15896294198516375,-0.794369344563866,-2.956669698235241,-0.505957030548722,0.5040564873896977,-0.9924025511718103,-1.5701444635070854,0.3508557874497303,-0.1486132213854206,-0.4680561794441923,0.5001600267569956,-0.5059570305487207,-0.39505991096436793,-1.3722301325618327,1.4317425373839447,-1.577704983038144,0.05964868692348035,0.4364914140927302,-0.6862441712124164,1.5228005321266846,1.5407242251648623,0.7712974094328243,0.988969338176165,-0.48675433187615796,0.7712974094328252,0.901824132753274,-0.8721265078059879,0.9347284084575223,1.1203538971679374,-0.5360606311788052,-0.663948091434774,-0.7847674283300209,-1.034785045237001,-2.7755575615628914e-17,1.266824561141873,2.3564691184095086,0.3883749130272102,1.1587873523526795,-1.7209603175689574,5.092169084422974,-1.188446082946808,1.7046698623164744,0.08804983073812074,-1.990496745820902,-1.3389159456315671,-1.1694328873662756,2.038504107118983,-1.525567982696648,-1.1024979668051877,-0.30768043916851573,-3.976993803602818,-1.3421462622036715,-0.9797958971132712,-1.3846828290719648,-0.11291932714876743,-1.353885025092189,-1.4216490805716184,0.8419262018042919,-3.8876325479925256,1.1179575911891706,-0.17875894510872464,-0.07510879944557902,-0.6038899160826064,1.1707180335567606,-0.2758129024470576,-1.4534441853748632,0.08804983073812074,-0.1892542474800292,-0.17875894510872523,0.03124188797100812,1.7009831338580792,-1.5298180552325507,-1.1694328873662272,0.9563310252334588,0.6257777831419733,-1.35314554035201,0.12684458260489828,0.04498710476948059,-0.3023831126702825,-0.3799463000686071,2.604812225280732,-0.30238311267028317,1.8339115691609835,-0.5992214689099152,-0.35154702620066425,-0.8554189434930721,-0.599559429561513,0.4798647704024167,0.409166149420043,-0.7573254296138584,-2.7755575615628914e-17,0.019755260816328953,-0.780243330209178,0.14433756729741146,-0.6125845862082029,-1.2102786322100962,1.3656555472915206,-0.7888253623842887,-1.3619888215897722,-1.3945555928460502,0.2886501053205131,1.8075981929587666,0.8212640461423774,-1.1855362822702056,0.6599081812325058,0.29107284054064725,-1.0555494935674217,-0.4665100561166373,-0.1005240914749065,-0.43379767221983334,-1.3620104492139977,1.3123346456686351,-1.5077505120532964,-0.4675172962776851,-1.5225847571725348,-0.37064616487734847,-0.150811151315648,-0.25760077927202424,1.6908780674521666,-0.5196085657035133,0.3477023062466095,0.04735496402641328,-2.268552441973759,0.17262817241559358,0.23896987045393736,0.2886501053205131,0.4728984399255155,-0.519608565703514,-0.13185500534510602,-1.2345889265430936,0.6444119762260009,-1.1855362822700257,-0.3456586968550032,0.7355883973263037,-0.3442841538025424,1.2095446697409662,1.4720729333897418
-0.928912106662132,-1.0174949905024788,2.0324482631123324,-0.9289121066625519,-1.4140752944688086,-1.1979160318159463,-0.9445370061771302,-0.8896320766987236,-0.4917179046182377,0.16072598189853535,0.05574465099307233,-1.0307796598739585,-2.7755575615628914e-17,-0.9725346169973346,-0.7874051327890544,0.20628424925174263,-0.5556623828915209,0.5863983914009544,1.101537115265605,-1.5716784122441017,-1.5294967219746796,-1.2232052397111144,-1.3335185489825119,1.7618559136576428,0.5536914459377762,-1.5284685138036889,-0.4399791296599584,1.2685610445432887,-1.2861448511403444,0.570972144447445,-1.3540089069622359,-2.1757220028685267,-0.8304547985373997,-2.449451520443924,-0.7204453958425425,-2.577533348168271,-0.47697909744363065,-0.9299123694545037,-0.47136402602591004,-1.3138081594584725,-1.2153789093481218,-0.5987624633481757,0.5694801009976541,-2.076467194316737,1.2128845059719675,1.0650614199288506,-1.3335185489825119,1.3211169621333858,-1.2153789093481242,-1.1691153201381441,-1.5443132581087435,-0.028650362622546485,-1.528468513803746,-0.8634373529327676,-0.211763845736905,0.9709283578274901,0.6108887049427996,0.172157151661775,1.4573182108559024,1.5909018250284723,2.2866133729996263,1.4573182108559035,0.8570524859426901,-0.22172631216110517,1.6278835156839493,1.2857597717259874,2.0731396473403154,-1.760836904151037,-1.476426875026591,-1.1882674042392336,-2.7755575615628914e-17,1.6949227634809816,0.22238693120361186,-0.7310586598159254,1.1001836456399572,-1.2062373515935696,-0.5280533767823956,-1.188446082946808,0.5157664053059122,-2.788244640040494,0.8801754749234687,-1.6504907430802331,-1.4631426651053359,0.4216374403482217,-1.299347980601257,-0.9593592877176067,0.3104227970881835,-0.41310306486071807,-1.3421462622036715,-0.9797958971132712,-1.6278719858775679,-1.7617881439183518,-1.8178036700538482,-1.67496109856438,1.4714716799326264,0.7525791198806978,0.8999809343136431,-1.9634757723297036,-3.683275544783368,-1.0795056208918568,-2.4756202919925308,2.7631764058992836,0.11180339887498943,-2.788244640040494,2.709803361330824,-1.9634757723297038,-2.2230392317407035,-1.9034441811629095,-1.4318674246624727,-1.4631426651053312,1.5529480127544797,1.0497114165122785,-1.2632362935328312,0.03456684922915557,-0.15811964186351044,0.2646097904292185,0.34598885790001865,2.604812225280732,0.2646097904292178,1.3028539857503452,-0.5992214689099152,0.324942431872314,1.6575949160677814,-0.599559429561513,0.5934254572079525,0.5671138269641552,-0.7701057418027346,-2.7755575615628914e-17,0.06250204720288674,0.7775985968076781,0.14433756729741146,-0.6125845862082029,1.9929353107506835,1.3291333858168566,-0.8383389225154091,-1.3619888215897722,0.3943667359721277,-0.16760328696029908,0.7872274907534619,1.080067138432557,-1.258105309560434,1.371883428251828,-0.4946985444850559,-1.0555494935674217,0.48227528850841705,-0.1005240914749065,-0.2616259797106611,-1.3620104492139977,1.3123346456686351,-1.1761904475238822,-0.4675172962776851,-0.8623488890180728,0.17970723145568407,0.3967777268246445,-1.2625659046161348,1.9542709999821062,-0.663035453059639,0.11006800545295066,-0.5764381545239374,-1.387250850628784,0.23407411621661328,1.0196047806034658,-0.16760328696029908,0.5204676408386778,-0.6630354530596364,-0.4505886473523481,-1.284175160092069,0.35142746461792035,-1.2581053095601886,0.18130552807307795,0.7605281428720346,-2.140293794184728,1.0591725490494441,1.4705169786753378
-1.3030816305578796,-1.3476514695705073,0.747416458047761,-1.3030816305583388,0.601006029741661,-1.775142313096379,-1.3114278079829416,-0.8896320766987236,-0.4917179046182377,-0.5840474137058077,-0.6563907138449322,-0.9739969947525592,-2.7755575615628914e-17,-1.281698641569111,-0.27589542857989674,0.20628424925174263,-0.5556623828915209,-0.23792946097045528,0.42741306507543514,-1.330455213705884,-1.5294967219746796,-0.007151998775881416,-1.3335185489825119,0.7321355377261624,-0.32933539737015727,-1.344859363677717,-0.4581371559374985,0.2743620925769013,-1.2861448511403444,0.5709721444476737,-0.002255455896437631,-1.6116459280507605,-0.8304547985373997,-1.5950577231756367,-1.1969340696435011,-1.5161960871578064,-1.7070830855877313,-1.3243678073766458,-0.7862454251149361,0.6079355954913052,-0.9963871173612013,-0.6934178227723861,1.2504261267319818,-1.2351176239805355,0.8863151237916306,-0.1486132213854206,-1.3335185489825119,1.0319928739958086,-0.9963871173612077,-0.8220282182866885,-1.2252372383951693,-0.523379605685159,-1.344859363677704,-1.2491567517740043,-0.9618535989745033,0.3138349226505866,-0.4703613962645274,-0.9079305174112191,2.1274849641150344,2.13584971289145,2.841286913974783,2.1274849641150353,1.4053567808929326,0.3186442530434278,2.1611191898369455,1.915431664169678,2.0731396473403154,-1.0965298398365426,-1.1060405555621853,-1.1871148338076922,-2.7755575615628914e-17,2.1705758371782897,-0.3945233104868133,-0.7310586598159254,0.949407382725814,-0.031802596085371254,-0.9673241833296783,-1.188446082946808,0.6105576405714279,-1.709634213498513,-0.15198462102282223,-0.8640931761252205,-1.4409476989948486,0.8398204487113086,0.08407375414275114,-0.9593592877176067,0.3104227970881835,-0.1733545412811284,-1.3421462622036715,-0.9797958971132712,-1.6278719858775679,-1.4312886725383716,-1.8178036700538482,-1.928273116557141,2.045119770509107,0.042082397562397934,1.6163081733426305,-1.609232293653666,-1.772683988932149,-1.8057197891325776,-1.7826792116515715,1.362617993128217,-3.018691769624716,-1.709634213498513,1.6451124577319638,-1.6092322936536652,-1.6275303500966805,-1.6650255966457368,-1.1303900846664836,-1.4409476989948409,2.056318227703455,1.6083789151038919,-1.748186896867784,0.7518191476997088,0.6888090655918311,0.6052197757363249,1.0196944482712824,0.026311234598795308,0.6052197757363241,0.04216044761295943,-0.5992214689099152,0.9714563161781056,1.6575949160677814,1.2451373775843684,-0.47539835589541074,-0.7142351636478779,-0.7627454360146724,-2.7755575615628914e-17,0.8651444520517322,0.7775985968076781,0.14433756729741146,-0.6125845862082029,1.7534119327584379,-0.4395290009469031,-0.3630740092431368,-1.3619888215897722,1.668137479501089,-0.16760328696029908,-0.790070666475677,-0.3804388276800209,-1.1820129359118257,0.39806507185503626,-0.8008020357495901,-1.055549493566416,-0.4665100561166373,-1.085660187928986,-0.6187528154598778,-1.3620104492139977,-0.762000762001143,-1.1761904475238822,-0.878426884409132,-0.8623488890180728,-1.1961762593768983,0.6888866263724361,-1.8644265531740698,0.2832058338194209,-0.9390020846302375,-1.1150705052646597,-0.6943284049331923,-0.6928696408329085,0.718418453514013,-2.102934859994648,-0.16760328696029908,0.9690909768596371,-0.9390020846302393,-0.47826968639420225,-0.7049686583025552,-0.9868160132515674,-1.1820129359116418,1.0199702866884623,0.29842684460878904,-2.3170946731906357,-0.04242698170101591,-0.11042429215302375
-0.7554793941963627,-0.6819690704832778,0.747416458047761,-0.7554793941967864,2.0926776756895555,0.900354106274094,-0.7687005157557895,-0.817971164229009,-0.026272814829122748,0.30984594024888473,0.21273705383772043,-0.4164229408119761,-2.7755575615628914e-17,-0.9470529789194977,-0.027483639135440534,0.20628424925174263,-0.5556623828915209,-0.16921097998993978,-0.09867428171548973,2.4252846196807156,-0.23733569823745304,1.2525601888005333,-0.4680561794441923,-1.2822418347882618,-0.1301376948867963,-0.8513167795684835,0.8217299715552733,0.06003300266378411,-1.2861448511403444,0.5709721444476737,-0.04187188663995146,-1.6116459280507605,-0.8304547985373997,-1.3131880480348588,0.7575655217568579,-0.9855274566525741,-0.47697909744363065,-0.749373100540366,1.9293736392610312,2.0035769963721046,-0.23361439138488294,0.5891818638487835,0.1056475745901599,0.14180599946989303,-0.08858897566009982,-0.1486132213854206,-0.4680561794441923,-0.058204765001085276,-0.23361439138488466,-0.4612186525325465,-0.2590684857933609,-0.5271256163455765,-0.8513167795684751,-0.8461646328730568,-0.7465387270465491,-0.9691139012521174,-0.09723905292978133,-0.04988899667843867,2.9302954338405702,2.8305956074301437,2.2866133729996263,2.9302954338405707,1.0708560992718117,0.6169484207374137,2.804694848270768,2.671840316613014,2.218034355699675,-1.214503433076491,-1.182695547690436,-1.1620642253799152,-2.7755575615628914e-17,2.7465911409594512,-0.03140203480104307,-0.7310586598159254,2.9693316798571963,-0.5090119251145497,-0.8163780542655356,-1.188446082946808,1.503608635545999,-3.1477814488878217,0.011699395979488771,-1.0462639149215156,-1.3272955852747896,0.2810270830061702,-0.47699190444456,-0.9593592877176067,0.3104227970881835,-0.40372138105711897,-1.8020425338678667,-0.9797958971132712,-1.6278719858775679,-1.3624967933575356,-1.353885025092189,-1.67496109856438,2.6885487062416455,-0.41335344500321586,1.3383318953032792,-2.1519097578002655,-3.3131618771924756,-2.4271444885608373,-2.5692501935324756,4.936286316187098,-2.23606797749979,-3.1477814488878217,3.821957151245703,-2.1519097578002655,-2.9440028946303984,-1.7902268848686838,-1.1904088729488609,-1.3272955852747645,2.8167683162631234,2.195528864168963,-1.967321685719542,0.991549470974098,1.1505764111227683,0.6478834554311844,1.0248778831227798,-0.618314013071689,0.6478834554311833,-0.7089462729174887,-0.19412005824933506,1.020092444200515,1.5953139108065177,-0.44818180038378014,-0.5146334503272971,-0.75253253415853,-0.5185192938118969,-2.7755575615628914e-17,0.9788391682237833,0.5278226925421987,0.14433756729741146,-0.6125845862082029,2.0830165198418706,-0.7049824065618066,0.18676476360377062,0.44172610429938575,0.743699442935487,-1.0801100715219196,-0.7757732126918943,-0.5560101203999414,-0.6664580690803127,-1.7454978439038558,-0.9093757404372108,-0.6788049277597453,-0.46651005612140467,-1.085660187928986,0.19090929627440584,-0.17025130615174966,-0.762000762001143,-0.5181834197460176,-0.09488566393436865,-0.8623488890180728,-0.920999561210382,0.7239452594070778,-2.0236047806289323,-1.1245836707175847,-0.4203955084130917,-0.7986625102358167,-0.6011589780553234,0.6399649332396502,-0.19192556791515805,-1.3222999498451196,-1.0801100715219196,-0.10863009550265418,-0.4203955084130917,-0.33520058145034304,0.47325894971641974,-1.0444754801610738,-0.6664580690803662,1.0874855669236068,0.1258395076407749,-1.341383883597673,-0.40287470079507365,-0.5527274420211419
0.5025611685942475,0.6153540045241206,-0.5376153470168104,0.5025611685939348,1.3581270370974685,0.900354106274094,0.5346433825247509,0.12309473621872856,1.6027849994328787,-0.09371706439938218,-0.201032665943325,-0.0007003104286414564,-2.7755575615628914e-17,0.5480050133063202,-0.29149179064423386,0.20628424925174263,-0.5556623828915209,-0.45273590104803446,-0.5941753320668572,0.6356157175153332,1.05482532549978,1.0539204245217875,0.3974061900941258,-1.2284633760897574,-0.1411580202034275,-0.12824140618334792,0.4043296295506365,-0.5121640596253045,-0.45714749486869855,0.5709721444476737,0.09509960978108782,-0.48349377841522795,-0.8304547985373997,-0.19947441716256617,-0.13167540620375445,0.07580980435789053,0.7531248907004708,0.5200159617553932,1.7353607934137192,1.3718195693532547,0.22816825785204736,0.3782244001751143,-0.5720845752073822,0.487204505126545,-0.48384609097504233,-0.1486132213854206,0.3974061900941258,-0.4324150974551684,0.22816825785204112,0.3217661777380135,-0.07570522236480383,-0.20136177797904756,-0.12824140618337684,0.6806324620348674,0.6676640496011301,-0.27989396802281774,0.8586081676717322,0.8656402681480467,2.742727347661008,2.653350993842109,1.1772662910493126,2.742727347661008,-0.4958408700355874,0.6169484207374137,2.6247098822578323,2.671840316613014,1.388789112983965,-0.6466515682393018,-0.7706081677253831,-1.0859907285828805,-2.7755575615628914e-17,2.418462156462653,-0.03140203480104307,-0.7310586598159254,2.6631651981856046,-0.5090119251145497,-0.2898228087322168,0.05057217374241451,0.832014702406656,-2.788244640040494,1.0953770711171127,-0.5825845424506936,-1.1120713751939793,-0.5574450764364134,-0.47699190444456,-0.9593592877176067,0.22531407180318014,-0.3622604070950916,-1.3421462622036715,1.0206207261596576,-1.142776988349232,-0.7120344380583585,-0.8899663801305299,-1.4216490805716184,2.5420277722429834,-1.1388445164431944,-0.7321249630154256,-1.8367847311651821,-1.8981544644478248,-2.4012072090721905,-2.4530927238461038,2.1148534121234133,-1.4534441853748632,-2.788244640040494,2.257873716586821,-1.8367847311651837,-2.132652190300828,-1.7570875191006388,-0.6769891546519193,-1.1120713751939224,2.6067794750317326,1.9012536905477544,-2.185842004813914,0.6852000924185325,1.3337310947564736,-0.06338499575402086,0.19323366549956408,0.026311234598795308,-0.06338499575402173,-1.0605372063209695,-0.19412005824933506,0.22341537613888526,0.5335110691358168,-0.44818180038378014,-0.3010988873176999,-0.5366197747384622,-0.47537944383807734,-2.7755575615628914e-17,0.20720496915814587,-0.44701243443294386,0.14433756729741146,-0.6125845862082029,1.6242580294583622,0.1839585509978351,-0.4496226645219644,0.44172610429938575,-0.18822643341655274,-1.0801100715219196,-0.9803782193306957,-0.16824932370126297,-0.4344164095653571,-0.7188424758741037,0.2867796129706937,-0.6788049277597453,-1.1046326906415656,-1.085660187928986,-0.12452454703092077,0.42562826537937437,1.3123346456686351,0.13326534651356187,-0.09488566393436865,-0.20211302086361088,0.17970723145568407,0.09111566497142538,-0.8799703592312599,-1.264604817533363,-0.5889524420742951,-0.12321737125051516,-0.31958454637555034,0.10349302037929024,-0.10590684223475166,-1.3222999498451196,-1.0801100715219196,-0.026852499215396366,-0.5889524420742929,-0.8219077464749811,-0.4853625166834368,-0.393659701045401,-0.43441640956547534,0.21120804793787412,-0.07539779372876312,-0.560088228392062,-0.14304615360614503,-0.34171599396780045
0.26911729396888695,0.3214315329115701,0.747416458047761,0.2691172939684459,-0.925185221076137,0.900354106274094,0.26399755467113556,0.12309473621872856,-0.7882968325129193,0.722026961156631,0.6716842498858013,0.11867089564360263,-2.7755575615628914e-17,0.37233023475491617,-0.29149179064423386,0.20628424925174263,-0.5556623828915209,-0.5110652394911059,-0.4782571039580309,0.5807922776259192,1.05482532549978,0.7293438913495893,0.3974061900941258,0.1550255628020796,0.5123058860087708,0.13420039908943762,-0.6812695110645869,-0.42868356437641186,0.07248537328392914,-0.4664739431323752,0.06444941204675463,0.6446583712203044,1.2041594578792294,0.6221974626379696,1.1735255562510416,0.6064784348631229,1.060650887736496,0.2895357302671046,0.2888745815008575,-1.0374268148088581,0.3051535863857166,0.7639035436551038,-0.7322211039490082,0.12272107737294856,-0.5118887145198342,-0.1486132213854206,0.3974061900941258,-0.4790973307155171,0.3051535863857129,0.28037292953136805,-0.44993803018439343,0.6222753408822765,0.13420039908945094,0.32998668427676986,-0.07086233294422147,-1.1736903755020351,-0.3700105810123139,0.5330984695175198,2.166804110014403,2.118019508045222,2.2866133729996263,2.1668041100144038,-1.732703376679148,0.6169484207374137,2.097636849400576,2.406193206504388,1.2718711150088242,0.12258323416441166,-0.03878048660847356,-1.0789425391158747,-2.7755575615628914e-17,2.0043772743535553,-0.7270785449045957,-0.7310586598159254,1.0327998572830166,1.0356676232591109,-1.0409904825075247,-1.188446082946808,1.331408200447375,-0.9905605958038598,1.4151701395310998,0.635857453972905,-1.0669956024894534,-1.4146656877078825,1.254630160206405,-0.9478937552403515,0.04197603396873386,-0.3079078479364384,-0.8822499905394764,1.0206207261596576,-0.6626958197018853,-0.620323623907994,-0.4260477351688707,-1.67496109856438,2.0776733736673973,-0.4740020799381284,-2.1235935442555305,-1.1955921165061991,-0.6086574550195664,-2.0699065312831455,-2.3579917247567503,0.6318467876803777,0.11180339887498943,-0.9905605958038598,0.9533618961722634,-1.1955921165061978,-1.0436476712208913,-1.8131029202104303,-0.06523581518911005,-1.0669956024893896,2.168951262903986,2.0522202255252493,-1.1935446266738936,1.7935512363888635,2.233820493816193,-0.7146563548590227,-0.6918732019547018,-0.618314013071689,-0.7146563548590233,-1.5097061139293513,-0.19412005824933506,-0.6954800091127853,-0.7661570612737467,-0.8598330867981774,-0.21921421757929402,-0.4489604319985973,-0.44675883182238135,-2.7755575615628914e-17,-0.6779322517975245,-0.5359443247746386,0.14433756729741146,-0.6125845862082029,-1.264715323985804,-0.022535871816710365,-0.1581649643476415,-1.3619888215897722,-0.17634382976541066,0.2886501053205131,-0.7402084238385644,-0.17690300969977651,-0.305734755429389,-1.6971908949598775,0.1826439666533639,-0.6788049277597438,-1.1046326906463353,-0.1005240914749065,0.9284944852077185,-0.17025130615174966,1.3123346456686351,-0.19165804452319687,-0.003189586888691977,-0.20211302086361088,0.17970723145568407,-0.6208183356231183,0.034464237575226285,-1.3453397912757257,0.4407259743501377,0.6732812812322587,0.5175891646499672,0.36104477160053644,-0.6324341376467663,1.8002396907529943,0.2886501053205131,-0.6607019897664945,0.44072597435013816,0.201647188634887,0.33797730558885963,-0.6090306544044255,-0.3057347554295547,-0.6139207000684218,-0.5550911792559646,0.22399622150695078,-0.4050434249477987,-0.5867318259368612
0.07763382527481105,0.08627243889207457,0.747416458047761,0.07763382527490685,-1.051665794529369,0.900354106274094,0.07018919407279893,-0.2961872610686121,-0.7882968325129193,0.7318813848679177,0.6831062710837278,0.08485032170201316,-2.7755575615628914e-17,0.3639551395839655,-0.3564047550078764,0.20628424925174263,-0.5556623828915209,-0.5110652394911059,-0.513614267114183,0.7040053739297841,1.05482532549978,0.3120080633310036,0.3974061900941258,1.4705692587382648,0.350512400183904,0.008949799422604713,0.2537289994956321,-0.5619854319272064,0.07248537328392914,-0.295970225756286,-0.6113334411855466,0.08058229640253824,-0.8304547985373997,0.07566511220620867,1.1735255562510416,0.07580980435789053,-0.16945310040760572,0.09881911084644078,0.746599739489718,-1.0411099914593205,0.26176053501962615,0.7387518949393839,-0.5190677691644029,-0.16016066392412273,-0.49674136623998016,-0.1486132213854206,0.3974061900941258,-0.45459440032847603,0.26176053501962904,0.2653833830811468,-0.8152994107853719,1.2123559419843655,0.008949799422543083,0.056601265806537925,0.43027730067496645,0.6164384202149312,1.342612336583345,1.1895330438204235,1.046767046148537,1.039621041038198,1.7319398320244694,1.0467670461485374,-2.6406128898645136,0.6169484207374137,1.059460281220799,0.741063592658056,0.9725505626180574,0.6110251872615872,0.5295919834855356,-1.079854589841335,-2.7755575615628914e-17,1.422090165677487,-0.824301429965512,-0.7310586598159254,-0.5775458846764077,1.8244974049858922,-0.828927863663838,-1.188446082946808,0.6335418915461087,-0.6310237869565324,-1.1465261028960183,0.7983609459002069,-1.082006588600302,-1.8940551201909899,1.4121798742731382,-0.9478937552403515,-0.37531213924939616,-1.0590997434401324,-0.8822499905394764,-0.9797958971132712,-0.6626958197018853,-0.3855357210435373,-0.4260477351688707,-0.1550889906078135,1.100464606532001,0.4374443689422955,-2.710761908258343,-0.8174044481432837,0.0955812671521416,-1.4751814701861041,-1.426729423902274,0.20014432216689984,0.8944271909999157,-0.6310237869565324,0.4579017013479721,-0.8174044481432856,-0.7749663689208821,-1.3384581048741497,0.1792661871181472,-1.0820065886002406,1.1547186377675895,1.4639968508256245,-0.6728635566132394,1.7894941863051497,1.8424377386037292,-0.48175615613531947,-0.6852488071224189,-0.618314013071689,-0.4817561561353199,0.9713094523465902,0.21702587392956554,-0.5972327693654856,-0.7769353643394533,-0.8598330867981774,0.4281046353380505,0.33889486797643437,-0.3190219613082135,-2.7755575615628914e-17,-0.7642140857271915,-0.3103154800503325,0.14433756729741146,-0.6125845862082029,-0.15701029192555593,-0.24395519956166484,0.056993286486216724,0.44172610429938575,-1.8809275059382145,-0.16760328696029908,-0.9640509832067272,0.23052585152125607,0.09279196241723003,1.5296995422083186,-0.20211137969497153,0.869673393328305,1.691078133776451,0.884612004979173,-0.7755282107603836,0.42562826537937437,-0.762000762001143,0.13326534651356187,0.4092248600273087,-0.20211302086361088,-0.0954694667108322,-0.3457946781580061,0.6604796731954758,0.4674844610420539,0.2719449382331401,0.9423361775472993,0.06861112603805716,0.3656268609153884,-0.43223573379097274,-2.102934859994648,-0.16760328696029908,-0.4052742381303922,0.2719449382331398,-0.05438832033408368,-0.9277405159650284,-0.101577252388382,0.09279196241689608,-0.816469833552288,-0.21233284035966535,1.4413188903134506,0.06327488643964935,-0.17961998291801837
-0.039492545778553406,-0.12378834866178019,0.747416458047761,-0.03949254577854413,-0.8643634341168834,0.900354106274094,-0.02967730661662295,0.08195915734146465,-0.7882968325129193,0.33727624885405566,0.24213891403419469,-0.05786013194233336,-2.7755575615628914e-17,-0.26148392328407466,4.707625431350951,0.20628424925174263,-0.5556623828915209,0.16113227994341595,-1.4641297045970376,1.9342465786679421,-0.23733569823745304,-1.2366926270029692,1.2628685596324454,0.5426398459774882,-0.3484097876278483,-0.3203581979784777,-1.8059178753193899,-0.7584186635623354,-0.09232350083877813,-0.2959702257560638,0.19349568297784372,0.08058229640253824,-0.8304547985373997,0.07566511220620867,1.1735255562510416,0.07580980435789053,-1.0920310915156815,-0.0185942641485779,0.7304717365156599,-0.764032824351296,0.7504555200365806,0.6133885300137768,0.2986382084167193,0.059911076432405834,-0.736301964886393,-0.1486132213854206,1.2628685596324454,-0.697198033361488,0.7504555200365798,1.0754782435731878,-0.5988564086542013,-0.08404645958317578,-0.3203581979784272,0.12665972918369903,0.5900818001325956,1.2530748095704551,0.6656951414543195,0.3417880782493401,-0.2850954662812258,-0.20131388865141073,2.2866133729996263,-0.2850954662812252,-1.6787952960301507,-0.3247381856874364,-0.12868878766793723,-0.3908330180674734,0.8015102469661906,-0.8289272911039544,-0.9147469638331953,-1.0774859517758466,-2.7755575615628914e-17,-0.11568887838096732,-0.6424727567471109,-0.7310586598159254,-0.5139081128617894,-0.14750504430403452,-0.17258807960159425,0.05057217374241451,-0.7052130934132458,-0.6310237869565324,0.05174869180625773,-0.6840072759206681,-1.0686159583488084,-1.0800057938659586,-0.278350616432422,-0.9478937552403515,-0.37531213924939616,0.22352181307876287,-0.4223537188752812,-0.9797958971132712,-0.6626958197018853,-0.8273221278201562,-0.8899663801305299,-1.4216490805716184,-0.23811522587027714,0.7332558302003105,-1.404299014706872,-1.1072960425307752,-0.4645563980134621,0.11386814831587797,-1.1396475815669247,0.5750803195276071,-1.4534441853748632,-0.6310237869565324,0.8627057291880298,-1.1072960425307765,-1.0182449468157944,-1.3621668218284393,-1.1106928782381187,-1.0686159583487451,-0.24042032700589058,-0.4926011152876856,-0.8282495228480528,-0.5366246945944064,-0.6373351143229264,-0.5068445792555785,-0.5853277291128243,0.6709364822692796,-0.5068445792555792,1.5309903617635563,0.21702587392956554,-0.6140499235599579,-0.7769353643394533,-0.8598330867981774,0.3785815905848529,0.2726690138232674,-0.6738867166729873,-2.7755575615628914e-17,-0.8519414324997043,-0.448757641669106,0.14433756729741146,-0.6125845862082029,-0.6947160535870801,-0.27406941556756764,0.01227374459452636,0.44172610429938575,0.24493154747147727,-0.623856679241109,1.1495356303073854,0.25358984997030615,-0.19814492267996436,0.8872809320004914,0.013159223285737418,0.869673393328305,1.691078133776451,-0.1005240914749065,-1.7483997487879792,-0.17025130615174966,-0.762000762001143,0.13326534651356187,0.4092248600273087,0.45812284729085107,-1.4713529575434154,-0.3741366274299084,0.592598382005134,1.2622928482513651,-0.5388116672855005,0.6945631255129769,-0.0031342478625260256,-0.8309783975757917,0.3718341369504695,-0.5416650396955911,-0.623856679241109,0.4566379699966377,-0.5388116672854982,-0.8076979269206292,-1.027722416172042,0.45581528634235624,-0.19814492268020276,-0.46666375909822794,0.41698972746063956,0.5268276617560714,0.79519030323978,0.6889349380926489
-1.129338529007439,-1.079733600553251,0.10490055551547532,-1.1293385290075897,0.11480201666508529,-2.061960814316123,-1.092471676622374,-0.9201865071345445,-0.7882968325129193,-1.5141282242074703,-1.37734517244904,-1.1302004531368766,-2.7755575615628914e-17,-0.9928386050546202,0.18372119987408925,0.20628424925174263,-0.5556623828915209,0.2218781250555334,-1.252058168097594,1.2742012284616822,-0.23733569823745304,-0.001337821768760122,-0.9007873642133528,0.8959524462053514,-1.5516729352480187,-1.2322233275916645,-1.0804239874389574,-1.0437977017906028,-0.8628066265622123,-0.29597022575629395,1.4863282678341623,-0.48349377841522795,-0.8304547985373997,-0.47590001136131643,-1.271805769900188,-0.4548588261473418,-1.3995570885517064,-1.1403485017724162,-2.1043651903448857,0.12627777587093356,-0.9201853105914142,-1.260836053749046,1.4430604712005195,-0.0919680784334218,0.7195822027082546,-1.362287862699692,-0.9007873642133528,0.9189446623064816,-0.9201853105914112,-0.5820313872106495,-0.5293977022282113,-1.2310649446182675,-1.2322233275916419,-1.0864552935145257,-1.529075221219514,-1.1446729556213329,-1.8230378253249784,-1.3755784902035082,-0.5602686987520953,-0.4332677021301886,0.06791920909899887,-0.5602686987520944,-0.3935590413870733,-0.9298199031864525,-0.40980966821254433,-0.8128506838076439,0.8015102469661906,-1.1560566356731945,-1.1453061406798046,-0.9794539678924158,-2.7755575615628914e-17,-0.15703956714340309,-0.5899080570920157,-0.7310586598159254,-0.6184234058459327,-0.47676002538046397,-0.477624578013296,-1.188446082946808,0.6528984933920564,-0.6310237869565324,0.4181348978189108,-0.973154119752498,-1.078033511772797,-0.8495172147427222,-1.1195686755475245,-1.0628774099657574,-0.37531213924939616,-0.4130994838504254,-0.8822499905394764,-0.9797958971132712,-0.9021243492811758,-1.1973999978081749,-0.8899663801305299,-1.4216490805716184,-0.5482207869677597,0.7490513555450644,-0.34783259595456495,-0.9717722911796127,-0.4849154346049248,0.49491592203021173,-0.18991350706788884,0.2245253513585869,-1.4534441853748632,-0.6310237869565324,0.49615127341437787,-0.9717722911796159,-0.9202595228154895,-0.47380334448717004,-1.0884841329833703,-1.078033511772735,-0.3253833363177756,-0.4953275907450601,-0.06730959540445317,-0.7790129995876542,-0.7731350479238385,-0.28640674764836965,-0.18526082401471478,0.6709364822692796,-0.28640674764837054,0.5041250904193267,0.21702587392956554,-0.19631215501002608,0.08283975194989773,-0.8598330867981774,0.14187317141365693,-0.03025518854110544,-0.70772274167652,-2.7755575615628914e-17,-0.6692998986828316,1.6132460724521076,0.14433756729741146,0.96723882032874,0.38069546973653384,-0.68705177837014,0.015096629956371031,-1.3619888215897722,1.5361928096986643,-1.0801100715219196,2.145271334983955,-0.1904799149587982,-0.43192711413141255,0.18434391527942598,-0.35873360880717775,0.7785878697120269,-0.2844846348465969,-0.1005240914749065,-1.5469563002569628,-0.7661308776828737,1.3123346456686351,-0.5181834197460176,0.4092248600273087,-0.20211302086361088,-0.920999561210382,-0.13404464792531723,0.18011924610968438,0.729575096217155,-0.9968579178683027,0.14527168737348592,-0.2426289402514203,-0.9717143028436933,1.3716760222434605,0.23896987045393736,-1.0801100715219196,1.2402106154398183,-0.9968579178683022,-1.2523328710381412,-0.7428256697968099,0.29095201840312096,-0.4319271141315723,-0.3691696957516969,0.27030323434148334,0.20181543529418988,0.5573145991537098,0.3844012758672937
-1.3840464864125297,-1.2955317061375107,0.747416458047761,-1.384046486412497,-0.7383520214311062,-2.214230186895557,-1.373007828402925,-1.0812354945944305,-0.7882968325129193,-1.2813331892700663,-1.2144382005842078,-1.2040837277235161,-2.7755575615628914e-17,-1.3273800578507395,-0.01206094661461475,0.20628424925174263,-0.5556623828915209,0.43391422686255143,-0.569073032737365,-0.2657030557638151,-0.23733569823745304,0.8676948194578544,-0.9007873642133528,1.065884811950392,-1.1578453699806988,-1.3484225981496873,1.223693524435347,-0.6058857889511425,-0.6356909345213477,0.14863294307358754,-2.229561862614898,-1.0475698532329942,1.2041594578792294,-1.0327263670917681,-1.3975010712990332,-0.9855274566525741,-1.3995570885517064,-1.410639622331793,-1.4899077288382356,-0.6912166341664726,-1.094017947705701,-1.7943917879099578,1.8653498414421787,-1.5768014471442422,0.8743632668825337,-1.362287862699692,-0.9007873642133528,1.0923186408818577,-1.0940179477056973,-0.6953704330915109,-1.3346208656322633,-1.1873497369827697,-1.348422598149632,-1.3213540135686823,-1.5615665810098336,-1.6891740506353958,-1.2034463947151974,-0.8175098492548278,-0.9539533465192742,-0.8679609400425395,0.06791920909899887,-0.9539533465192737,0.007915422057627429,-0.9298199031864525,-0.857554077080142,-1.0517927649652623,0.8015102469661906,-1.4203375636038713,-1.305189736225366,-0.9870851771269624,-2.7755575615628914e-17,-0.9942391242698261,3.350230350756194,0.3883749130272102,-0.6184234058459327,-1.9011144222338052,2.2195624287071753,-1.188446082946808,1.10609561563675,-0.6310237869565324,2.4501487277005904,-1.6304534074843182,-1.1514168333395052,-0.4861920688458525,-1.7444302247421979,-1.0628774099657574,-0.25127341215089416,-0.262338139736122,-1.3421462622036715,1.0206207261596576,-1.3846828290719648,-1.1973999978081749,-1.353885025092189,0.09822302738494794,-1.0189206772324249,2.47655357014612,-0.009473776124679641,-0.8988420973712758,-0.5589130001291484,1.0291619623136494,0.01290387490910095,0.2557164178441274,0.11180339887498943,-0.6310237869565324,0.5308183272842152,-0.8988420973712776,-0.6875034049848191,0.5071484332579345,-1.1614222422258145,-1.1514168333394543,-0.9131779384845774,-1.3620660734932066,-0.7123810705305008,-1.5237685534496879,-1.2572326629208719,-0.17252399348761543,0.11235616975114757,0.026311234598795308,-0.17252399348761596,-0.544041619362438,0.21702587392956554,0.060396179378039316,0.07431888430359097,-0.8598330867981774,-0.19125361573434788,-0.4184105955820748,-0.7519308177542124,-2.7755575615628914e-17,-0.10148246898923458,1.4245682247324922,0.14433756729741146,0.96723882032874,0.38069546973653384,-1.427609487333227,0.3713712862544594,-1.3619888215897722,1.5253600478904945,-1.536363463802731,-0.8952135237688204,-0.6461189290643422,-0.6514429948046617,0.6115010220947428,-1.3299009305389953,-1.2037265413758154,-0.2844846348465969,-1.085660187928986,-2.1179079764269257,-0.7661308776828737,-0.762000762001143,-0.8463480414861005,0.4092248600273087,-0.8623488890180728,-0.6458228630438656,-0.017082686927191584,0.3278616807196288,-0.16048811921042178,-1.0432940255065895,-0.25274964851227233,-0.3069459032738033,-0.6451430386247481,1.0219730378200336,1.0196047806034658,-1.536363463802731,0.9563714006187599,-1.0432940255065903,-1.4010536026606908,0.12256332994502703,-0.5522136389750939,-0.6514429948047292,0.17432833186256186,0.11033193606928726,-0.15061672889502253,0.033810558574693964,-0.2090163022890226
-1.349113565649923,-1.3897091467295184,0.747416458047761,-1.3491135656493554,-0.7132295881096216,-1.6714277452529556,-1.3311674838137657,-1.213770128997221,-0.07239749818070453,-1.409414919907928,-1.3055177546388719,-1.2265979509733589,-2.7755575615628914e-17,-1.3206491849929787,-0.27935233763732636,0.20628424925174263,-0.5556623828915209,0.28809050077141696,-0.5799613893352347,-0.9343053998817838,-0.23733569823745304,-0.5346844784481823,-2.6317121032899906,1.4153106365364378,-1.248947371958659,-1.2574944796575693,0.5043709391302769,-0.45601714543248434,-0.6356909345210613,0.14863294307381628,-0.7292198984022387,-0.48349377841522795,-0.8304547985373997,-0.7536406746989108,-1.34021090179693,-0.9855274566525741,-1.3995570885517064,-1.373376142603419,-0.40897400542645573,-0.68543166694331,-2.0512201692655947,-3.4696649606358796,1.5566370868721642,-2.217592082109257,3.5356213158693275,-0.1486132213854206,-2.6317121032899906,2.9993152064874398,-2.0512201692655925,-2.353234654007102,-1.415393777618026,-1.2746554583223637,-1.2574944796575234,-1.339463772883172,-1.1697241776030014,0.051531858604161034,-0.8997709641762524,-1.2875203403158313,-1.0256542452639792,-0.9672933659677264,0.06791920909899887,-1.0256542452639792,-0.33208422440845203,-0.9298199031864525,-0.9513106331394099,-1.1686346092501936,0.8015102469661906,-1.3613563722631892,-1.2715512841231245,-0.9805353444909571,-2.7755575615628914e-17,-1.1603654200507287,3.127832463206768,-0.7310586598159254,-0.9065731301726558,-1.9490754849346592,2.225168251253273,-1.188446082946808,-0.33540684160829093,-0.6310237869565324,0.41428414506231387,-1.5694147187783145,-1.13481979859996,0.11985259950961347,-1.751850909595033,-1.1355427936751699,-0.2512734121508915,-0.08335387771923763,-0.8822499905394764,1.0206207261596576,-1.142776988349232,-1.1973999978081749,-1.353885025092189,0.35153504537770897,-1.108569082243904,2.5341983478272425,-0.2046893170527291,-0.9031422888943794,-0.4597993938383049,1.059208152512648,0.0142214632082278,0.2548138851805219,-0.6708203932499369,-0.6310237869565324,0.5236713154510342,-0.9031422888943781,-0.7342052166189726,-0.32193564606505903,-1.119862554255292,-1.1348197985999064,-1.0302578955928363,-1.3764145715724854,-0.9616824720339893,-1.2807682818531818,-1.1107645650951916,-0.3356144376085892,-0.07941904081169267,0.026311234598795308,-0.33561443760858944,-1.5217241565786437,0.21702587392956554,-0.04245793767134692,-0.11653988765767916,1.7200551689087502,-0.5563204998143828,-0.7925451406992675,-0.8658793073879826,-2.7755575615628914e-17,-0.2514587713865187,0.49603323894348383,0.14433756729741146,2.547062226865688,0.5179757586906577,-1.3393370185315392,1.2948943891015445,0.44172610429938575,0.3299825412833798,-0.16760328696029908,-1.6819638772898395,-1.000336852692163,-1.0553205292272785,-1.8587394427457358,-1.3224238910147537,-1.2037265413758154,-0.2844846348465969,-0.1005240914749065,0.09925901069065893,-1.3620104492139977,-0.762000762001143,-1.1761904475238822,-0.16544996809066193,-0.8623488890180728,-0.37064616487734847,-0.18598418297109912,1.6942034124356133,-1.1258422316870338,-0.2259123185213296,-0.01758244340945303,0.03700170596271248,0.6365200099199301,-0.16751679772740236,-1.3222999498451196,-0.16760328696029908,-0.07228054957094127,-0.2259123185213317,-0.28258677351894046,0.8331460454919476,-1.4578790039045306,-1.0553205292270906,-0.07345054557004818,-0.5197585517626178,-0.5918729191066425,-0.7173689008424116,-0.8554869338737244
-0.6507940750588062,-0.7053304054786101,1.3899323605800467,-0.6507940750582075,1.7761026904930544,0.41800128804894454,-0.6757447428618492,-1.213770128997221,-0.07239749818070453,0.6495890695863683,0.5883675605536507,-1.0861247739792645,-2.7755575615628914e-17,-0.598113353436165,-0.6107204502746709,0.20628424925174263,-0.5556623828915209,-0.9385509904532249,0.1469665930049917,-0.021621596665034565,-1.5294967219746796,0.5028519034813285,-1.766249733751671,0.8528094952676868,0.6257899512270028,-0.8342261951264327,0.26679354957078383,0.03958628337379177,-0.6088655702407298,0.3040595580324799,-0.346973120784126,-0.48349377841522795,-0.8304547985373997,-0.47590001136131643,0.3845706983595882,-0.4548588261473418,-1.3995570885517064,-0.6410813851308748,1.5078483898252764,1.651865648619169,-1.6201223297597342,-0.6846184098979342,-0.058504359729680044,-2.1986700484302397,2.706746137670589,-1.362287862699692,-1.766249733751671,2.4288547992854523,-1.6201223297597356,-1.8007199711583846,-1.5085468861161762,0.9308210307277428,-0.8342261951264428,-0.594831504686545,0.23007250474061788,1.1834466978941176,1.5298131651133549,1.1207461594860162,-0.7716927180171235,-0.6609419761465133,0.06791920909899887,-0.771692718017123,-0.31844608713704237,-0.9298199031864525,-0.6525829586482333,-1.0132989239665047,0.8675469332698028,-1.2142418355318125,-1.1825307683511717,-0.9551345393711258,-2.7755575615628914e-17,-0.5415353794267588,0.06599757877594496,-0.7310586598159254,-0.8139235354709308,-0.9173875649122284,0.23506388368315598,0.05057217374241451,1.1454829167257972,-0.6310237869565324,0.14475741739766734,-1.1464107351701263,-1.0124220618929745,-0.39705353376984426,-1.3932084603502353,-1.1355427936751699,-0.25127341215088883,-1.1741732408747598,-1.3421462622036715,-0.9797958971132712,-1.142776988349232,-1.2491993646257986,-0.8899663801305299,-1.4216490805716184,-0.7966951688145356,1.391882463874935,-0.19915768835450132,-0.9574300249406944,-0.5499589567422345,0.7892553259872874,-0.6107751557662952,0.3039500358701094,0.11180339887498943,-0.6310237869565324,0.5734080590384358,-0.9574300249406937,-0.8045440551474857,-0.6706786481259355,-1.0807571120816561,-1.012422061892903,-0.5847330452533694,-0.7307282431663067,0.07858861457292299,-0.9313214727412824,-0.8928657329506214,-1.0380181679016884,-0.8389971789816394,2.604812225280732,-1.038018167901689,-1.173296569174955,-1.7957760325692096,-0.8430144444384033,-0.4346378409264624,-0.3500454231871424,-1.5375047325852182,-1.5325709133938905,-1.0556010694800404,-2.7755575615628914e-17,-0.7141320938332747,0.28473564310218896,0.14433756729741146,-0.6125845862082029,0.6120021074295053,-0.9990749242938326,-0.3604890604008224,-1.3619888215897722,0.7758517343472888,-0.623856679241109,-0.22434437630230067,-1.3985327534647318,-1.52138747080094,-0.6503345815962065,-0.9421739848554993,-1.2037265413758154,-0.2844846348465969,-1.085660187928986,-0.4110774004970971,-1.3620104492139977,-0.762000762001143,-1.5077505120532964,-1.7233433090878936,-1.5225847571725348,-1.4713529575434154,-1.0603484211992942,-1.6494029544232685,-0.8472296936560343,-1.2895110823414462,-1.6085679610383306,0.920225112142246,-1.6137010825072207,1.573986095932277,-2.102934859994648,-0.623856679241109,1.6815807249915262,-1.2895110823414455,-0.8365137996052222,-1.1477686572126067,-1.410322954202399,-1.521387470800579,-0.8429888073314022,-1.1182450965331425,-2.2960733406647913,-1.05750740658722,-0.9787442208175422
-0.6264155631648591,-0.5714176513632536,1.3899323605800467,-0.6264155631652415,1.348977291691845,0.41800128804894454,-0.6542540139642009,-0.9639444231743564,-0.07239749818070453,0.7276037218472952,0.6781455582373295,-1.0276718434030323,-2.7755575615628914e-17,-0.6133215907722155,-0.5770412747527499,0.20628424925174263,-0.5556623828915209,-1.5109949994324454,0.2521985654073765,-0.25522667637754964,-1.5294967219746796,1.1824607785830907,-1.766249733751671,2.1099464221310216,0.726890519354768,-0.6883248361086225,-0.15990713284363642,0.4554541926137143,-0.3056182553811271,1.6098383952390747,0.09104178388330779,-0.48349377841522795,1.2041594578792294,-0.47590001136131643,0.3845706983595882,-0.4548588261473418,-1.7070830855877313,-0.6159358647858382,1.3236547170317878,1.3358326105830478,-1.4693510887638126,-0.5213671544388687,-0.06277662440041487,-2.12985628777733,2.2216269311664107,1.0650614199288506,-1.766249733751671,2.0495688737876807,-1.4693510887638146,-1.5930119283389246,-1.4833605754556143,0.7832356682729578,-0.6883248361086889,-0.5795590404165377,-0.5523428362602288,-1.0996746576754055,0.5233440283907449,1.4318959588716262,-0.9330698643053408,-0.8212402332873152,0.06791920909899887,-0.9330698643053401,0.8436852298997409,-1.6162980396597733,-0.8117109392884377,-1.0517927649652623,0.8675469332698028,-1.715033539812944,-1.4556705873130784,-1.0866064590304485,-2.7755575615628914e-17,-0.703564179655984,0.17584570433384863,-0.7310586598159254,-0.8534484797805312,-1.1960278487711415,-0.25741758215629257,-1.188446082946808,0.6048059625601003,-1.3500974046511864,0.8507132589169563,-1.593004723228865,-1.1600458670588698,-0.0006031010870712458,-1.4541137798493051,-0.8375449576099191,-0.25127341215089416,-0.3192463205111028,-0.8822499905394764,1.0206207261596576,-0.9021243492811758,-1.6690606150854184,-0.8899663801305299,-1.1683370625788576,-0.9930537235327819,0.9545790891039525,0.6582463365350646,-1.4299892819229598,-1.3667768369469004,1.0383042419170376,-0.6528514567205262,0.9928622761220394,-1.4534441853748632,-1.3500974046511864,1.2771750473238883,-1.4299892819229632,-1.4313071233585406,-0.7073697951420969,-1.3277426767246965,-1.16004586705882,-0.8607089642701081,-1.305851429081542,-0.7372792590229905,-1.4410705019232637,-1.2469249924588452,-1.2211314070815322,-1.135484060977715,1.9601869776102483,-1.221131407081533,-0.8131918839987906,-1.9186073026963217,-1.134013555312618,-0.7476069887443463,-0.3500454231871424,-1.7871328691549637,-1.659082667047046,-1.0466287742467066,-2.7755575615628914e-17,-0.9444606108521818,0.8509916719121511,0.14433756729741146,-0.6125845862082029,0.059824119677485084,-1.2322631141013198,-0.31011338525927024,0.44172610429938575,0.5088243427347804,-1.536363463802731,1.9675116006915383,-1.6284265941117937,-1.4270922685542988,-0.44131981465904885,-1.2119482315505026,-1.0771313885893707,-0.2844846348465969,-1.085660187928986,-0.32212668828571617,-0.7661308776828737,-0.762000762001143,-0.8463480414861005,-1.8465535523827747,-0.8623488890180728,-0.920999561210382,-1.3549737801562463,-1.4975431213239938,-0.4433681398111164,-1.4236144535000888,-1.9399353100571546,1.192045215001372,-1.9873307495686348,1.722518380637925,1.0196047806034658,-1.536363463802731,1.6429655233129705,-1.4236144535000874,-1.3309921482853937,-1.251520894930431,-1.5299349897171945,-1.42709226855398,-1.1128479508080165,-1.2716223471505046,-0.10247935726217301,-1.1680504407864736,-1.0859708956321668
-0.42405299833735466,-0.5161989043754749,0.747416458047761,-0.4240529983367151,-0.5079554010398707,0.41800128804894454,-0.4746497499282822,-0.7030163859725355,-1.2062311200253382,1.3012686384937167,1.3787165430280468,-0.7061945526182489,-2.7755575615628914e-17,-0.38605776832359767,-0.4417746934317633,0.20628424925174263,-0.5556623828915209,-0.2240617209069928,0.970393751506532,-0.638339435917378,-0.23733569823745304,-1.6932773177439056,-0.03532499467503325,1.3985508634879378,1.2833452350963348,-0.2557612546433012,1.6833412860718424,1.3052670197526441,0.4032286242968197,1.669145740006242,0.06358245397718719,-0.48349377841522795,1.2041594578792294,-0.47590001136131643,1.003487506108899,-0.4548588261473418,-1.3995570885517064,-0.4082529806687299,0.3056711676205351,-0.5589637611571919,-0.21314015157406868,0.7967484752862586,-0.4968520170819853,-0.6687704402227239,0.03616748243136205,-0.1486132213854206,-0.03532499467503325,0.13254588180237176,-0.2131401515740648,-0.278249698695007,-0.8471752254403736,1.5598075131825615,-0.25576125464331634,-0.8398546544075112,-0.793566538425594,-1.2860668083793643,0.04441137365283036,0.8783082526771757,-0.8830696000267311,-0.8044019461540758,-0.48675433187615796,-0.8830696000267304,0.31100179986855697,-1.4689623840133972,-0.7671295539318526,-0.8964544248728868,0.6458241983547258,-1.4689783055819574,-1.3320472304772897,-0.9055066652971395,-2.7755575615628914e-17,-0.657328381687688,0.07472895146664993,-0.7310586598159254,-0.906984482129325,-0.8548739931467582,-0.3213663557784806,1.2895904304316432,-0.8216281132421812,0.4475866395854488,-0.2882474209484648,-1.3590342771755735,-0.920289345261328,0.7792341387233686,-1.068705826373846,-0.8375449576099175,-0.7599512774114243,0.3509197785383243,-0.4223537188752812,1.0206207261596576,-0.6626958197018853,-1.4050277680466448,-0.8899663801305299,0.35153504537770897,-0.9315562193996653,0.7693976495650963,0.23541113756196752,-0.36000890386769474,-0.45723168418628923,1.219132717775239,0.7090328921460078,-0.18188678051399196,0.8944271909999157,0.4475866395854488,0.012550100804046685,-0.3600089038676955,0.19679583940827025,0.41006632318144426,-1.3286575715555669,-0.9202893452612425,-0.8808240161383757,-1.466327994530033,-1.4421116565236238,-1.7444683409731914,-1.290008449644422,-1.3827877190935196,-1.428559281466264,0.026311234598795308,-1.38278771909352,-0.5010571821745077,-2.1382471121255238,-1.4440981447645558,-1.1313288534569224,-0.3500454231871424,-2.010768315745916,-1.7511458015203294,-1.0452660005707768,-2.7755575615628914e-17,-1.2254585005592145,0.501775707518668,0.14433756729741146,0.96723882032874,-0.6487453603738692,-1.3504442351873014,-0.3719538004249782,0.44172610429938575,0.9765180827768927,-0.623856679241109,0.6654567598188477,-1.8280214453991854,-1.401142468377382,-0.550567824437333,-1.3027126556435558,-1.0337642197403514,-0.48227944028190184,-1.085660187928986,-0.7970306822338712,-0.17025130615174966,1.3123346456686351,-0.5181834197460176,-2.0668710198241533,-0.8623488890180728,-0.6458228630438656,-1.6610977459601235,-1.238610086625371,-0.1990668612163288,-0.96024283565855,-1.413413377699025,1.4887791589120216,-0.7439510234003356,0.7738611692914877,1.0196047806034658,-0.623856679241109,0.9249105691502388,-0.9602428356585485,-0.6789699279738107,1.7221793866331634,-1.625151027688207,-1.4011424683770437,-1.3724598969656654,-1.6063739119149567,-0.0482558502931021,-1.6073693097977346,-1.268846823149342
0.11373999296397523,0.10288600709505871,0.747416458047761,0.11373999296420514,-1.1148025805233341,0.41800128804894454,0.08902441800812518,0.36407441450350364,-1.2062311200253382,1.0748593446925732,1.0937232586631505,-0.7183889751360509,-2.7755575615628914e-17,-0.3345061744487818,0.1091720958751431,0.20628424925174263,-0.5556623828915209,0.42663660596534253,-0.6492349639823883,-0.046555019585822484,-0.23733569823745304,1.2016571509750835,-1.3335185489825119,1.4302199260689736,0.7703748434643299,-0.3649179163707072,-0.27112740458053214,-0.6208875857228467,0.4032286242968197,-1.3990659109345749,-1.8675860457104585,-1.0475698532329942,-0.8304547985373997,-0.7536406746989108,1.003487506108899,-0.4548588261473418,-1.3995570885517064,0.13489727413251865,-0.8203600128109605,-1.1051627068931078,-1.0598368048418527,0.19874033256900334,-1.2040542980827122,-1.0801116102303225,1.2116483308882882,1.0650614199288506,-1.3335185489825119,1.1647536297275676,-1.059836804841854,-1.3159385207231578,-0.8475510682425891,1.5067011251990976,-0.36491791637066595,0.39342423908782964,1.3230067413311721,2.0625050142614065,2.1254789528904583,1.9208464019381877,-0.5034228540340031,-0.32837793974248475,-0.48675433187615796,-0.5034228540340022,0.26343791067262257,-1.4689623840133972,-0.32527215556516603,-0.2528132368762087,0.6458241983547258,-1.4171262112838476,-1.3033884497195476,-0.9046234769364091,-2.7755575615628914e-17,-0.30555629489437147,0.5402648464504394,-0.7310586598159254,0.3383072821063245,-0.9048876523859427,-0.6860526495210295,0.05057217374241451,0.9327733006749002,-0.2714869781092055,-0.4112650193568756,-1.2950808562293086,-0.870490972921285,0.13208388435486326,-0.728484926069776,-0.8215305903078459,-0.759951277411427,-0.5978219257115969,-0.8822499905394764,-0.9797958971132712,-0.6626958197018853,-1.4050277680466448,-0.4260477351688707,0.8581590813632314,-0.4829833247791047,-0.2508892061354252,0.20848770532388108,-0.9096762327371429,-0.7279308208698798,0.6024220134011673,0.26811318219274877,0.2612422350551485,0.8944271909999157,-0.2714869781092055,0.5250995260600968,-0.9096762327371427,-0.6943175064892614,0.7824942570286668,-1.1601688288082703,-0.8704909729214229,-0.30598169989335633,-0.6261994655482909,-0.01860483618957372,-1.0389559570854179,-1.032708638472491,-1.4900917699882295,-1.6655738722311078,0.026311234598795308,-1.49009176998823,-0.07653575800991516,-2.196427696396451,-1.687721390765483,-1.4607151781799845,-0.3500454231871424,-2.199757517627053,-1.8132705044637516,-1.0476227449658748,-2.7755575615628914e-17,-1.4493573761250844,0.6037807045139642,0.14433756729741146,-0.6125845862082029,-0.6898735718798099,-1.6101071603942894,-0.05294664329600716,0.44172610429938575,1.1465655357683315,-1.536363463802731,1.4218903332313095,-2.044786219983304,-1.4446546421402995,-0.2464394815488503,-1.71662369984832,-1.0337642197403518,-0.4822794402771326,-1.085660187928986,0.28775752527824927,-0.17025130615174966,1.3123346456686351,-0.5181834197460176,-2.1252311095280287,-0.8623488890180728,-0.6458228630438656,-1.9034459345522587,-0.6350404035852694,0.007493953872037036,-1.3528125417407824,-1.8415465136483424,1.679333237279955,-0.6091148652539039,1.421024284713344,0.23896987045393736,-1.536363463802731,1.3628308238859175,-1.3528125417407828,-1.425292873781446,-0.12936105013892746,-1.65533813855997,-1.4446546421399926,-1.7019887624221501,-1.8905884423310795,-1.6502011867399689,-1.743174306104085,-1.3134428776968394
-1.117582591491023,-1.1503992559343568,0.10490055551547532,-1.117582591490818,-0.49277009886147866,-0.420522779598702,-1.1373817031678792,-0.7472046748681863,-1.2062311200253382,-0.006705824607257029,-0.11479779606990696,-0.8491165550508559,-2.7755575615628914e-17,-1.0290077660655104,0.01145906366619938,0.20628424925174263,1.04595272073698,-0.05471313309901548,0.4507379956574992,-0.127204188713627,-1.5294967219746796,0.7459744927601692,-0.4680561794441923,2.166890842554184,0.053059816548928974,-0.7225188009703476,-1.3769973201811587,0.31542948615289423,-0.5985574780646674,-1.3990659109345749,-0.3889562324092038,-1.0475698532329942,1.2041594578792294,-1.3131880480348588,0.31130277041509913,-1.5161960871578064,-0.7845050944796556,-1.1279513617399175,-0.18396491607004975,-0.4496142541924616,-0.5698706349610801,0.03261765543687611,0.8324359382952917,-0.7716998951678666,0.1903880550488601,3.492410702557393,-0.4680561794441923,0.2759657845170379,-0.569870634961079,-0.7054142813506129,1.0617130056225055,-0.016706837945784064,-0.7225188009704188,-1.056497393834159,-1.0441454630691684,0.7600987476251712,-0.9109889723471102,-1.0878977269365646,-0.6487428934132297,-0.49193560520409885,-0.48675433187615796,-0.6487428934132294,0.2356325078055833,-1.4689623840133972,-0.484615443801107,-0.5434502258667435,0.6458241983547258,-1.5270553559194557,-1.3630689965076423,-0.9412498177784658,-2.7755575615628914e-17,-0.4105802130978194,0.23585783609485209,0.3883749130272102,-0.40886777643506494,-1.1070318661509366,-0.4475135464747116,0.05057217374241451,0.8228088149109888,-0.2714869781092055,2.0065177230523434,-1.4718968322692636,-1.0139151876315202,0.01176694112365001,-0.982419202569939,-0.8215305903078459,-0.759951277411427,-0.6414428452929984,-0.4223537188752812,1.0206207261596576,-0.6626958197018853,-1.4050277680466448,-0.8899663801305299,0.6048470633704705,-0.6510503501073273,0.19777560323987614,0.2115799133464787,-0.8951222926472534,-0.812283625556779,0.8114311558472665,0.2243015436618086,0.2294718522123359,0.8944271909999157,-0.2714869781092055,0.5113121472443946,-0.8951222926472544,-0.5892348923720705,1.208258749672424,-1.2449554084708623,-1.013915187631449,-0.4924769209545163,-0.9619714993583732,-0.7302397152616779,-1.286122067392855,-1.151532623273499,-1.473925266613416,-1.5956869431662835,1.315561729939764,-1.4739252666134166,-0.5632026133600719,-2.196427696396451,-1.6167038792333184,-1.4134683514815767,1.1524113757688155,-2.3713102381649613,-1.8572300841250176,-1.0653071141492991,-2.7755575615628914e-17,-1.4172985531276427,1.881938904958458,0.14433756729741146,-0.6125845862082029,-0.7551232704887053,-1.7204373160228519,0.05948700279817438,-1.3619888215897722,1.2932911124297726,-1.9926168560835413,1.306593346378646,-2.1829166473380006,-1.6264627975872237,-0.19290053982748587,-1.8126049723914737,-1.3241314526945716,0.06263744947248434,-1.085660187928986,-0.7591741004111263,-0.7661308776828737,-0.762000762001143,-1.1761904475238822,-2.4599061098060737,-1.5225847571725348,-1.1961762593768983,-1.8641295130599844,0.714947436348568,-0.20284783564103412,-1.7513999332461714,-3.7508236602345106,1.689499767577607,-1.222962165615751,2.8308067026243484,-1.3222999498451196,-1.9926168560835413,2.2757323050409783,-1.7513999332461718,-1.9294169837140547,-0.840570176375463,-1.698936438320426,-1.6264627975868005,-1.5673940399636277,-1.8379141440701523,-1.1582528353762063,-1.769244758547397,-1.329391523184265
-1.6459295278370207,-1.7099858444508464,0.10490055551547532,-1.6459295278372503,-0.06338812432216134,-0.420522779598702,-1.7002114434711229,-1.979872104850927,-1.2062311200253382,-0.19118120171242897,-0.29568384654959945,-0.8822624634313206,-2.7755575615628914e-17,-1.3698108827583875,-0.6433491765746833,0.20628424925174263,-0.5556623828915209,-1.744253710590113,-0.21454537437780152,0.6012697500011827,-0.23733569823745304,-0.7269588688737402,-1.3335185489825119,0.4657115582621305,-0.22552652680973467,-0.848607630172764,0.6801352246405096,-0.815724399688309,-1.0109699092465463,-1.3990659109345749,1.4236947619617863,-1.0475698532329942,-0.8304547985373997,-1.3131880480348588,0.31130277041509913,-1.5161960871578064,-1.0920310915156815,-1.6920007858125008,1.026335955876416,0.005020533469029705,-1.1413059592627297,-0.18621059379098184,1.127624899662695,-0.5222719962230373,0.8498700547799941,-1.362287862699692,-1.3335185489825119,0.8808615879637027,-1.1413059592627322,-1.494375599657766,-0.2975604921183452,-0.1027873587233478,-0.8486076301727554,-1.8349623734966356,-1.9666628122925915,-1.39867236750829,-1.2622891053016954,-0.8178354479969479,-0.706946503446109,-0.5464385780675465,0.06791920909899887,-0.7069465034461083,-0.10436483617851945,-1.4689623840133972,-0.5537516145615924,-0.6075613272244113,0.6458241983547258,-1.5103152875734198,-1.354244109291422,-0.98932682078764,-2.7755575615628914e-17,-0.5932765462161977,1.1572740154345262,0.3883749130272102,-0.15980942358793557,-1.2309056693883904,-0.3495033097248161,-1.188446082946808,1.020953818125939,-0.6310237869565324,0.06736142997389431,-1.4940216473128964,-1.072246500001235,-0.5690475885695013,-1.2249729703605778,-0.8215305903078443,-0.7872875637424863,0.324725070799155,-0.8822499905394764,-0.9797958971132712,-0.9021243492811758,-1.4050277680466448,-0.8899663801305299,0.09822302738494794,-0.7195889385199158,0.3151490231941216,-0.048343991999184786,-0.9156105148754586,-0.7088211242620365,0.8109336750344112,0.4009899578880901,0.2628692342914473,0.11180339887498943,-0.6310237869565324,0.5456701805495947,-0.9156105148754573,-0.6458090852041386,0.2033799363211432,-1.2535017346444515,-1.0722465000011723,-0.5730597484531641,-1.1118839361898427,-1.132765976956851,-1.4147932812682023,-1.1313375265163135,-1.496090925595406,-1.6523401460099636,-0.618314013071689,-1.4960909255954065,-0.02861751418518918,-2.2107779021093625,-1.67150841408208,-1.444182218965216,1.1524113757688155,-2.418501948467362,-1.8672476395455329,-1.0474887141783922,-2.7755575615628914e-17,-1.5154850443010464,3.9960498537719995,0.14433756729741146,-0.6125845862082029,-0.7562504091937156,-1.8392026589698087,0.43592937328386444,0.44172610429938575,0.7173253032628077,-0.623856679241109,-0.6430041523678103,-2.2559821081121494,-1.5887486805593052,-0.4177813479479112,-1.8558035132942965,-1.3241314526945722,0.06263744947248434,-1.085660187928986,0.13718199797846903,-1.3620104492139977,-0.762000762001143,-1.5077505120532964,-2.4743005904244653,-1.5225847571725348,-1.4713529575434154,-1.9183411287951515,1.0394365942210455,-0.010275407432307367,-0.952359044494202,-2.5927508239048374,1.7974536180119574,0.5909077828146052,-0.1298981513470223,-2.102934859994648,-0.623856679241109,0.23401080335448227,-0.9523590444942024,-0.6174997794716991,0.16230771444377484,-1.7309283114929674,-1.5887486805589202,-1.634818116128401,-1.9419121197563503,-0.975813833588569,-1.9454436180404289,-1.376436004837538
-0.7732493235058125,-0.7630038839548962,1.3899323605800467,-0.7732493235057019,-0.5599655576409744,-0.420522779598702,-0.7478359435859746,-0.7411894819909397,0.6393512520055843,-0.5990894981452568,-0.6695382993178783,-0.6864118842318635,-2.7755575615628914e-17,-0.8241196927535239,0.01145906366619938,0.20628424925174263,-0.5556623828915209,-1.6605287046277688,0.4469795225201417,-0.4098826893276924,-1.5294967219746796,0.3070193293258797,-0.4680561794441923,0.9875591797638109,-0.46035084887263605,-0.544575096178335,-0.3725869494151259,0.44337010747274497,-1.0109699092465463,-1.3990659109345749,-1.210527970168054,-1.0475698532329942,-0.8304547985373997,-0.7536406746989108,-0.6961307084734811,-0.4548588261473418,-1.0920310915156815,-0.7678059024512475,0.9269674078643885,-0.5342772972030579,-0.9019439895226757,-0.6674041632006305,0.6987274889633639,-0.8976423945006708,0.2817144664319635,-1.362287862699692,-0.4680561794441923,0.3823765881763762,-0.9019439895226755,-0.9788925600465935,-1.1077647973817855,-0.8223230576604829,-0.5445750961783127,-0.6359559935885025,-0.23936310771475142,1.0145357412155103,-0.109455235510067,-0.5667514925825994,-0.7292392874083823,-0.6578466973358128,0.6225927500741557,-0.7292392874083818,-0.9422356421720941,-1.0714865301213132,-0.6246043171671182,-0.6075613272244113,0.1768825193798484,-0.9559313497100335,-1.008548687159284,-0.7097293970199268,-2.7755575615628914e-17,-0.708910286422405,0.23410596809053624,-0.7310586598159254,-0.33474689925804435,-0.8419458529985758,-0.32995337719964496,0.05057217374241451,-0.09598240916777065,0.8071234484327751,-1.5953507643322151,-0.9658866416045667,-0.7123065172839836,1.1662069334511742,-0.6401778096850369,-0.820980088349419,-0.7872875637424863,-1.6334927535324986,-0.4223537188752812,1.0206207261596576,-0.4244632824911961,-0.7940858352775809,-0.4260477351688707,-1.4216490805716184,-0.7460332478882914,-0.06423399458686517,-0.800454400262413,0.005899447717879414,-0.16205592423070145,1.1226071847783579,0.010383014705319325,-0.4048460881957275,-1.4534441853748632,0.8071234484327751,-0.26860362195896237,0.005899447717877091,0.7919948832979102,-0.2629118023562249,-1.1439365727228783,-0.7123065172840892,-0.7253042682418553,-1.0242231585744297,-0.7225665327312236,-1.11089436289199,-1.0812182012780067,-1.4629070461966245,-1.7123363429269498,-1.2629392607421734,-1.4629070461966251,1.1164763179810826,-1.2525209183290396,-1.6920284905965681,-1.5197771416817618,0.45988529227426633,-1.8374257924212436,-1.6815390189917183,-0.9288883120594787,-2.7755575615628914e-17,-1.593941804910548,3.2847498844066343,0.14433756729741146,2.547062226865688,-0.6496725571564738,-1.8214680753913424,5.897337578179331,-1.3619888215897722,-0.6950137218520687,1.2011568898821345,-1.6154565051360623,-2.0304933426668,-1.3713518790408081,1.033079735248175,-1.8442400577489473,-1.3241314526945722,0.06263744947248434,0.884612004979173,-0.772791618391713,-1.3620104492139977,-0.762000762001143,-1.5077505120532964,-1.3588256300646357,-1.5225847571725348,1.0052373259552345,-1.8379810524647682,3.790284418832,0.2499247559345431,1.1849137522159088,0.2380342506804765,1.8578877915481475,1.557325883353165,-1.0050447942271654,0.23896987045393736,1.2011568898821345,-1.1348286833091539,1.1849137522159086,1.2395832006291028,2.815715180052354,-1.702077097006512,-1.371351879040505,-1.7797067954395454,-2.018665100999232,-1.0722378075863215,-1.9826813900071052,-1.3839061186259907
-0.8690571730449844,-0.8696474506835824,2.0324482631123324,-0.869057173045095,1.2560128353053304,-0.9123464968373602,-0.8357093158657011,-0.7411894819909397,0.6393512520055843,-0.9427881598918185,-0.9566226894940272,-0.8437061470295387,-2.7755575615628914e-17,-0.7695792131913191,-0.43204670331284534,0.20628424925174263,-0.5556623828915209,-1.3017245956281231,0.6726950050737708,-1.2459929587175076,-0.23733569823745304,-0.036917282980218936,-0.4680561794441923,0.29649402607207603,-0.6790939231291571,-0.8395092136996243,0.5595238478357045,0.5790992373337819,-1.0109699092465463,-0.10074446510017676,0.006574149788116036,-0.48349377841522795,1.2041594578792294,-0.7536406746989108,-1.1021212850824715,-0.9855274566525741,-0.16945310040760572,-0.8674437270984543,0.33316300379085806,1.2048648110952673,-1.1580248999300036,-0.9739734918448157,0.7584554572116001,-0.6836366046788549,0.4003275474754087,-0.1486132213854206,-0.4680561794441923,0.5074964132188381,-1.1580248999300047,-1.3828375253404268,-1.0288175632151275,-0.7505473523315379,-0.8395092136995925,-0.9043545178900514,-0.8796803033456979,-0.03353996402050804,-0.618246108698659,-0.8883481926527651,-0.6824099148937656,-0.5941882898861693,0.6225927500741557,-0.682409914893765,0.6306505194131502,-1.0714865301213132,-0.5677141337316784,-0.5092457742010984,0.1768825193798484,-0.9721910328758203,-1.02016448031725,-0.8794401016308752,-2.7755575615628914e-17,-0.7026326607620976,0.3110923127720328,0.3883749130272102,0.029337290541948453,-1.1731572830311783,-0.16629410125962357,-1.188446082946808,0.15802986106620381,-0.2714869781092055,1.1886065597837887,-1.0416771280386092,-0.8441930459751953,-0.25258148884231957,-1.037268951546449,-0.6338498220710163,-1.107655838216336,-0.17082204601914325,-0.4223537188752812,1.0206207261596576,-0.4244632824911961,-0.7940858352775809,-0.4260477351688707,0.35153504537770897,-0.6906073585620409,-0.03605573500762762,0.4381807912781464,-0.8726822082875367,-0.3031344738605184,0.5856730905229789,-0.5107856098238276,0.07398782718025441,-0.6708203932499369,-0.2714869781092055,0.335848475784143,-0.8726822082875393,-0.7971824403009476,-0.23164794264377525,-0.8302501886193884,-0.8441930459752605,-0.5496864259931042,-0.5887301238847055,0.3454555884712964,-0.631029933076845,-0.6648270468465761,-0.42992129031805715,-0.6760459117617132,0.026311234598795308,-0.42992129031805787,2.091495981939916,1.0254868107390251,-0.7291885581425251,-1.406384757606943,0.3678176596226095,0.8555800749104614,0.9515351441797905,-0.4598036401635371,-2.7755575615628914e-17,-1.1372438279187584,0.14734242323295596,0.14433756729741146,0.96723882032874,-0.7620741887095857,-1.1962190147120773,0.9191835376633989,-1.3619888215897722,0.4216984174639247,-1.0801100715219196,-0.636433636888977,0.40928945559932234,-0.3992772608915238,-0.27242747457504,-1.456297033202663,-1.1600756087863733,0.06263744947248434,-0.1005240914749065,-1.7696436026587579,-1.3620104492139977,-0.762000762001143,-1.1761904475238822,0.9467187041447436,-0.8623488890180728,-0.920999561210382,-0.2881096741530733,1.6483428512976164,1.3669705853272731,-0.6406191710150583,0.9222829283317459,-0.165436802422762,-0.7771295686387013,1.0850525891315275,0.23896987045393736,-1.0801100715219196,0.9499734758042868,-0.640619171015058,-1.124892071266272,-1.0963330946367205,1.2735617853856676,-0.3992772608916767,-0.5196888520811943,0.5322249012422628,0.7181114015601415,0.9689110739817158,0.8630685435910757
-0.3579579273120234,-0.2771195048379909,-0.5376153470168104,-0.35795792731254344,1.2839182275726653,-0.9123464968373602,-0.3031393975327555,0.08115018897692569,0.6393512520055843,-0.949300070793926,-0.9618154644962151,-0.8200352869989204,-2.7755575615628914e-17,-0.712914594984419,0.6310266635236788,0.20628424925174263,-0.5556623828915209,1.0050974062158111,0.04683910516868671,-1.0594471552425586,1.05482532549978,0.10209069390959846,-0.4680561794441923,-1.1266243925206978,-0.7799885704352734,-0.7704547260358138,1.231557950886869,-1.2587635833018103,-0.5510400038929725,0.1164208043868022,0.016189802119463505,-0.48349377841522795,-0.8304547985373997,-0.19947441716256617,-1.1021212850824715,0.07580980435789053,0.13807289662841996,-0.3408196996895768,-1.0627834728404064,1.3162401611631471,-0.8945037355659706,-0.7125885432437006,0.24558626450648302,0.044460799425243586,0.3892772552435858,-0.1486132213854206,-0.4680561794441923,0.4593255516252894,-0.8945037355659723,-0.9934047536321808,-0.46579740259031865,-1.0140975195078612,-0.770454726035852,-0.3656209241521962,-0.657896862799835,-1.4248985977594255,-0.628496071526832,-0.2903641413006342,0.021790662161034764,0.06662772414742435,0.6225927500741557,0.021790662161035517,2.1103665111884355,0.5591046309289524,0.09060563122183822,-0.1271395180592041,0.1768825193798484,0.19787038786513358,0.043576948718311685,-0.6864143787912322,-2.7755575615628914e-17,0.01766813248906225,-0.7862890178252486,-0.7310586598159254,-0.04164603121577568,0.3075667084235701,-0.21727370252224562,-1.188446082946808,0.5479012386142614,-0.6310237869565324,-0.16721809219660977,0.21761300933463923,-0.4992729251611794,0.58439918402385,0.7345399588518637,-0.5650158796018834,-1.1076558382163386,-0.23531252918607962,-0.4223537188752812,-0.9797958971132712,-0.18739955109523565,0.20321037488886448,0.03787090979278855,0.09822302738494794,0.0921685775403039,0.40135463501010105,1.8288103017089774,-0.726285067816328,0.19518752581917892,-0.5278500451196015,-0.9626457475511979,-0.053540272653183604,1.6770509831248421,-0.6310237869565324,0.11560369322111158,-0.7262850678163286,-0.9317430614437745,-1.2630325309285093,0.013122941146363207,-0.49927292516139904,-0.0386854001912442,0.3475666008162761,0.6528669637635833,0.9151355318827191,0.6444325593364281,-0.11854620343827375,-0.24853308733402024,0.026311234598795308,-0.11854620343827454,1.0942593674225354,1.0254868107390251,-0.2549657781942548,-0.8719247332017442,0.3678176596226095,0.846136915906985,0.9372080660788593,-0.287488508104078,-2.7755575615628914e-17,-0.3164935578731255,-0.6558470596955062,0.14433756729741146,-0.6125845862082029,-0.7620741887095857,0.18755305370098213,0.3558282485880056,-1.3619888215897722,0.5843430464973369,-1.0801100715219196,2.2190388709849937,0.6478019273952843,0.153131984634479,0.7201779885972788,-0.370548913149762,0.7830879286486712,0.06263744947248434,-0.1005240914749065,-0.6238430732863941,-0.17025130615174966,1.3123346456686351,0.13326534651356187,0.9467187041447436,0.45812284729085107,-0.920999561210382,0.03688116104673299,0.985022819456906,1.1529006473919012,-0.48664298705186987,0.7188482316918073,-0.45837539927429927,-0.44621903877889024,0.4686580690506198,1.0196047806034658,-1.0801100715219196,0.4161598726987937,-0.4866429870518698,-0.9440713771171046,-0.5780732755253781,1.163112371012078,0.15313198463406982,-0.397622508947733,0.5544664831407915,0.7223620641941843,0.9183171595312953,0.7666835264432146
0.1323997607798266,0.2901789595574868,-0.5376153470168104,0.13239976077983226,-0.2693383585970711,-0.9123464968373602,0.21855304598804495,0.6140268744927558,1.1676853778738667,-1.661808626777551,-1.4746169192933363,-0.6349825998727153,-2.7755575615628914e-17,0.20825654569470414,3.6418417475559455,0.20628424925174263,-0.5556623828915209,0.7482520525107711,-1.704289980278549,0.5316843909037782,1.05482532549978,1.2293035405250776,-0.4680561794441923,-1.5957083360275992,-1.677898896795831,-0.4506569212703648,-0.12035057583812474,-2.1563057216182386,-0.3507877278075965,0.1164208043868022,-0.8473487918635313,0.08058229640253824,-0.8304547985373997,0.07566511220620867,-1.3905188632698533,0.07580980435789053,-0.16945310040760572,0.15352120968382899,-1.4776128374769637,-0.2808257217825336,-0.7548634116790094,-1.312940915232535,0.2131965496827678,0.8437964076098802,0.29680494034954225,-0.1486132213854206,-0.4680561794441923,0.38993988283418973,-0.7548634116790104,-0.6631605558100344,0.4421765379875988,-1.558746155935761,-0.45065692127041246,0.3653038430150462,-0.11383315430202644,-1.2912930770408322,-0.7810667277069625,-0.5528715294037125,-0.183127410806045,-0.22748321785209916,0.06791920909899887,-0.18312741080604433,0.6757376462763371,0.5591046309289524,-0.2305389566444833,-0.013187270215137995,-0.5396711763117429,0.8699228898189426,0.8635133499563702,0.3550667350630717,-2.7755575615628914e-17,-0.4193141541845068,-0.657964894524006,-0.7310586598159254,-1.3871759424379453,1.3321058040721772,-0.5236570786441284,0.05057217374241451,-1.7780773754508719,0.8071234484327751,-0.47855488667369717,1.090340230281321,0.39489302826493844,0.35965300926748206,1.2830363453837286,0.2013951654938831,-1.107655838216336,1.1773145613675648,0.4974388244531091,-0.9797958971132712,0.28332583686328683,0.7652771563291437,0.03787090979278855,-0.4084010086005743,-0.12665932021020787,-0.003285786681890612,0.4656358204974082,0.6328792014186854,0.6623662171807303,0.014100648971890414,-0.12908575158495686,-0.48442756472847615,0.8944271909999157,0.8071234484327751,-0.5286044936247523,0.6328792014186858,0.8069823570066089,-0.8853369543626743,1.0830823851118263,0.3948930282646119,-0.2882240167908406,0.059081334960822574,-0.9352068283635457,0.8185411752662963,1.0837623909085914,-0.09536064431385395,-0.215881594554172,0.026311234598795308,-0.09536064431385442,-0.2674593560410586,1.0254868107390251,-0.24273542529571437,-0.5203573505079169,-0.15212156210390615,0.8892115053190668,1.0028516632354545,-0.07091520214000933,-2.7755575615628914e-17,-0.3654399424459568,-0.5813584817303983,0.14433756729741146,-0.6125845862082029,-0.9343835306636605,0.34904046124961347,0.28881739596592154,0.44172610429938575,0.8438854547426665,-0.16760328696029908,0.8195325350734681,0.631070609124447,0.6748700821317103,0.43935051507912254,0.44089858381837177,2.2044844843833715,-0.3526857272924889,-0.1005240914749065,-0.2972805163261959,1.0215078369104984,1.3123346456686351,0.7784491897017454,1.0625361168628709,0.45812284729085107,-0.0954694667108322,0.05978694280222852,0.8520030182568643,0.014186104143685561,-0.2693647656414505,0.7494959818931894,-0.38748959657580845,-0.3748928607585355,0.26655397125395436,1.8002396907529943,-0.16760328696029908,0.35901074790146004,-0.26936476564145,-0.44221458781009243,-0.4436287175064757,1.257453860131384,0.6748700821310911,-0.30152301251675107,0.5649011293559788,0.6899817781129126,0.8384949010080818,0.6511534262516114
-0.14438624476191722,-0.0359340560000712,0.10490055551547532,-0.1443862447622174,-0.906236341129469,-1.232786004251002,-0.05559015894692638,0.2541902589639715,1.1676853778738667,-1.8977058102224118,-1.620213917196508,-1.0671310936965372,-2.7755575615628914e-17,0.01727793900335011,0.6454313682092677,0.20628424925174263,-0.5556623828915209,0.8454221228837195,-1.1971789712604903,-0.6931343641316984,-1.5294967219746796,0.5635664317475751,-0.9007873642133528,-0.23859335589955832,-1.6696249430839671,-1.1580182760907947,-0.8246825882025485,-1.592039325192815,-1.267382352376548,-0.8334164136386463,-0.38945036575768543,-0.48349377841522795,1.2041594578792294,-0.47590001136131643,-1.6550352251761133,-0.4548588261473418,0.7531248907004708,-0.12424066128874112,-0.9348519560710185,-0.9218821431670708,-1.0022223834401618,-1.9483060229197613,0.6054910253856675,0.12698063409627064,0.8385956138566878,-0.1486132213854206,-0.9007873642133528,1.0380801531827293,-1.0022223834401573,-0.5760534287348391,-0.590934883458734,-1.4706244283869363,-1.1580182760907627,-0.01088252906624652,-0.4261323918803362,-1.0077480347731944,-0.9483840528506899,-0.7874836871104385,0.256817802687775,0.33527253502525517,-0.48675433187615796,0.25681780268777543,-0.648294738907415,0.5591046309289524,0.2923224064938132,0.45018741421604275,-0.5396711763117429,0.5375111394425641,0.43889946078562897,0.42548513253072334,-2.7755575615628914e-17,0.14952025192527726,-0.15150269898829194,1.5078084858703495,0.5858495299280139,-0.007423890274982772,-0.06327879856247923,0.05057217374241451,0.9204657989038868,0.4475866395854488,1.4512011828053981,0.3747891864837285,0.47954147148855847,0.014341459910622367,0.0338417554593881,0.2013951654938831,-1.1076558382163386,0.4065222813368727,-0.4223537188752812,1.0206207261596576,-0.18739955109523565,0.7652771563291437,0.03787090979278855,0.8581590813632314,0.3353185360293606,-0.5983474068820167,-0.685546291728731,0.34592478972841517,0.4567706951599702,-0.32823062541474896,0.10286164396154863,-0.4253274578477496,0.8944271909999157,0.4475866395854488,-0.4257287446982657,0.3459247897284151,0.4968573998605495,0.7734981596993122,0.6447544834632245,0.47954147148835613,0.31097611609074094,0.45431002542611737,0.907344551333578,0.4493879061461059,0.18731344450168957,0.6390056684698877,0.62335050137692,0.026311234598795308,0.6390056684698867,-0.35630865413634355,1.0254868107390251,0.6745868316585538,0.7886397789067426,-0.15212156210390615,0.7603543232401417,0.8087015304878641,0.1464573042335675,-2.7755575615628914e-17,0.6141889242471156,-0.26789973395697636,0.14433756729741146,-0.6125845862082029,0.34565431395604646,0.20257473308939358,-0.12192241541508553,0.44172610429938575,-0.17393897271061567,1.2011568898821345,-0.6936921686948779,0.5683470125679754,1.072625892168635,1.8136582698221393,0.553854674628973,2.2044844843864233,1.6436396058853657,-0.1005240914749065,-0.6099903031211185,1.0215078369104984,-0.762000762001143,1.0987782905032173,1.0625361168628709,1.118358715445313,0.45488392962220103,0.7166758082562875,0.06644267616659853,-0.2514951719675326,0.35767533252607725,0.46089225258216077,-0.6438949276833691,0.32851845580160216,-0.5606215528441315,1.0196047806034658,1.2011568898821345,-0.3860021246654042,0.35767533252607714,0.6649674972172949,-0.3039271459455934,0.5999783512096992,1.072625892170161,0.6141340118484181,0.6892862432689991,1.2301299417796845,0.5808196235848043,0.40207826281282466
-0.5131458564014726,-0.47511307387188356,0.10490055551547532,-0.5131458564011431,-0.8647306614780657,-1.232786004251002,-0.44948004507529726,-0.36249502322841487,0.13059897069133203,-1.3711871728209415,-1.2787050730206504,-0.9620439159330657,-2.7755575615628914e-17,-0.3051799843435754,0.15538318852451685,0.20628424925174263,-0.5556623828915209,1.0526177726187598,-0.9290648119804366,-0.14272446752073417,-1.5294967219746796,-0.35771469434101716,-1.3335185489825119,-0.20735248868638753,-1.3058129010220285,-0.8554129222700738,-0.33702481832935477,-0.7723856818269865,-0.3507877278075965,-0.8334164136391038,-0.3283167556513259,-0.48349377841522795,1.2041594578792294,-0.19947441716256617,-1.0889290556930122,0.07580980435789053,0.7531248907004697,-0.4994594176831863,-0.9766712013546618,-0.858336446397414,-1.2986179263586604,-1.8742259084545145,0.7055282044942436,-0.7158644132260286,1.3779330579991451,1.0650614199288506,-1.3335185489825119,1.4419972019131537,-1.2986179263586675,-1.1640482837477961,-0.5905892188680616,-1.120751514873454,-0.8554129222700138,-0.4937524624956401,-0.567085345987243,0.03136162224342831,-0.766574955860636,-1.110392453379361,0.684690402323269,0.4866442518914822,-0.48675433187615796,0.6846904023232702,0.7483401385052869,1.6463270840968518,0.5811966584618193,0.45018741421604275,-0.5396711763117429,1.4899154440110256,1.7551381073210306,0.9877432390428008,-2.7755575615628914e-17,0.6145817331709529,-0.47439708068459974,-0.7310586598159254,0.491559630755431,1.0299927135460056,-0.29921829676752576,1.2895904304316432,-0.8850591203925705,0.8071234484327751,-0.5303688331084925,1.3626631519920775,0.9719887738880115,1.895171010037264,1.2630066503536874,0.2013951654938831,0.8683269982990237,-0.9350097736698754,0.4974388244531091,-0.9797958971132712,0.28332583686328683,1.4302401820417474,0.03787090979278855,1.111471099355992,0.7589049496228368,0.09125460132125993,0.5825355060478494,0.9072489565313682,0.7203192924083001,-0.7617898672564695,0.4763692856588507,-0.5387611440813919,0.8944271909999157,0.8071234484327751,-0.6541322754180375,0.9072489565313688,0.9184881844210939,0.14071700164194914,1.3549176736148687,0.971988773887739,0.39363779257439707,1.0325396994650626,1.5358321364585144,1.011199443766817,0.862242217236826,-0.1801089764423152,-0.04327569010254623,-1.2629392607421734,-0.18010897644231572,0.6959678564004802,0.15893343960848316,-0.009226834473656355,-0.0859288398303763,-0.15212156210390615,0.0021824162296079064,-0.19845297729990052,1.1262584515398395,-2.7755575615628914e-17,-0.03532110746803266,-0.5462230766393994,0.14433756729741146,0.96723882032874,-1.0024470737304674,0.04557785903013608,-0.2877089932680783,0.44172610429938575,0.39623069949318357,0.744903497601323,0.702490257775979,0.062135904936440195,1.6468218616188912,0.8876976721842602,0.15087895119744618,2.2044844843833715,1.6436396058853657,0.884612004979173,0.5673285597326165,2.8091465515038707,-0.762000762001143,2.6790743076624404,0.19330915556463013,2.438830451754237,1.555590722288267,-0.024739071302660207,-0.19974595397221767,0.521650868857507,1.078416739283169,0.4490962442101858,0.41419997266410935,0.9444173594910678,-1.0566294250568025,0.23896987045393736,0.744903497601323,-1.0527618452381982,1.0784167392831685,1.4265419571413298,1.0589237596511922,-0.18520165674732017,1.646821861618575,0.026185577895633774,-0.1728571346742978,0.41196225474979314,-0.2901519011608953,-0.5114157710758731
-0.849962415936642,-0.784489700997042,-0.5376153470168104,-0.8499624159363955,-0.49634032052574334,-1.232786004251002,-0.8151430478919077,-0.623822389523692,-0.13886254836165515,-0.9555413703034172,-0.9667838434981315,-0.6575041621486963,-2.7755575615628914e-17,-0.6140573854237013,-0.09112622738738779,0.20628424925174263,-0.5556623828915209,0.6199855711877057,-0.6414008814702397,-0.17319994592957874,1.05482532549978,0.2111213842366417,-0.03532499467503325,-0.8489876370587368,-0.9332395076444822,-0.6887310449822646,-1.566304780667715,-0.6647515610089687,-0.45905363486969514,-0.8334164136386463,0.0052351401335211205,0.08058229640253824,-0.8304547985373997,-0.19947441716256617,-0.9418402236364809,-0.4548588261473418,-1.0920310915156815,-0.8475510300948284,-1.1166370046954979,-0.4986177336884626,-0.1030694645212969,-0.10736192453626267,1.0739754702244018,0.8428947402747708,-0.2938862085271836,-1.362287862699692,-0.03532499467503325,-0.2588965970561909,-0.10306946452129159,-0.13047963525829737,0.7805675703171546,-1.1836558945267739,-0.6887310449822889,-0.5549128813088792,-0.5890053858111063,0.4156537313661931,-0.79699649209852,-1.1007769908407923,0.7687844548589703,0.5708459439662366,0.06791920909899887,0.7687844548589711,1.2495734942795473,1.6463270840968518,0.6369731718140716,0.3262324793435571,-0.5396711763117429,1.6528373778263654,2.0109684522205877,1.0534301328524216,-2.7755575615628914e-17,0.6145817331709529,-0.7126860629133767,-0.7310586598159254,0.491559630755431,1.2740258350698854,-0.3929435613423176,0.05057217374241451,-1.2240518441507429,0.8071234484327751,-0.9338388300778093,1.5477648370752182,1.054457162004533,-1.5859420739014976,1.3189616672690736,1.0257528231752195,-1.4381294791821448,1.304478584793861,0.4974388244531091,-0.9797958971132712,0.28332583686328683,1.4302401820417474,0.03787090979278855,0.35153504537770897,0.8395293828758656,0.1416236838466563,1.3915663015238295,0.8261451147064984,0.7605806342526563,-1.0159092061261787,0.4062544837823242,-0.5181987604238604,0.8944271909999157,0.8071234484327751,-0.6065094086233006,0.8261451147064964,0.8689401297068818,-0.6144170237476606,2.1752518780189756,1.054457162004827,0.6464804936664164,1.4054679469663902,0.8771209754294265,2.147714358231075,2.0409769954915684,0.18504277134588115,0.3086690509560454,0.026311234598795308,0.18504277134588037,0.3896498678217811,0.15893343960848316,0.31483016203657754,0.6434211482908978,-0.15212156210390615,0.35577376398515315,0.24250033454907333,1.1556509775669406,-2.7755575615628914e-17,0.26369296971823,-0.6430333617123222,0.14433756729741146,0.96723882032874,-1.0024470737304674,0.9949589480819995,-0.6157799443293052,0.44172610429938575,0.496720032399429,0.744903497601323,-0.3305671308459113,0.536162689553889,1.480332194156045,-1.518656084432403,1.2411925864860656,1.575579566485791,0.3606339315940609,0.884612004979173,1.462592051126921,2.2132669799727465,1.3123346456686351,2.051103835267134,0.19330915556463013,1.778594583599775,1.555590722288267,0.32506019086109494,-0.6830363068867885,0.3334115461404757,0.9893151611868324,0.5483807713274319,-0.0023030844114069024,1.1996651601279789,-0.970616622297335,0.23896987045393736,0.744903497601323,-0.9556862679609756,0.9893151611868335,1.1919473675909031,0.8535133307509165,0.28514966075234033,1.4803321941567718,0.30005659950308367,-0.010522264829648584,0.48874474266852785,-0.20089025388975676,-0.4338476077981338
-1.7125799480138197,-1.6672799430359486,0.10490055551547532,-1.7125799480132464,-0.6512124775016296,-1.8310759555605856,-1.7424732805056733,-1.502097290179766,-0.13886254836165515,-0.9395184049522365,-0.9540118409882067,-0.8437595743154802,-2.7755575615628914e-17,-1.7364026061541893,-0.18368146185037618,0.20628424925174263,1.04595272073698,-2.2443878172856686,0.03764384047825353,-1.5853247107932817,-0.23733569823745304,1.2200463210153332,-0.9007873642133528,0.8968371938864254,-0.6386954441281048,-1.0104580433895776,-0.209958982561431,0.1918493481414814,-1.3651338169386267,0.36408596559009776,-0.7977499738800881,-1.0475698532329942,1.2041594578792294,-0.7536406746989108,-1.4357165329679726,-0.4548588261473418,0.13807289662841996,-1.7641837679360692,-0.010411380746104648,-0.6406014521160074,-0.7337595438468045,-0.4196598850718925,1.757431153798209,-0.13699775773329073,0.4870804791499393,1.0650614199288506,-0.9007873642133528,0.6150497769352739,-0.7337595438468103,-0.6416759336195398,-0.1551871423140428,-0.7298433641840818,-1.0104580433895598,-1.66528373878352,-2.007779309491047,-0.560024317960987,-2.020497299052586,-1.4842384537126982,0.9207782504702103,0.9799694781030444,0.06791920909899887,0.9207782504702123,0.38483111476186144,1.6463270840968518,0.9355000792153232,0.5200839266328808,0.3854745158083706,0.6508216643235607,0.5794490429773841,-0.029924499751808047,-2.7755575615628914e-17,1.0305899024300584,1.1178030647861956,0.3883749130272102,0.5967801086487351,-1.001217076703387,0.14466909067617004,0.05057217374241451,1.537688135632298,0.08804983073812074,2.5137066030219093,0.3226908425508626,0.07366415590510128,1.0303205325287743,-0.8048593974563265,-0.44024904521398256,0.28983995269011625,-0.4581286874153943,-0.4223537188752812,1.0206207261596576,-0.4244632824911961,0.7045532381883451,-0.4260477351688707,0.09822302738494794,0.9832344347792016,0.8773693878578064,0.5069387976044227,-0.04880722894374411,0.3715586425975876,-1.1568081480551422,0.0641317646727581,-0.318120341489195,0.8944271909999157,0.08804983073812074,-0.24550415259829678,-0.04880722894374518,0.061078679777855166,0.01300330378770421,0.7059186304509193,0.07366415590517367,0.80400235963556,0.9614260925157572,0.1263951786102098,0.9910479398288476,1.079469308081587,0.16175341249727715,0.38731865302667884,-1.2629392607421734,0.16175341249727623,-0.41402639812591585,0.15893343960848316,0.37699141059648333,0.45550002380248733,0.421326340506969,0.07186810367035117,-0.11552700040376776,0.9050863869941324,-2.7755575615628914e-17,0.5600910455635122,-0.6211441000720795,0.14433756729741146,2.547062226865688,-0.3285174156771113,0.8483360791473398,-0.5082919956365676,0.44172610429938575,0.41541371131591737,0.744903497601323,1.0702266477448699,0.1723252093945631,0.9588951313627008,0.5557061793413164,0.9212607740036874,-0.3122382985184027,1.4151807390125508,-0.1005240914749065,0.4220477625306664,1.0215078369104984,1.3123346456686351,1.0987782905032173,0.0655725863006391,1.118358715445313,1.0052373259552345,0.30379112375598344,-0.4900267244662235,-0.4735804942216389,0.7899711891183254,0.21977962351740937,0.09427343475461311,0.6598061141233028,-0.9390047968372666,-0.5416650396955911,0.744903497601323,-0.8001710523369134,0.7899711891183248,1.374614611511242,1.0795969693270129,0.15663088977277528,0.9588951313622518,0.35670423057667716,-0.047976692853887774,0.3776192229336501,-0.3290663182406272,-0.5459237826559589
-1.3518788858388853,-1.4522484111823015,0.10490055551547532,-1.351878885839434,0.3636402831411622,-0.13241248064817143,-1.407868728598348,-1.7767638812181588,-0.5219456606929533,0.3875213363518828,0.2964171943562747,-0.5149303369272207,-2.7755575615628914e-17,-1.4944645674149482,-1.071032977593299,0.20628424925174263,1.04595272073698,-1.8608931022011317,1.2029740163427036,-0.617268019989728,-1.5294967219746796,-0.6786480206284508,-0.9007873642133528,0.07198533873586824,0.719644519209852,-0.4616413511930038,1.1013220553025365,1.2853614164059748,-0.45905363486969514,0.4413941004167533,0.34115442469822843,0.08058229640253824,-0.8304547985373997,0.07566511220620867,0.17560652024604506,0.07580980435789053,0.13807289662841996,-1.3763236879514522,0.8367573734404311,0.2670457691770512,-0.3742028354395327,0.5145758285384007,0.782876053830424,-0.12527026831160223,0.15109745786603912,1.0650614199288506,-0.9007873642133528,0.23483668856415668,-0.3742028354395346,-0.5224911653567651,0.11450062484686484,0.0244161769669516,-0.46164135119306554,-1.571179117683716,-1.07209553735198,1.0905548294876652,-0.1899329169160878,-0.7050585456593832,0.752160257540782,0.7342949294862042,0.06791920909899887,0.7521602575407822,-1.0517480548601283,1.6463270840968518,0.6986177701134603,0.33789096633493637,-0.005460238601512189,1.1734737699706854,1.2838439415448208,0.18706275828647598,-2.7755575615628914e-17,0.6154260972827793,0.0820818416300671,0.3883749130272102,0.2215028184046657,-0.3658974519392274,-0.16684568697785257,0.05057217374241451,0.9708041242674643,0.08804983073812074,-0.7296084523243711,0.8790125704290412,0.2619345166471659,-0.15409248128765665,-0.11107977751788624,0.4980950529194307,0.28983995269011625,-0.828605121739087,0.037542552788913934,-0.9797958971132712,-0.18739955109523565,1.0112035848204035,-0.4260477351688707,-0.6617130265933351,0.8236554106682562,0.47990116912900704,-1.0410982396889965,0.03282775024225602,0.5250748752052121,-1.1617287871890536,-0.49611919750576244,-0.310697412626582,0.8944271909999157,0.08804983073812074,-0.23412896077832435,0.032827750242254275,0.12936693239949795,-0.4518532549340518,1.2489787059352446,0.26193451664729595,0.8743249461240369,1.33127605393811,-0.37192011849550827,1.7824966093292434,1.9090771386727432,0.08678888284624697,0.23280527935782577,-1.2629392607421734,0.08678888284624665,-0.43662560967320063,0.15893343960848316,0.24851352784889286,0.1807213276714632,0.421326340506969,0.2098661887292723,0.05445192176699878,1.767043711237162,-2.7755575615628914e-17,0.5267617630410186,-0.5684296095130369,0.14433756729741146,2.547062226865688,-0.3285174156771113,0.7219403254783421,-0.47265558623443943,0.44172610429938575,-0.8868562150813283,1.2011568898821345,0.01612124648634335,0.2951167839051624,1.638959112886355,-0.6335809709934067,0.40552820448735927,-0.3219535398861241,1.4151807390125508,0.884612004979173,1.5234608564098555,1.6173874084416224,1.3123346456686351,1.7350744155070184,0.0655725863006391,1.778594583599775,0.45488392962220103,0.23443681832427474,-0.1427513393569191,-0.35007134136304857,1.4517198216683525,0.4981570023317,0.3885161666984142,1.232029663406724,-1.1109521831977098,1.0196047806034658,1.2011568898821345,-1.2557348090404403,1.451719821668353,1.6026764787920122,1.8391550917344115,-0.09462236588100192,1.6389591128869228,0.22183152238440118,-0.2337937890121917,1.1128009496855578,-0.6014680776432721,-0.7626731314026733
-1.1217579872828096,-1.2217920674244254,0.10490055551547532,-1.1217579872823809,0.4332199734336637,-0.13241248064817143,-1.1632180124820697,-0.6005196582534997,-0.5219456606929533,0.4405077922921264,0.3542480990017351,-0.2355193652265229,-2.7755575615628914e-17,-1.3895841921313197,-0.5090114470386066,0.20628424925174263,-0.5556623828915209,0.32319926820451816,1.2943230717622296,-0.9827695603084583,-0.23733569823745304,-1.2392086652839394,-0.03532499467503325,0.6369982119771355,0.888969058843052,-0.16532167338436501,0.2868937851834398,0.9013641924194018,-0.45905363486969514,0.36408596559009776,-0.5499196739289723,0.6446583712203044,-0.8304547985373997,0.34954666698865544,0.17560652024604506,0.07580980435789053,-0.47697909744363065,-1.1323537168123232,0.31210862749216045,0.39351309690838265,0.01015947825922062,0.6574283574404788,0.7081541550767012,-0.08047761980538058,-0.15102568798727647,-0.1486132213854206,-0.03532499467503325,-0.044953867722562664,0.010159478259220372,0.06117500364798703,-0.41645705976076547,0.6117402411407481,-0.16532167338441267,-1.0881915696499531,-0.5765452953390062,1.8558059237992446,0.036598975695875745,-0.45252077710680255,0.8254955920446674,0.7594405434576037,0.06791920909899887,0.825495592044668,-1.8285559745523365,1.6463270840968518,0.8117926796187243,0.4114223308988777,-0.005460238601512189,0.8894865820972763,0.8896657084606036,-0.4048581625371931,-2.7755575615628914e-17,0.7883933926656761,-0.6062106193769559,-0.7310586598159254,0.2215028184046657,-0.23537110825851984,0.1304100148275913,0.05057217374241451,0.10785358668406383,0.4475866395854488,-0.9709241429185628,0.5639254223706828,-0.14997682143422775,-2.163924545123271,-0.36900745931382795,-0.30243181913068384,-0.7086941498779133,-0.1279291790006473,-0.4223537188752812,1.0206207261596576,-0.18739955109523565,1.0112035848204035,0.03787090979278855,1.111471099355992,0.8934466666772365,0.43493695497914214,-1.718130251235597,-0.008732878356785122,0.477152372518976,-1.2268871087680846,0.042996844437783795,-0.23513006683380072,0.11180339887498943,0.4475866395854488,-0.16199961242637329,-0.008732878356787026,-0.007808406955998032,0.044309998088096936,0.007782035307871434,-0.14997682143469848,0.781903889784909,0.9552356623833083,0.9080319599162847,0.643789360956372,0.34625825681836253,0.9640547025422274,0.9488549453223448,0.026311234598795308,0.9640547025422264,0.971600959479217,0.641294848974325,0.9587682295502133,0.6344812361171764,0.421326340506969,0.8828895191138251,0.9931705545677094,0.6797830526300213,-2.7755575615628914e-17,0.9295640697195162,-0.6984578864677691,0.14433756729741146,-0.6125845862082029,-0.21485600374128105,1.030201258296725,-0.5772877880803188,0.44172610429938575,0.23720025493790556,0.744903497601323,-0.7469899601392873,1.0263068644468205,0.6987450816672994,1.7902941964681085,1.4133888762816231,-0.3219535398861241,1.4151807390125508,-0.1005240914749065,0.4275512070845255,-0.17025130615174966,-0.762000762001143,0.13326534651356187,0.5494222325879706,0.45812284729085107,1.280414024121751,0.9746037454597767,-0.3802485345247513,1.1111655238667435,0.3887737250412629,0.4006320455571241,-0.8282828855669525,0.5170038984694405,-0.706035134709066,0.23896987045393736,0.744903497601323,-0.5776675040343723,0.38877372504126434,0.604940451808937,-0.2778709070917308,0.8915631015343309,0.6987450816666526,0.9034326842964766,0.9035526367097702,1.243522906089629,0.8159319231257406,0.6202189312031811
-0.9311719035622035,-1.0060075754507178,-0.5376153470168104,-0.9311719035627134,2.102804653799585,0.8333896419397621,-1.0303595108851369,-1.7956214728306896,-1.3095021617034481,1.6940966666562867,1.8994816517470197,1.0274607987934459,-2.7755575615628914e-17,-0.9548257234956696,-1.4077354649746376,0.20628424925174263,-0.5556623828915209,-2.171708347617291,2.7276950129467883,-0.6961281881903161,1.05482532549978,-0.009531572485768901,0.3974061900941258,-0.6490610120197868,2.1251270346216273,0.8954644683547271,1.8383811192419526,1.9320429023507917,1.175504979676029,0.44139410041698196,1.0900094021503008,0.08058229640253824,1.2041594578792294,0.34954666698865544,1.4027539773755635,0.6064784348631229,0.7531248907004708,-0.9322741988577613,0.8274882137968441,1.9926310033728987,1.1541713807289604,1.4144303230001345,0.36721726179646075,0.4228921599124703,-0.8297853559521498,-1.362287862699692,0.3974061900941258,-0.9828144239593484,1.1541713807289564,0.7181147322700797,0.19078611111694224,1.3035579912966917,0.8954644683547214,-1.2468421517576658,-1.0721007965089606,0.49736806016523083,-0.31200777320197814,-0.16451185861185721,-0.40433935307560687,-0.3406590025815526,0.06791920909899887,-0.4043393530756064,-1.1025297344782337,-0.06566972886838139,-0.33496220770224056,-0.010660059902806076,-0.005460238601512189,-0.14481055924778205,-0.31581986530539513,-0.5279927071049145,-2.7755575615628914e-17,-0.5797481873487752,0.7700670760462717,0.3883749130272102,0.5451804587214467,0.028671922301264655,-0.3300287772783894,-1.188446082946808,0.35042740932005056,0.08804983073812074,1.8648057837314418,-0.05938794625505395,-0.3957546747378893,-0.4546978364553984,0.009972332619290009,-0.5250373084702775,0.28983995269011625,-0.8206479919396411,-0.4223537188752812,-0.9797958971132712,-0.4244632824911961,-0.03588165283508765,-0.4260477351688707,0.35153504537770897,-0.3707649638723952,-0.09761398168329186,-0.9916097771713784,-0.38155577455859635,0.23215346644763826,0.1126500815295944,-0.13327667560105674,-0.003548356838304168,0.11180339887498943,0.08804983073812074,0.18502485248585787,-0.3815557745585947,-0.26681862194938494,0.5964268462854374,-0.045774782608038016,-0.39575467473782516,-0.31532247325205504,-0.38649304749798175,0.19089730276646763,-0.3616003189647167,-0.506606764835888,0.8113444585897523,0.8800160135384312,0.6709364822692796,0.8113444585897513,0.9356868125655664,0.641294848974325,0.819647133994416,0.46426768027463716,0.421326340506969,0.850825705113495,0.944317374828117,0.26249473136051965,-2.7755575615628914e-17,0.9295640697195162,-0.698753154209444,0.14433756729741146,-0.6125845862082029,-0.21485600374128105,1.071409715515338,-0.526833802344048,-1.3619888215897722,0.033615297162344404,0.744903497601323,0.21337863689475858,0.9575387874403235,0.4323490824072681,0.3800275509013311,0.9637416261375432,-0.005553146726196052,1.4151807390125508,-0.1005240914749065,-0.014458940599437024,-0.17025130615174966,1.3123346456686351,-0.19165804452319687,0.5494222325879706,-0.20211302086361088,1.280414024121751,0.855468173060435,-0.1465694141186228,1.194032224183645,0.07831034649573054,0.33292671780205113,-0.8216266777851937,-0.34042279793581226,-0.5270569847759338,1.0196047806034658,0.744903497601323,-0.3000269473141447,0.0783103464957319,0.44484431282591524,-1.0058421389953092,0.7324045497942029,0.4323490824067804,0.9702537623262788,1.0575117820754016,-1.1139609120494047,1.080534195970512,1.2425430062089793
0.16343467457442787,0.18410884101107436,-0.5376153470168104,0.1634346745746115,1.081498326819632,0.8333896419397621,0.1196507559809982,0.48514065904367154,-1.3095021617034481,1.4327902051197374,1.5493577717708569,1.933567927408254,-2.7755575615628914e-17,0.11605035677387325,-0.5863050101149112,0.20628424925174263,1.04595272073698,1.334194636504144,1.4164642997956858,-0.2941781899639308,-0.23733569823745304,0.8903989221334039,1.2628685596324454,-0.23883914895328112,1.5087833738753536,2.0149312257705794,0.757568411516396,0.9145724567344364,2.0320419692936675,0.6641276945432916,-0.11813899580951653,1.772810520855837,-0.8304547985373997,1.433025093976994,1.4027539773755635,1.1371470653683553,0.7531248907004708,0.18446440716744708,-0.26148715010083035,1.121342115151087,1.742534969753326,1.4103455438796544,-0.2648768624226494,0.9044806903925833,-1.0362752116271923,1.0650614199288506,1.2628685596324454,-1.230530099023167,1.7425349697533208,1.4116605990960904,0.8969648025219638,1.4095647932799438,2.0149312257706344,0.3201450310147316,0.42947632285045134,0.6216186865670792,0.8127577248514618,0.7790448079036774,-0.44241595889896135,-0.4060843605263494,0.06791920909899887,-0.442415958898961,-0.5250147388023517,-0.06566972886838139,-0.38325167143245303,-0.37308890891309343,-0.005460238601512189,-0.10534654380959922,-0.27645047647212195,-0.4272688266710221,-2.7755575615628914e-17,-0.5052304909853043,-0.44314295932830017,0.3883749130272102,-0.46849155383861774,0.27546898148251264,-0.3820116124637535,0.05057217374241451,0.876760102742423,0.8071234484327751,0.4884839960033571,-0.00964017170197927,-0.18793115027807453,-0.7783242641959722,0.43472871109214745,-0.5250373084702775,0.2898399526901189,-0.11702311771552125,-0.4223537188752812,-0.9797958971132712,-0.18739955109523565,-0.03588165283508765,0.03787090979278855,-1.1683370625788576,-0.4136692656352384,0.05172098384383366,-0.3102366111111209,-0.16254858413690543,0.29702588278615294,0.23048272228248673,0.12674161322702499,-0.08371299731451935,0.11180339887498943,0.8071234484327751,0.08860508805428718,-0.16254858413690607,0.07925328509820628,0.7217208569701754,-0.3199121698423005,-0.18793115027839782,-0.4863482935370495,-0.48814800693403193,1.0710931851633538,-0.6766918659055513,-0.7844884371751242,0.9076448954306232,1.024139300121913,0.6709364822692796,0.9076448954306227,-0.3878600346657497,0.641294848974325,1.0124029044293725,0.46426768027463716,1.2897251941846575,0.5289400107273475,0.47678707268118875,0.26482306151972634,-2.7755575615628914e-17,1.210704453759481,-0.698753154209444,0.14433756729741146,-0.6125845862082029,0.04264018541123617,0.6672165925797522,-0.4578051934580241,0.44172610429938575,0.2709468884312746,0.2886501053205131,1.5866052072199752,0.6459001442737804,0.37645223961545987,-0.331693998024794,0.2999110937022294,-0.005553146726192742,-0.8654917752022964,-0.1005240914749065,0.3375867196644303,0.42562826537937437,1.3123346456686351,0.4566227977203999,0.3559847994467286,0.45812284729085107,-0.0954694667108322,0.930995767121555,0.03934451213223072,-0.51361160057898,0.021237354299427195,0.11859609301869034,-0.858848775846479,0.008246905515859911,-0.5215315175297006,0.23896987045393736,0.2886501053205131,-0.2945554465825954,0.021237354299427125,0.39622043832920334,-0.7560883597418118,0.7797361302186379,0.3764522396149837,0.8574408517910981,0.8824378937912293,-0.8417960494771934,0.8763114212319365,0.9065652620659438
0.6253078319334031,0.5786046984248436,-1.180131249549096,0.6253078319329989,-0.14711320149201465,0.8333896419397621,0.619726331963793,0.9617562969036377,-1.3095021617034481,0.7179347485053105,0.6669472350443225,1.8147366202303152,-2.7755575615628914e-17,0.4727255288300873,0.443487008139235,0.20628424925174263,-0.5556623828915209,1.334194636504144,0.2973951678490026,0.9032340686275613,1.05482532549978,-2.145374477083967,1.2628685596324454,-0.837336401903,0.6405770477939123,1.891598547859684,-1.3719019316835235,0.3644604778792696,2.032041969293524,-0.798423870429219,1.4730674133608312,1.2087344460380707,1.2041594578792294,0.8936438769722542,1.4027539773755635,0.6064784348631229,1.060650887736496,0.6403299929499925,-0.5062710459314143,-0.11910580023393369,1.7051498141448684,1.0502779577562544,-0.0964296819715943,0.9617904030397474,-1.0995435032163439,1.0650614199288506,1.2628685596324454,-1.3251297512289948,1.7051498141448642,1.4435949013455054,0.9663898788630826,0.8011811077746986,1.8915985478597253,0.5460967968316146,0.11608289360215222,0.17150666550829405,-0.7553264659157787,-0.5604189665365532,-0.3700484002531659,-0.33669955537862617,-1.0414278728513147,-0.3700484002531655,0.4439176559510878,0.314702400723282,-0.3340810097645487,-0.5455444172355154,-0.31911122134725983,0.15066912513163488,-0.00828077751808554,0.48404302225209517,-2.7755575615628914e-17,-0.19721479174694467,-0.6444558778646509,0.3883749130272102,-0.6162771689494186,0.19831412032804102,-0.16017572411681202,1.2895904304316432,0.035370213001010946,0.4475866395854488,-0.5563434659334253,0.20515055518954875,0.5349536675337598,1.6074804281694568,0.2786826889163799,-0.30243181913068384,1.048296486340299,-0.46004182705669616,0.4974388244531091,-0.9797958971132712,0.5170375794017572,0.4427888934355334,0.5017895547544478,0.35153504537770897,-0.33235602820892013,0.09473610250434435,0.33544968325836827,0.8511802916336988,0.5377889151041105,0.5535896217094296,0.9401122378502598,-0.6538796893221934,-0.6708203932499369,0.4475866395854488,-0.8389981880906136,0.8511802916337003,0.8814222936663132,0.8398579343101029,-0.11890436170986712,0.5349536675337582,-0.22845244256156444,-0.09700566195887518,0.5287455213166612,-0.08279426502064455,-0.24347424076229265,0.8304627393319045,0.8174544338516821,0.026311234598795308,0.8304627393319038,-0.8563173294188277,0.641294848974325,0.8529465293927149,0.13174607011078343,-0.1127065080828293,0.8069236732666386,0.8780976162928842,-0.46270813171415703,-2.7755575615628914e-17,1.0269311134797503,-0.7376199739928477,0.14433756729741146,-0.6125845862082029,0.20508459680642924,0.7707800626337528,-0.5125733615791629,-1.3619888215897722,-0.1202103826109672,0.2886501053205131,0.40292835338400496,0.9863004714673,-0.014234936923168663,1.5813286747948259,0.6564282552139956,0.39940718484499305,-0.8654917752022977,-0.1005240914749065,-1.83598185414948,-0.17025130615174966,-0.762000762001143,-0.19165804452319687,0.6683790264702207,-0.20211302086361088,-0.6458228630438656,0.8705738110537693,-0.12178177025039297,-1.0422011801741033,-0.4205218940725625,0.12983621629510222,-1.0038564701697403,-0.7084191727691507,0.01701327275297697,1.0196047806034658,0.2886501053205131,0.23657525514300323,-0.42052189407256363,-0.25698408182786403,-1.0228988990807277,0.9966475491060905,-0.014234936923482402,0.8105573920005507,1.2188747690281743,0.3856767844016412,1.3365375620352962,1.4367063398449424
0.5729774514477431,0.5943149895191376,-1.180131249549096,0.572977451447741,-0.693191839022903,0.8333896419397621,0.5773009020622804,0.9617562969036377,-1.3095021617034481,0.5208217265722321,0.44306211314455807,2.0423177304078175,-2.7755575615628914e-17,0.4727255288300873,0.443487008139235,0.20628424925174263,-0.5556623828915209,1.334194636504144,0.22504989190616084,1.2834913536826758,-0.23733569823745304,-0.08176466914778237,1.2628685596324454,-1.4161647923473282,0.443163165260234,1.9592688972902506,-0.4976577849371321,0.09850210384059203,2.2574772531182967,-0.798423870429219,1.1690405133414457,1.2087344460380707,-0.8304547985373997,1.433025093976994,1.4027539773755635,1.6678156958735875,0.7531248907004708,0.5891094972599442,-0.5500100070413317,-0.6696039225678948,1.5562974264347629,0.9873039881403864,-0.10141976813480338,1.2466115852517698,-1.0819091590483743,-0.1486132213854206,1.2628685596324454,-1.2880892994080153,1.5562974264347662,1.318382389446666,0.8286461405824994,0.8746429392904116,1.9592688972902494,0.5627711664278712,0.2974186639693508,0.2600351031887467,-0.24895215545259525,-0.3047309733787405,-0.1951197365612548,-0.22302154181034592,-1.0414278728513147,-0.19511973656125467,1.50064513381616,1.3057895758017777,-0.19888354283638357,-0.6758181268739689,-0.31911122134725983,0.5815142373286301,0.492965854891657,1.3567986002115595,-2.7755575615628914e-17,-0.2886382365904673,-0.7973690350747459,-0.7310586598159254,-0.9279192648326419,0.12929705623002616,0.5984044092964803,0.05057217374241451,0.6877884460594613,0.4475866395854488,-1.2921214726670733,0.48520823623627996,1.121505215371166,0.3044550171806796,0.3103466249853166,-0.3024318191306823,1.048296486340299,2.585494694856266,0.9573350961173043,-0.9797958971132712,0.7496807607148945,1.0489540114984315,0.5017895547544478,0.8581590813632314,-0.13967606727737228,1.0332902301365434,1.2015640073466738,0.8922936665153165,0.6500591731871059,0.20750537543045924,1.058020943925551,-0.6414171319688837,-0.6708203932499369,0.4475866395854488,-0.8225650526451838,0.8922936665153145,0.8192045114072941,0.19704152833402372,0.8283670355174788,1.1215052153710467,-0.27945569413092863,-0.3083640222340095,-0.17919577282106663,-0.12444353642928122,-0.17756350478986854,0.6519665355160462,0.7442701614886467,0.026311234598795308,0.6519665355160459,0.09367222940108091,-0.11129592321688016,0.8309905022279437,0.6272440941439239,-0.1127065080828293,0.29303119967661057,0.16058763196248613,-0.6283367501093801,-2.7755575615628914e-17,0.9640852818231564,-0.6174067182215373,0.14433756729741146,-0.6125845862082029,0.3695893775042413,0.4404745231346225,-0.637170856316118,-1.3619888215897722,-0.5596481771293721,-1.0801100715219196,0.8363924229795903,0.505550639777157,-0.29343558647477286,-0.8285197563164238,0.706200360382994,0.1491160720861676,-0.8654917752022964,-1.085660187928986,-0.25292626580986555,0.42562826537937437,-0.762000762001143,0.13326534651356187,-0.0865337253657074,-0.20211302086361088,-0.6458228630438656,0.7272841212163738,-0.6366110086675366,0.10060818321947361,-1.0852088168807337,-0.5864964160671391,-0.8935505163353201,-1.293886987134312,1.0565985733207302,1.0196047806034658,-1.0801100715219196,1.0394379883961447,-1.0852088168807335,-1.197544175451649,-0.461492193734049,0.15037739087783847,-0.293435586474962,0.8660232628522777,0.863221831926244,0.6624237226587093,0.7398400809410863,0.6717242100921236
0.45743689723774833,0.4023646441014069,-1.180131249549096,0.45743689723757053,-1.1097204328831503,0.8333896419397621,0.4910700646820923,0.21226139610855557,0.7359158098746991,-0.1258721607505084,-0.23248669761087037,0.7848623292722888,-2.7755575615628914e-17,0.44338900594624564,-0.30678701290938215,0.20628424925174263,-0.5556623828915209,0.1482549554366755,-0.1755131622466748,0.9388471908440652,-0.23733569823745304,-1.837665154078096,1.2628685596324454,-0.9942798363118076,-0.21393870510718385,1.1877186115101543,-1.6011091594963798,-0.20663232083061367,1.780107872131463,-2.4459338910149264,1.3125414577835577,1.772810520855837,-0.8304547985373997,1.701008771508673,0.2862378174272869,1.6678156958735875,1.6757028818085462,0.47563565343325853,1.248752705047802,-1.073735338984576,1.1937946673416908,0.6756108155243349,0.10768081821638156,1.3174166940299321,-0.9595500473287122,1.0650614199288506,1.2628685596324454,-1.0479337741270955,1.1937946673416902,1.2823373495614288,0.2970517126101447,-0.6279831427061382,1.1877186115101444,0.40986824787228343,0.2708467396773021,0.6067090711004476,-0.493760499879546,-0.9400615564460734,0.21024540912430686,0.28494516036863154,-1.0414278728513147,0.21024540912430717,0.28423220420376516,1.3057895758017777,0.21990144757948613,0.2629097929556544,-0.31911122134725983,0.7061799229550664,0.6496909899899164,1.8663828910918376,-2.7755575615628914e-17,0.17996919387471993,-0.5664010436264267,2.6272420587134855,-0.9279192648326419,0.7326565949391967,0.01065718956594874,0.05057217374241451,-0.7129475901820878,0.8071234484327751,0.3912493719945116,0.7407200779458738,1.5409256295202938,-0.5834484320275047,0.7905785655431772,1.7283086287379754,1.0482964863403017,0.9925207237995883,1.4172313677814994,1.0206207261596576,1.6700197311101208,1.0489540114984315,1.8935454896394255,0.35153504537770897,0.2877647343836995,0.3447405319312672,0.15151009880107696,1.1056738410552238,0.6137018750107152,0.056820756668409564,0.8993537895702505,-0.6554907873147651,0.11180339887498943,0.8071234484327751,-0.865609514267778,1.1056738410552236,1.0641020560492136,1.33596814553891,0.7390549714575368,1.5409256295204943,0.38392198918736703,0.15620198997022,0.15497794456947916,-0.2061277224842619,-0.3459043221201134,0.6703219285927867,0.7430600395029872,0.026311234598795308,0.6703219285927858,1.0940073086103947,0.6392782726593633,0.6801161146193885,0.08482338026484702,-0.1127065080828293,0.8399903244940606,0.9279017738040443,0.1558915036139909,-2.7755575615628914e-17,1.018808082444669,-0.7193982449052536,0.14433756729741146,-0.6125845862082029,0.20429263560986752,0.976298552597734,-0.5388645187944104,-1.3619888215897722,0.08755663272398959,0.2886501053205131,0.26523751196606543,0.9786290256577322,0.07863955087965004,-0.0020593741520289815,0.790835886595106,0.3994071848464473,0.21526195978786358,-0.1005240914749065,0.2160753037248907,-0.17025130615174966,-0.762000762001143,0.13326534651356187,0.6663562283819815,0.45812284729085107,-1.1961762593768983,0.7422590178119117,-0.1178523213761599,1.1311779983527142,-0.066986865897746,0.2960192074470886,-0.7662425421246044,-0.4384735364054233,-0.28879729665753945,0.23896987045393736,0.2886501053205131,-0.07508678207925518,-0.06698686589774556,0.15830389794707894,-0.23331840529432413,0.9577381502850374,0.078639550879262,0.814373529914715,0.9141452222475537,0.13493148620758785,0.9460646417723554,0.9136894063177251
-0.2884023074516572,-0.1762422513066636,-1.180131249549096,-0.2884023074512423,-0.2857788211302654,-0.7941487177239911,-0.23023281380105634,-0.42814940383127825,0.18990413367663908,-0.9893412730747151,-0.9935439361246984,0.24437402160512522,-2.7755575615628914e-17,0.026540015019739436,-0.20026261544143845,0.20628424925174263,2.6475678243654865,-0.26340770558819804,-0.7938419797272214,-0.16269044024700519,1.05482532549978,-0.0812781737169065,0.8301373748632859,-1.117952348916225,-0.9559914146086128,0.8020644389972537,-0.20754929369056363,-0.8569417788469953,1.1267597166326202,-1.0972779530194297,-0.6175615617603354,1.2087344460380707,-0.8304547985373997,1.433025093976994,-0.7592152479403722,1.6678156958735875,0.7531248907004708,-0.27006511146494144,-0.28729651752006924,-0.28394186662320703,0.5928222960873737,-0.057670302050072335,1.095845829201978,1.1452835380315272,-0.6711512263022661,1.0650614199288506,0.8301373748632859,-0.7094134496907347,0.5928222960873751,0.6870582560844616,1.928265097551576,-0.8282633401109963,0.8020644389971965,-0.13462331748077264,-0.34813940814761657,0.20337482640500762,-0.8874549936603645,-1.120269707524834,0.23506548379476813,0.14279064630726016,-1.0414278728513147,0.23506548379476788,-0.555539074712807,1.3057895758017777,0.2105692619011196,0.5438475475953581,-0.31911122134725983,0.941043498446107,0.9592048606801581,2.2739271777065464,-2.7755575615628914e-17,0.22951669071552666,-0.25628796779517515,2.6272420587134855,-0.9279192648326419,1.0546915382589819,-0.3031217063208442,1.2895904304316432,-1.1842288144863033,0.8071234484327751,-0.02595587833203024,1.1692998045291993,2.0777584688812825,0.2463223831795513,1.4876096076239043,2.5177254551837667,2.52485369182006,0.6840181530063799,2.3370239111098896,1.0206207261596576,2.1243464734907875,1.0489540114984315,1.8935454896394255,0.8581590813632314,0.3131453485871765,0.18060514157919266,-0.47670555224292316,1.059304282800171,0.6816416550607737,-0.157830437069491,1.1202309893695443,-0.6599950508630218,0.11180339887498943,0.8071234484327751,-0.9055916570685856,1.0593042828001733,0.7965343241225598,1.2191471140249066,1.2122390381408423,2.077758468881124,-0.008697148415954821,-0.2541795154063191,0.4371133757293407,-0.7279434049413706,-0.6851637519837691,0.9808958273551412,0.8792159553508527,-0.618314013071689,0.9808958273551404,0.22021071244201276,0.6392782726593633,0.906195127242692,0.910290672180811,-0.9802480858698747,1.090531819679079,1.3195445592527992,1.9960904665570391,-2.7755575615628914e-17,1.018808082444669,-0.694392257055844,0.14433756729741146,-0.6125845862082029,-0.6309237069544527,1.7739504111727875,-0.6636413141152596,0.44172610429938575,-0.7335794687486342,1.2011568898821345,-0.5200930492145291,1.3307397887833068,1.6634002032792803,0.9412917450772881,2.178445992742906,0.9911442254556146,0.21526195979263218,-0.1005240914749065,1.2885336605264892,1.0215078369104984,1.3123346456686351,1.0987782905032173,0.8596027017506377,1.118358715445313,1.555590722288267,0.9875349814225586,-0.653061688593138,0.17386073873810284,1.0837467791847268,0.6175683928193489,-0.49788117889055516,0.919510038978619,-0.9439708300283131,-0.5416650396955911,1.2011568898821345,-0.9809388851980197,1.083746779184728,1.263571457601749,0.12774545579778418,1.4798202946108303,1.6634002032798372,0.7267802363513828,0.7247946113281181,-0.1392586994991142,0.6750180674088189,0.56098253096441
-0.3311209538638501,-0.271690614191691,-1.180131249549096,-0.33112095386316676,0.23964101228474446,-1.1822945308744588,-0.2684749696527077,-0.2535724946195365,0.18990413367663908,-1.156678838950197,-1.1223907286599886,0.34745401597979325,-2.7755575615628914e-17,-0.24828064824765933,0.4476412397393758,0.20628424925174263,2.6475678243654865,0.3289211476532371,-0.9416799222431618,-0.11492562696812696,1.05482532549978,-0.036476958781496926,0.8301373748632859,-0.447084648229159,-1.1493708763391906,0.8102484446500716,1.06936041474373,-0.8104945975243251,1.0114418028136714,-0.13084563479529118,-0.7560780842900399,1.772810520855837,-0.8304547985373997,1.701008771508673,-1.0796218020896793,1.6678156958735875,-0.16945310040760572,-0.3134947934665904,-0.6562235199762836,0.2465890257359234,0.5814496888123822,-0.5159841227073283,1.524493150076318,0.6262054834765338,-0.690059561987644,1.0650614199288506,0.8301373748632859,-0.6919267267234904,0.5814496888123813,0.8723880900170576,2.1786245705401703,-1.0546447173370839,0.810248444650028,-0.29364880447950187,-0.5386701237455369,-0.08951096522714329,-1.032594266429019,-1.1823042784167666,0.33036694762844787,0.3666709115057856,-0.48675433187615796,0.33036694762844865,-0.39777674538974656,1.3057895758017777,0.31040542902731993,0.6172877730921796,0.24748825537065686,0.9367995405321802,0.9534467870703953,1.5234652874223433,-2.7755575615628914e-17,0.2746470762779,-0.715416394647009,2.6272420587134855,-0.9277418079458466,1.7823050709126032,-0.6087202708979698,1.2895904304316432,0.48907122288868116,0.8071234484327751,-0.7054690931286571,1.3621528960055649,1.3200334691497644,-0.35689773371773637,2.0871435529290405,1.1232936794266304,1.0316106416485387,-0.07686913092563964,1.8771276394456946,-0.9797958971132712,1.897653079148057,0.6045117510517619,1.8935454896394255,0.8581590813632314,0.4098115425580367,0.18803802196947708,-0.3790591922304077,0.8509745410665862,0.6355163592616511,-0.3232679554906163,0.7277877005083161,-0.5695608512105755,0.11180339887498943,0.8071234484327751,-0.7059892504637676,0.8509745410665871,0.781687164599811,1.3687372423168618,0.9692456637367752,1.3200334691499582,0.5593151807412556,0.7718103838081676,1.1343964458841047,0.492725572930956,0.2628858593495102,1.1603769873084735,1.1550480498801852,-0.618314013071689,1.1603769873084733,-0.9164084777480094,0.6392782726593633,1.1699716186347016,1.4393465116023896,-0.9802480858698747,0.7950787200911156,0.860363983058399,1.887373306976666,-2.7755575615628914e-17,1.0762082463594962,-0.5973743239057153,0.14433756729741146,-0.6125845862082029,3.018504983649963,1.0808984489663163,-0.5779855321467032,0.44172610429938575,-0.807090184740253,1.2011568898821345,-0.5649387018297374,0.9494025946706135,1.4390863925900212,-1.0212238830063272,1.5923907670767232,0.9911442254556113,-0.11167354245408681,-0.1005240914749065,1.078053983474851,1.0215078369104984,1.3123346456686351,1.0987782905032173,0.8596027017506377,1.118358715445313,1.555590722288267,1.1229482321836435,-0.7905175110012096,-1.305264572572055,0.9452480380973006,0.38846451055166575,-0.5980289360348812,1.1204766728740794,-0.9034971551077874,-1.3222999498451196,1.2011568898821345,-0.9188247822565255,0.9452480380973014,1.169317578200897,0.6745815765647093,0.9092836460697146,1.4390863925910307,1.239135828512051,0.6766600553520623,0.6393981776368026,0.3127703051595164,0.010735208429288424
0.41646321290227417,0.38199386977711647,-0.5376153470168104,0.41646321290205324,1.0870283480121732,0.542072121036781,0.4606501049627345,0.2972719242273981,0.18990413367663908,-0.38470639523407996,-0.4775370112430777,0.0928369653471536,-2.7755575615628914e-17,0.47493699549255186,0.6704311204938479,0.20628424925174263,-0.5556623828915209,0.3641783321320935,-0.7051805924363601,1.7753301577391958,-0.23733569823745304,-0.4504393338893492,0.3974061900941258,-0.9315412487523997,-0.7383607144321801,0.6488970222506643,1.441368607813958,-0.6178514980309515,0.5975951596949015,1.329518496865665,0.15571793027948938,1.2087344460380707,-0.8304547985373997,0.8936438769722542,0.3438081520925518,0.6064784348631229,0.4455988936644451,0.4352669001011418,0.8757421981485598,1.0775560360122494,0.2844595601178084,0.23922627433678306,-0.26949219798340285,0.8863461069393943,-0.519451532403183,-1.362287862699692,0.3974061900941258,-0.5231609799531914,0.28445956011781326,0.29528864611711564,0.28286278635636625,-0.5846017458218769,0.648897022250724,0.39368385737018674,0.41387548088926934,0.2957180240035915,0.23729628681179038,-0.10445574711010357,0.39508023828658634,0.4525234209294626,-0.48675433187615796,0.3950802382865866,0.6541811320766473,0.6120808117199694,0.424283947178442,0.8828943236236709,0.24748825537065686,0.6098626733221475,0.5281436216660518,0.7369735451671651,-2.7755575615628914e-17,0.2746470762779,-0.4488621983919802,2.6272420587134855,1.1425317749431079,1.5298844062006267,-0.7504445804609418,1.2895904304316432,-0.7493778001991788,0.8071234484327751,-0.38571122837781463,0.9275756109766969,0.831885895881538,0.20663428092141978,1.0998798173125843,0.794417976430678,2.1711084708917943,-0.017519752639720935,0.9573350961173043,-0.9797958971132712,1.2118531986314736,0.18022813054419956,1.4296268446777662,0.8581590813632314,0.47475654254982425,-0.3080638993688512,0.6371599893246147,0.701763746105281,0.5567917787274438,-0.36993399832374396,0.7977132380886076,-0.5081605098795527,0.11180339887498943,0.8071234484327751,-0.5903938650940217,0.7017637461052811,0.78482784557371,0.9556085243100761,0.8661137643764969,0.8318858958817175,0.4414717453826083,0.5176675659527811,1.22195455719063,0.2466182754351252,-0.03823148572296064,0.4021917872499081,0.41609746929816527,-1.2629392607421734,0.40219178724990756,-1.0398949525816201,0.6392782726593633,0.43332286959084143,0.06296012625622877,-0.9802480858698747,0.7248321341729593,0.7563537382956098,2.356325767178332,-2.7755575615628914e-17,0.5585537915772232,-0.7068896016966243,0.14433756729741146,0.96723882032874,-0.6309237069544527,1.1230160643263312,-0.3683286945194197,2.2454410301885526,-1.2334968250717895,1.2011568898821345,-0.9413064922963325,0.7761358099379967,1.8328638260910786,-0.47140872403932094,0.700633915067767,0.9911442254525618,1.274920723661036,0.884612004979173,0.7753418198240901,1.0215078369104984,-0.762000762001143,1.0987782905032173,0.8596027017506377,1.118358715445313,1.0052373259552345,0.5175287714444319,-0.10769147141468688,-1.0304646722561295,1.5084956082686267,0.76625415224675,0.022897361495578035,1.6088815001808636,-1.0377318024627349,-0.5416650396955911,1.2011568898821345,-1.229353159202318,1.5084956082686267,1.383066981214073,1.164889567771863,0.9983643714519855,1.832863826091296,0.482325682780736,0.09425125165952165,0.8810697875472637,-0.20685846725914428,-0.48656786947158076
0.47893622633270994,0.4582610987648695,-0.5376153470168104,0.47893622633226435,0.4105911090059558,0.542072121036781,0.5072304559479907,0.34872455415588083,-0.2095325910951043,-0.0008582299426113156,-0.10894368774809608,0.7696225838327219,-2.7755575615628914e-17,0.680499815291714,-0.23795305741581377,0.20628424925174263,-0.5556623828915209,0.2125537347489843,-0.6916430261865115,1.4467157007617342,1.05482532549978,-0.8862018043955208,0.3974061900941258,-0.9165021194735032,-0.34612238250916527,1.1833229621389805,0.607175451173125,-0.4399999612031423,1.3751429167966418,1.329518496865665,0.8662778747629608,1.2087344460380707,1.2041594578792294,0.8936438769722542,0.5618455235645384,0.6064784348631229,0.7531248907004708,0.4967906627722442,-0.09730273969930886,0.4048538830011411,0.5067769164896583,0.5768773712697581,-0.5247618896340176,1.0458500895552496,-0.7955224208988932,-0.1486132213854206,0.3974061900941258,-0.889192003282051,0.5067769164896611,0.25087239507340653,0.7162862300884596,0.20289989563458302,1.183322962138947,0.2993327788124015,-0.10371947155751822,-0.2575959450013141,-0.8503831950842854,-0.6542474109451943,0.1324719204688044,0.17294768808575442,-0.48675433187615796,0.13247192046880502,0.34755108949952,0.6120808117199694,0.17784305975551443,0.04433697086581214,0.24748825537065686,0.4250200803672067,0.3036535051550407,0.35621160886401854,-2.7755575615628914e-17,0.16597015845128865,-0.7893625943554956,-0.7310586598159254,1.1425317749431079,0.4783669921549446,-0.5527992927929721,1.2895904304316432,-1.3416212671718781,0.08804983073812074,0.702398261414081,0.6701598970105058,0.6318074186304167,0.7156267535139313,0.5871540372736029,0.9740427459364586,0.5688765838563851,1.2779582846128004,0.9573350961173043,1.0206207261596576,0.7496807607148945,0.18022813054419956,0.5017895547544478,0.8581590813632314,0.2076708577533534,0.12619866657485462,0.4341388501784506,0.2765727747962477,0.4773829280023403,-0.31933649726005,0.44757386442875013,-0.4035417713826651,0.11180339887498943,0.08804983073812074,-0.4461146711115707,0.2765727747962489,0.2160853760312037,0.38149230332880457,0.4100297570507164,0.6318074186307074,0.08787891937843077,-0.025377675612481748,-0.2227156271143869,-0.049328139385018434,0.011545914619301573,-0.5248105029668316,-0.42412168123477084,-1.2629392607421734,-0.5248105029668325,-0.6922864742258327,-0.4238330310955329,-0.44696815980047244,-0.38087049935188555,-0.9802480858698747,-0.09484634745328448,-0.31066552323919155,1.6804252233706747,-2.7755575615628914e-17,-0.43419299127348543,-0.06377146782025239,0.14433756729741146,-0.6125845862082029,0.4422707438233053,-0.5462248887339359,-0.33860752527709637,0.44172610429938575,-1.8626695316087678,1.657410282162945,-1.1648676012766894,-0.1632265040065872,1.492083179602493,0.2798823278014214,-0.15521476495123054,0.8667731270908093,-0.07902942741805986,1.8697481014332562,1.6401659567768845,1.6173874084416224,-0.762000762001143,1.7350744155070184,-0.2067886353219758,1.778594583599775,1.555590722288267,-0.39460799235531546,0.04553883075239184,-0.47654844274852376,2.0190314801205966,0.7754310410970592,1.0397369647196473,1.3783971353829136,-1.1967923847131186,0.23896987045393736,1.657410282162945,-1.636749967535015,2.019031480120596,1.6964730098325658,0.619742970413297,-0.30280368683287634,1.4920831796020695,-0.47197189952043395,-0.7519009566240906,-0.2728955407037619,-0.7840238430781342,-0.8566847172557283
1.51642614472911,1.4878733458586957,-0.5376153470168104,1.5164261447296261,1.1009542998962611,1.180747884031348,1.4858561443425886,0.9549685326646355,-0.2095325910951043,0.7486152054580487,0.7025501217282448,0.5161094733429481,-2.7755575615628914e-17,1.739435865726634,-0.80434075778569,0.20628424925174263,1.04595272073698,-0.1489957319654835,0.03607803107350914,0.20388913909168757,1.05482532549978,0.22035726399489233,0.3974061900941258,-0.28478785864951933,0.6380208511239831,0.8645050028971109,0.4697085004262626,0.3878618720987931,0.612771376959082,1.9744407167882454,0.34596873666758055,0.6446583712203044,1.2041594578792294,0.34954666698865544,1.0890595073475615,0.07580980435789053,0.13807289662841996,1.4965901408751188,0.11101684447553307,1.1516948763520538,0.23240666413287223,0.5143338325301725,-1.8096650948652953,-0.1737391512266799,-0.5895652344476846,-0.1486132213854206,0.3974061900941258,-0.595336536088872,0.23240666413287647,0.06435734101824975,1.3333590771170178,0.8603887577129091,0.8645050028970814,1.512451299249067,1.7351632599032545,0.9373407114814972,1.6666471149083215,1.4182296443978881,0.5082170421472457,0.551610966454193,-1.0414278728513147,0.5082170421472461,-0.8694506257651433,0.6120808117199694,0.5344406595505826,0.8828943236236709,0.4905348219666296,0.6395151452128568,0.5652298581044485,1.3471335563423896,-2.7755575615628914e-17,0.28383095398743413,-0.4488621983919802,1.5078084858703495,-1.2540951320183378,1.6385031122965985,-0.7424676817486836,0.05057217374241451,-0.3619751515972242,0.8071234484327751,-0.6146769924514929,0.9019717340262547,1.0913991794959388,-1.1057417728266385,1.0998798173125843,0.9740427459364586,-0.46897270041650735,0.9271195762082296,0.9573350961173043,1.0206207261596576,0.9812784984223476,-0.01041829588286603,0.965708199716107,0.6048470633704705,0.5869955438990349,0.004481105931673749,-0.9192540200283579,1.1638307579989753,0.5403542553258176,-0.02549854625914242,0.5764216125988992,-0.6373976919005985,0.11180339887498943,0.8071234484327751,-0.8506686129390235,1.1638307579989735,1.1926011272054167,1.9612590683953837,0.6285190225970672,1.0913991794956446,0.6522737297540179,0.49042922754904467,0.6690494720440365,-0.12647348218082988,-0.3652025839636445,-0.8252615649887788,-0.743243785130251,-0.618314013071689,-0.8252615649887796,-1.27667188394137,-0.7082962461740081,-0.7853351180712599,-0.7040854897733271,-0.43375241032648615,-0.47071408499253226,-0.7096214918534234,0.21038620614884793,-2.7755575615628914e-17,-0.8668965383830224,-0.13537117718360006,0.14433756729741146,-0.6125845862082029,-0.786413942863008,-0.33243585198348874,-0.18039674656500165,0.44172610429938575,-1.3655311018522458,1.2011568898821345,-0.946279333165706,-0.502542446155456,0.40921383695036884,-0.31108191473051483,-0.16183539289458312,-0.16434750284650027,-0.07902942741805923,0.884612004979173,0.668494100299782,1.0215078369104984,-0.762000762001143,1.0987782905032173,-0.6138624204256756,1.118358715445313,1.555590722288267,-0.7622455911602628,0.20495473582087187,-0.9283552049100754,1.062753997579438,0.7166037092571526,0.8548767085190118,1.263488768754976,-0.8662902110934317,0.23896987045393736,1.2011568898821345,-0.9413053431235073,1.0627539975794376,0.9906106825338087,0.5909745491536933,-0.8878549129225868,0.40921383694986824,-0.6773779909833849,-0.8213368975966934,0.8055028120850068,-0.7739542789149333,-0.8907655602536197
2.0957241088804337,2.1316071527242166,-0.5376153470168104,2.0957241088804954,0.20626944564751698,1.180747884031348,2.040369181976411,2.038680064938589,-0.2095325910951043,0.6158989788670772,0.5500043067676962,0.6787891378794523,-2.7755575615628914e-17,2.2658514999071526,-0.6024969041532633,0.20628424925174263,1.04595272073698,0.5125221081336291,0.1749405042087778,0.9256166309539886,1.05482532549978,1.9385302925367398,0.3974061900941258,0.6388876204934065,0.5190160675016023,0.9935025237669352,-0.8984414551089782,0.363234668164099,0.612771376959082,2.0444045039546137,-1.5081593607773016,0.08058229640253824,1.2041594578792294,0.34954666698865544,1.0890595073475615,0.6064784348631229,0.13807289662841996,2.0379721393303276,-1.0651472837902611,0.22266712350329448,0.6194141729364487,0.7632565786177361,-2.3577227903334825,0.9251351778060164,-0.6084775845198662,-0.1486132213854206,0.3974061900941258,-0.6246888801049564,0.6194141729364536,0.5724622734850694,0.5418707484206275,0.61092883789371,0.9935025237669152,2.2145940561638935,2.242219856948411,1.0561487407900638,1.725035242137209,1.5257186682755997,-0.22847196966065134,-0.2402018853118764,-1.0414278728513147,-0.22847196966065098,-1.2367775009587214,0.6120808117199694,-0.2987814733279821,-0.5264281442259818,-1.5848466916075599,0.974491908446885,1.0047994422153514,1.614885865625012,-2.7755575615628914e-17,-0.36565017222055346,-0.9441091570370994,0.3883749130272102,-0.07520108273527494,0.8485915734276812,0.500666048611078,0.05057217374241451,0.3845819452186078,0.8071234484327751,-1.2007766156093924,0.7686985754719008,1.2813065448318914,-0.30595639678753433,1.1103742810506376,0.9740427459364586,0.1984139516960089,0.0478262120950546,0.9573350961173043,1.0206207261596576,0.9812784984223476,1.6175169371765827,0.965708199716107,1.111471099355992,-0.17600437191370005,-0.21959559580809976,-1.2511359677416003,1.2551729183361098,0.7766049542474621,0.28549652181304774,0.9488568330721427,-0.6687220345611797,0.11180339887498943,0.8071234484327751,-0.8889216707883194,1.2551729183361091,1.1929918197058125,0.4167078206847096,0.6150349974004486,1.2813065448321868,-0.09830797820591532,-0.01326378173031993,0.13297750367179176,0.1641148865586406,0.026008691789100362,-1.0818518197429003,-1.0760057914874306,-1.2629392607421734,-1.0818518197429008,-0.39077475468221157,-0.7511554903501629,-1.0849975916946288,-0.8165556057230906,-0.43375241032648615,-0.9463684293518955,-1.1330750386004402,-0.007660492549060653,-2.7755575615628914e-17,-1.0238976392060566,0.14246272598295742,0.14433756729741146,-0.6125845862082029,-0.7965130969681568,-0.7114401908946203,0.2643041033899616,2.2454410301885526,-0.9005975301775354,1.2011568898821345,-0.8997727719874862,-0.9641135276944263,0.20524121730658265,-0.09351181766958888,-0.47375415453245656,-0.16434750284650027,1.1685970493589286,0.884612004979173,1.11370551785861,0.42562826537937437,-0.762000762001143,0.7784491897017454,-0.6568538988734197,1.118358715445313,1.0052373259552345,-1.127070465815204,0.40273233902221073,-0.1612920495280511,1.2477047075336407,0.6140635538204791,1.2587312742420225,1.327886356412639,-0.9659039916688917,0.23896987045393736,1.2011568898821345,-1.1017380219934907,1.2477047075336412,1.2147926527941413,1.1121934511797413,-0.9187828164788818,0.2052412173062051,-1.0794269867817619,-1.2853908712067799,1.40818428693829,-1.33628851501457,-1.1786361426197907
1.5034417286743693,1.343152832097696,-0.5376153470168104,1.503441728674309,-0.49415588747705275,1.180747884031348,1.4290776353243215,1.279280358739515,-0.2095325910951043,1.6116386727213237,1.7874024246166644,1.6592077593874845,-2.7755575615628914e-17,1.3148792519317467,-1.0202957719661838,0.20628424925174263,-0.5556623828915209,2.497075628430917,1.7722318966845796,-0.8501724340094119,1.05482532549978,-2.1322633029460967,1.695599744401604,-0.04712201592100262,1.7961495044916336,1.2971943179935417,1.474061239393928,1.8847975537328816,0.612771376959082,2.0444045039546137,1.8396228226281484,0.6446583712203044,1.2041594578792294,0.6221974626379696,1.0890595073475615,0.6064784348631229,0.4455988936644451,1.484322390531301,-0.30649804419169857,-0.5515600310046275,1.5628747339679192,1.2574831277650524,-1.5274345347644813,0.6164863984014037,-0.9341807704020262,-0.1486132213854206,1.695599744401604,-1.0227299194136716,1.5628747339679208,1.6052892997932584,-0.09684231096883635,1.373032912054096,1.2971943179935643,1.0412176535116884,0.6414138423603987,-0.9760820451412474,-0.056094483628680095,0.994673375771226,-0.6665050406333575,-0.770517069137785,-1.0414278728513147,-0.6665050406333569,-0.9917022171974573,0.37387511919495303,-0.7115675305229306,-0.7799507852092499,-1.5848466916075599,0.3656548783962265,0.23400176049846985,1.3168107559573108,-2.7755575615628914e-17,-0.7587579959270969,0.08764396581326366,-0.7310586598159254,-0.22606638862271983,-0.5605147937428181,1.5178467704932164,1.2895904304316432,-1.1298519146623398,0.8071234484327751,-0.5474844771629412,-0.10845989684351445,1.0895200199787425,-0.3467151325499494,-0.4187477613890714,0.9350368128290033,0.46586396440493333,1.4748891726866469,1.4172313677814994,-0.9797958971132712,1.2118531986314736,1.4718264415637776,0.965708199716107,1.111471099355992,-0.6718900354737577,-0.22814401823081534,-0.8347653421264579,1.2383356588216534,0.7147369961644405,0.8504470715318386,1.3037879369891991,-0.6945361452153231,0.8944271909999157,0.8071234484327751,-0.9644933918282698,1.238335658821654,1.0981315382866603,-0.06462531252987884,0.5403635816756924,1.0895200199785888,-0.8464033381537862,-0.7988166691821468,0.5485772302064157,-0.3681301006025869,-0.5249304100804167,-1.0438497559606297,-1.0189657146481426,-0.618314013071689,-1.0438497559606301,0.7271470507236439,-0.6333522508676223,-1.0585814001157006,-0.8165556057230906,-0.3823956641946316,-0.8098638662954248,-1.0208574524497367,-0.30234962643950153,-2.7755575615628914e-17,-0.9548371719147584,0.14246272598295742,0.14433756729741146,-0.6125845862082029,-0.7535262691052281,-0.6734874464123701,0.24333922261659832,0.44172610429938575,-1.3302667718637775,0.744903497601323,-1.0002010097054315,-0.8610572722429276,0.11939466698025862,-0.6989538615181193,-0.2559472170364828,0.6897976260003885,-0.07902942741805986,0.884612004979173,0.3384643707042144,0.42562826537937437,-0.762000762001143,0.7784491897017454,-0.550127008424772,1.118358715445313,1.0052373259552345,-1.0691048916614507,0.47882837463812145,0.3223468745511459,0.7099107657980369,0.6166146711218066,1.0182432736304683,0.7945867214066002,-0.7900449488420954,0.23896987045393736,0.744903497601323,-0.8733085649544158,0.7099107657980359,0.4825999305508525,0.6962096728590843,-0.8785279238889249,0.11939466697991982,-0.9296413814816149,-1.0308574310870147,1.3249372711814882,-0.9768521336685526,-1.0148849879877015
2.1105158010033653,2.0342670438501003,-0.5376153470168104,2.1105158010037393,-0.7583790501865163,1.180747884031348,2.009825418468782,2.309837274496564,0.6233422261389946,1.5171888962755868,1.6608295917148235,2.069867546783892,-2.7755575615628914e-17,1.7961972214239292,-0.3512332969271382,0.20628424925174263,-0.5556623828915209,-0.9834267170943509,1.0865288921145293,-1.0653588279669617,1.05482532549978,-0.5451623418298966,1.2628685596324454,-0.059926556311551187,1.726973879131207,1.4541173527322298,-0.28666379607119497,1.8687961742644066,0.612771376959082,0.9280829506387643,-0.6993178686897419,0.08058229640253824,-0.8304547985373997,0.34954666698865544,0.63442470625683,0.6064784348631229,1.060650887736496,2.0516468550719407,-0.5994275646760704,-0.877341920746464,1.579343485683313,1.264670815213181,-2.1646995479622397,0.7911815328686332,-0.9521743906008489,-1.362287862699692,1.2628685596324454,-1.118384082258808,1.5793434856833208,1.4143614198827046,-0.18521450304866022,2.1512920237476174,1.4541173527322382,2.126009331781737,2.70084064277798,1.9267594369246868,2.59861679607087,2.1653591002176706,-0.610499990403842,-0.6541121785685963,-1.0414278728513147,-0.6104999904038421,-0.6772316052421335,0.37387511919495303,-0.7183985245985917,-0.8549440737868967,-1.5848466916075599,0.8219286072182267,0.7999027955452855,1.7366619548927864,-2.7755575615628914e-17,-0.34634835250566254,-0.36565972361893573,-0.7310586598159254,-0.22606638862271983,-0.21453094533338393,0.6830666128680082,0.05057217374241451,-1.4183646431966095,1.1666602572801026,-1.069866780462062,0.39000539948145746,1.4204463860278498,-1.6228799819975739,-0.24435486667828993,1.3477650215998787,1.1114897005809123,0.29806096384819003,0.9573350961173043,-0.9797958971132712,1.2118531986314736,1.4718264415637776,1.4296268446777662,1.3647831173487535,-0.6064052571399683,-0.5168403514205054,-0.5219740905264224,1.5270545590502451,0.8103923869406012,0.8316626043085852,1.1006763763518845,-0.6974376668232636,0.8944271909999157,1.1666602572801026,-1.0210947773219872,1.5270545590502431,1.2099505719617771,0.42277425453150735,0.35947724299799744,1.4204463860279075,-0.4990064120007404,-0.20812190101671763,1.3406648169087927,-0.08495981417224027,-0.20777402158870228,-0.6338708955292406,-0.8220150717387464,-1.2629392607421734,-0.6338708955292413,0.807049292567176,1.047319276166741,-0.7735149332587307,-0.7706737227908163,-0.4510635655136646,0.2745728128323914,0.13679083005862158,1.826548323800275,-2.7755575615628914e-17,-0.8534663960219371,-0.3241235082062508,0.14433756729741146,-0.6125845862082029,-1.0317389300239466,-0.30330286889514096,1.8955975757923729,0.44172610429938575,-2.0896453908127635,1.2011568898821345,-0.791101116381455,-0.13770210163990426,1.2448399350415236,-0.12514696597109093,-0.12481460588621432,0.6897976260003885,0.9330340247375155,3.8400202943414152,2.216094894981096,1.0215078369104984,-0.762000762001143,0.7784491897017454,1.1510258204125436,0.45812284729085107,1.280414024121751,-0.522226814885427,1.659193504282892,0.2570438741338701,2.0402587902996867,1.0699223958417559,1.0233568336808816,1.2541437961323907,-1.1388660494529026,0.23896987045393736,1.2011568898821345,-1.630359983448308,2.0402587902996876,1.2472072000615455,0.6700207245779024,0.335103672621122,1.2448399350422679,-0.8458461607943757,-0.868593082897757,1.043445820218037,-0.7827561775891703,-0.8936269435335186
1.1206412472871323,1.0785879698236052,-1.180131249549096,1.1206412472876126,-0.27059189398626887,1.053154589326506,1.0972536059213314,0.6587010816182751,0.6233422261389946,0.8913335492505488,0.8708412350339876,1.9461020826230093,-2.7755575615628914e-17,0.9583273171630735,-0.6937656999692611,0.20628424925174263,1.04595272073698,0.7687510393556338,0.679622014160113,-0.5043994910037757,1.05482532549978,-1.3447218425609606,1.2628685596324454,0.19505043591701518,0.8774334700075506,1.2910441404285615,0.44939549718272664,1.2594555410276311,0.39180271970335384,0.85967187903567,-0.3810855641350028,1.2087344460380707,1.2041594578792294,1.1639114853477637,0.5290990103357405,1.1371470653683553,1.3681768847725206,1.1199293927327083,0.5103942849810169,-0.27914612306232195,1.560676892052184,0.8827673597683496,-0.4667229044886347,0.3055376130158819,-0.9629189792379156,-1.362287862699692,1.2628685596324454,-1.113433931072041,1.5606768920521834,1.5655754593404319,1.5741769520057127,1.3454001372028208,1.2910441404285928,1.1099731643600452,1.156430785279376,1.1280149064059062,0.5805744331565048,0.1632011057007264,-1.229731732867991,-1.3527387192996945,-1.0414278728513147,-1.2297317328679906,0.01660831625257869,-1.1574883424527904,-1.379740721817286,-1.1232609522169368,-1.5848466916075599,0.04437426828969919,-0.12230793784431038,0.6291976269509696,-2.7755575615628914e-17,-1.1332639854512794,0.7200998649773701,0.3883749130272102,-0.5815800726323302,-0.6442053050262018,0.9394032043453467,1.2895904304316432,-1.1929887595769941,0.8071234484327751,-0.51336517345979,-0.3031428152848107,0.7135726121451781,-0.3385502998768585,-0.301428805147097,0.4043590637400492,1.1114897005809123,1.3424991328919063,0.9573350961173043,1.0206207261596576,1.2118531986314736,0.5352195144754585,1.4296268446777662,1.111471099355992,-1.37128525374125,-1.2133874091778822,-0.0030772629811685686,1.2016376589078617,0.7072320992060309,1.4914350950751316,1.0608788860273384,-0.6373319086646866,1.6770509831248421,0.8071234484327751,-0.8653836274370328,1.2016376589078601,1.0980362267248769,0.7224466468982776,0.15275790715854973,0.7135726121451692,-1.4226688464702164,-1.4757001420393374,0.4190086561912931,-1.0645305502945324,-0.9843394040971236,-0.18558964861424257,-0.19070424598365904,-1.2629392607421734,-0.18558964861424326,0.946308798311626,1.047319276166741,-0.19433550139976766,-0.18858344310186514,-0.4510635655136646,0.4919367170205026,0.42571032613599963,1.659888989003105,-2.7755575615628914e-17,-0.2817036598424323,-0.639048245914874,0.14433756729741146,0.96723882032874,-1.0317389300239466,0.7776880692740604,0.5376656752107085,0.44172610429938575,-1.1446232135041143,0.744903497601323,0.12350492097868752,0.4196802798091807,0.8043601615159636,1.2892589546034405,1.0576937165587599,-0.6162810912123395,0.1981349899808307,1.8697481014332562,1.6313340760442079,-0.17025130615174966,1.3123346456686351,-0.19165804452319687,1.1510258204125436,-0.20211302086361088,0.7300606277887175,-0.030282824838124684,0.5086030808669767,0.9322391524325054,1.5551648422693,0.8285694791503174,0.4820168497200179,1.1961316194643397,-1.081797457101981,0.23896987045393736,0.744903497601323,-1.4198376493391422,1.555164842269302,1.0053921782295876,2.149819392794957,0.47349004733788713,0.8043601615164643,-0.26332663469923695,-0.3796573592335777,1.178040246613757,-0.4671301038748945,-0.6948003623265785
0.9334871000548648,0.8337715563750406,-1.180131249549096,0.9334871000543653,0.6284359017971174,1.053154589326506,0.9099229363112811,0.6310490469051071,0.6233422261389946,0.9861172781507765,0.9850417544438183,2.0581264700855275,-2.7755575615628914e-17,0.964063521459751,-0.630607981732647,-4.847679857416344,1.04595272073698,-1.0034023997411596,1.1895018053891881,-0.5105929987424518,-0.23733569823745304,-1.2414897852402844,0.8301373748632859,-0.5786020539408863,0.9382846636558214,1.4038445923971614,0.3309419779477917,1.5069856895025464,0.7220908175568779,-0.1943003701602629,2.770704115963689,1.2087344460380707,1.2041594578792294,1.433025093976994,0.5290990103357405,1.1371470653683553,1.3681768847725206,0.9398159657681168,0.7578366921372708,0.7143386525425227,1.4736835412615519,1.0519148439800565,-0.6772026139197627,0.7891653659173337,-0.9393859070017193,1.0650614199288506,0.8301373748632859,-1.1283351340060335,1.4736835412615488,1.2278458531460485,1.5790090456163828,0.9264661230014777,1.4038445923971044,0.6054666519473854,0.41150068990704053,0.0716934652282555,-0.05311098873256805,-0.07187874576221556,-1.2306598470781804,-1.353146779034125,-1.0414278728513147,-1.2306598470781798,-0.14280025609753105,-1.1574883424527904,-1.4387878162342067,-1.3487254258844712,-1.5848466916075599,0.3946391849013277,0.2678597169516117,0.6658393610542155,-2.7755575615628914e-17,-1.3237268977928558,-0.7608304139902924,0.3883749130272102,-1.1959408471942015,0.1463538081996573,0.0980737290957652,1.2895904304316432,-0.7701156933172851,0.4475866395854488,-0.5413680658889907,0.2930041117175239,0.8226108877229192,1.1676334273753393,0.4184736333472572,0.8347225732340003,1.9415025978440787,0.7004382480536446,0.9573350961173043,1.0206207261596576,0.9812784984223476,0.5352195144754585,0.965708199716107,0.8581590813632314,-1.3725071509994144,-0.8660521707811701,0.003803114227146257,1.2980168255874356,0.8416637154922109,1.280981836639755,1.2938840967373513,-0.6869809373564967,0.8944271909999157,0.4475866395854488,-0.9977919821896065,1.2980168255874347,0.8616462103522374,0.5367065907638657,0.010979475148916711,0.8226108877228745,-1.316651171794859,-1.088940510688706,0.7807079592830564,-0.4227955626998547,-0.5849018005163065,0.19024455754225708,0.23008665061946318,-1.2629392607421734,0.19024455754225636,0.4458287489832258,1.047319276166741,0.25271025294031496,0.8003819137721047,-0.4510635655136646,0.554765037511525,0.5127602862333722,2.0611485523895547,-2.7755575615628914e-17,-0.17718214095286916,-0.3876145706055643,0.14433756729741146,0.96723882032874,1.5837692114223052,0.15002936643944031,0.15688043140087346,0.44172610429938575,-1.5590442255771528,1.2011568898821345,-0.6920819303979588,0.4991305623163121,1.1179726994216486,0.9071743606936017,0.4718349720547916,-0.7586066122686704,0.19813498998082812,1.8697481014332562,1.500125387978585,0.42562826537937437,-0.762000762001143,0.4566227977203999,1.1510258204125436,0.45812284729085107,1.280414024121751,0.3297932543876623,-0.15056331472602308,0.6488853561143867,1.5036162966340176,0.6727222616837829,0.2580409915848902,1.174338672630277,-1.0462830340730065,1.0196047806034658,1.2011568898821345,-1.2956389749159825,1.503616296634017,1.2847147463483939,1.6398670298894877,0.7163163663555271,1.1179726994215688,0.2103310984439537,-0.1477946350388843,1.1373462690439144,-0.39403825739750165,-0.64941938360837
