latitude,longitude,elevation,utc_offset_seconds,timezone,timezone_abbreviation
-7.2999954,112.600006,17.0,25200,Asia/Jakarta,GMT+7

time,pm10 (μg/m³),pm2_5 (μg/m³),carbon_dioxide (ppm),nitrogen_dioxide (μg/m³)
2025-09-01T00:00,60.3,59.4,473,39.9
2025-09-01T01:00,65.7,64.5,481,43.3
2025-09-01T02:00,70.3,68.9,480,45.5
2025-09-01T03:00,75.4,74.0,474,47.1
2025-09-01T04:00,82.4,81.0,470,48.0
2025-09-01T05:00,94.1,92.4,472,49.5
2025-09-01T06:00,116.2,113.9,476,50.3
2025-09-01T07:00,88.2,85.7,476,39.7
2025-09-01T08:00,47.3,43.4,468,30.5
2025-09-01T09:00,34.9,31.2,456,17.8
2025-09-01T10:00,27.5,25.7,447,8.2
2025-09-01T11:00,22.8,21.9,444,4.6
2025-09-01T12:00,19.7,19.0,443,4.0
2025-09-01T13:00,17.4,16.8,443,4.1
2025-09-01T14:00,14.8,14.2,443,3.8
2025-09-01T15:00,12.6,12.0,443,4.2
2025-09-01T16:00,12.2,11.2,443,6.4
2025-09-01T17:00,14.2,13.1,444,12.2
2025-09-01T18:00,20.4,19.2,446,19.9
2025-09-01T19:00,20.7,19.3,447,21.9
2025-09-01T20:00,19.2,17.8,446,21.3
2025-09-01T21:00,18.9,17.5,444,20.5
2025-09-01T22:00,19.3,17.9,444,19.9
2025-09-01T23:00,19.3,17.8,446,19.5
2025-09-02T00:00,20.0,18.5,450,19.3
2025-09-02T01:00,22.8,21.1,452,19.9
2025-09-02T02:00,28.6,26.9,452,22.2
2025-09-02T03:00,35.9,34.1,452,25.2
2025-09-02T04:00,40.9,39.0,451,27.2
2025-09-02T05:00,44.7,42.7,451,27.7
2025-09-02T06:00,52.2,50.1,451,27.1
2025-09-02T07:00,56.1,53.8,450,28.1
2025-09-02T08:00,33.1,29.7,449,21.7
2025-09-02T09:00,25.7,21.9,447,12.8
2025-09-02T10:00,21.5,17.8,445,6.0
2025-09-02T11:00,16.8,13.6,444,3.4
2025-09-02T12:00,15.3,12.2,443,2.9
2025-09-02T13:00,14.9,12.0,443,3.1
2025-09-02T14:00,14.8,12.0,443,3.0
2025-09-02T15:00,14.5,11.9,444,3.6
2025-09-02T16:00,14.1,12.1,445,5.9
2025-09-02T17:00,15.4,14.0,446,11.1
2025-09-02T18:00,20.3,19.1,446,18.0
2025-09-02T19:00,25.6,23.8,447,22.6
2025-09-02T20:00,26.4,24.7,447,23.1
2025-09-02T21:00,28.1,26.4,447,24.0
2025-09-02T22:00,30.3,28.7,448,25.2
2025-09-02T23:00,32.7,31.1,448,26.8
2025-09-03T00:00,37.6,36.0,448,28.9
2025-09-03T01:00,45.9,44.2,452,31.5
2025-09-03T02:00,55.3,53.6,463,35.6
2025-09-03T03:00,65.4,63.6,477,40.3
2025-09-03T04:00,75.9,73.8,487,43.1
2025-09-03T05:00,84.8,82.7,489,43.3
2025-09-03T06:00,97.1,94.5,488,41.6
2025-09-03T07:00,96.2,92.4,482,39.7
2025-09-03T08:00,48.2,43.7,471,29.9
2025-09-03T09:00,33.1,30.2,456,16.5
2025-09-03T10:00,23.2,22.2,445,6.4
2025-09-03T11:00,17.2,16.6,442,3.0
2025-09-03T12:00,13.1,12.7,443,3.0
2025-09-03T13:00,11.6,11.3,444,3.6
2025-09-03T14:00,11.8,11.5,444,3.5
2025-09-03T15:00,12.7,12.3,445,4.1
2025-09-03T16:00,13.9,13.4,446,6.7
2025-09-03T17:00,16.6,16.1,448,12.8
2025-09-03T18:00,23.9,23.4,450,20.9
2025-09-03T19:00,25.0,24.7,451,25.7
2025-09-03T20:00,27.8,27.4,450,27.9
2025-09-03T21:00,32.8,31.9,449,31.0
2025-09-03T22:00,40.4,39.2,450,34.4
2025-09-03T23:00,49.1,47.7,456,38.2
2025-09-04T00:00,57.5,56.0,464,42.3
2025-09-04T01:00,69.2,67.3,471,45.8
2025-09-04T02:00,84.3,82.4,474,48.4
2025-09-04T03:00,89.9,88.0,476,50.4
2025-09-04T04:00,93.6,91.5,477,51.2
2025-09-04T05:00,105.5,103.4,479,51.5
2025-09-04T06:00,130.4,127.6,481,50.6
2025-09-04T07:00,113.9,110.4,480,49.0
2025-09-04T08:00,56.9,53.4,472,38.0
2025-09-04T09:00,39.8,37.6,460,22.8
2025-09-04T10:00,32.9,32.0,451,11.1
2025-09-04T11:00,30.5,29.8,447,6.3
2025-09-04T12:00,28.3,27.6,446,5.0
2025-09-04T13:00,26.0,25.4,446,4.7
2025-09-04T14:00,23.2,22.6,445,3.7
2025-09-04T15:00,20.4,19.9,445,3.6
2025-09-04T16:00,18.6,18.2,445,7.2
2025-09-04T17:00,21.7,21.2,446,17.3
2025-09-04T18:00,42.1,41.0,447,31.0
2025-09-04T19:00,42.6,41.6,448,31.9
2025-09-04T20:00,44.8,43.8,447,34.2
2025-09-04T21:00,49.0,47.8,446,37.4
2025-09-04T22:00,53.1,51.8,448,40.8
2025-09-04T23:00,56.8,55.4,456,44.1
2025-09-05T00:00,66.6,64.7,467,47.5
2025-09-05T01:00,80.3,78.5,475,50.7
2025-09-05T02:00,94.3,92.4,479,54.2
2025-09-05T03:00,107.3,105.2,481,57.6
2025-09-05T04:00,120.6,118.3,481,59.2
2025-09-05T05:00,137.4,135.0,477,59.3
2025-09-05T06:00,163.9,161.1,471,57.7
2025-09-05T07:00,134.1,129.9,466,48.1
2025-09-05T08:00,71.0,65.4,462,37.4
2025-09-05T09:00,52.9,47.3,459,22.7
2025-09-05T10:00,45.2,41.4,456,11.3
2025-09-05T11:00,39.5,38.1,454,6.6
2025-09-05T12:00,38.1,36.8,453,5.2
2025-09-05T13:00,35.3,34.2,451,4.9
2025-09-05T14:00,32.9,31.9,448,4.3
2025-09-05T15:00,30.9,29.8,445,4.7
2025-09-05T16:00,29.1,28.2,444,7.9
2025-09-05T17:00,29.8,28.9,446,15.7
2025-09-05T18:00,48.7,46.8,449,26.1
2025-09-05T19:00,57.6,55.1,454,33.4
2025-09-05T20:00,56.8,54.6,461,36.3
2025-09-05T21:00,62.9,61.0,468,40.6
2025-09-05T22:00,70.3,68.5,475,45.5
2025-09-05T23:00,78.7,76.6,480,51.6
2025-09-06T00:00,92.9,90.8,484,58.3
2025-09-06T01:00,109.4,107.1,486,62.7
2025-09-06T02:00,116.4,114.1,483,63.4
2025-09-06T03:00,122.5,120.1,478,61.9
2025-09-06T04:00,129.9,127.6,473,59.6
2025-09-06T05:00,130.9,128.5,471,58.0
2025-09-06T06:00,136.0,133.6,470,55.5
2025-09-06T07:00,97.8,94.8,468,42.7
2025-09-06T08:00,58.8,55.3,465,32.6
2025-09-06T09:00,40.5,38.0,462,18.7
2025-09-06T10:00,35.6,33.9,459,8.3
2025-09-06T11:00,36.4,34.7,456,4.6
2025-09-06T12:00,37.5,35.9,452,4.4
2025-09-06T13:00,38.2,36.9,450,5.0
2025-09-06T14:00,38.5,37.5,449,5.1
2025-09-06T15:00,39.5,38.4,449,6.0
2025-09-06T16:00,41.6,40.5,449,9.3
2025-09-06T17:00,45.4,44.1,448,16.5
2025-09-06T18:00,67.1,65.9,448,26.1
2025-09-06T19:00,91.0,89.6,448,39.5
2025-09-06T20:00,108.0,105.9,450,45.6
2025-09-06T21:00,123.9,120.1,453,54.1
2025-09-06T22:00,139.7,136.0,457,60.5
2025-09-06T23:00,138.8,135.0,461,63.1
2025-09-07T00:00,137.8,134.1,465,63.5
2025-09-07T01:00,138.3,134.6,469,62.5
2025-09-07T02:00,129.9,126.7,471,59.7
2025-09-07T03:00,116.6,113.9,473,55.4
2025-09-07T04:00,104.5,102.0,473,51.1
2025-09-07T05:00,103.6,101.3,472,47.9
2025-09-07T06:00,116.9,114.1,471,44.8
2025-09-07T07:00,85.9,82.9,469,36.3
2025-09-07T08:00,55.1,51.0,467,28.6
2025-09-07T09:00,39.9,36.6,464,18.0
2025-09-07T10:00,31.4,29.8,461,9.8
2025-09-07T11:00,31.5,30.2,457,6.2
2025-09-07T12:00,32.8,31.7,452,5.1
2025-09-07T13:00,33.9,33.1,448,4.8
2025-09-07T14:00,34.9,34.1,446,4.4
2025-09-07T15:00,35.6,34.8,445,4.8
2025-09-07T16:00,35.7,34.9,446,7.9
2025-09-07T17:00,36.9,36.2,450,15.5
2025-09-07T18:00,53.6,52.6,455,25.7
2025-09-07T19:00,50.5,50.1,459,32.7
2025-09-07T20:00,61.0,59.5,460,40.0
2025-09-07T21:00,72.4,70.8,459,50.1
2025-09-07T22:00,93.4,91.5,460,58.0
2025-09-07T23:00,115.7,113.6,463,62.0
2025-09-08T00:00,124.8,122.5,467,63.9
2025-09-08T01:00,120.6,118.3,470,63.8
2025-09-08T02:00,114.1,112.0,473,61.0
2025-09-08T03:00,107.1,105.0,476,56.4
2025-09-08T04:00,105.0,102.9,477,52.5
2025-09-08T05:00,108.3,106.2,474,51.6
2025-09-08T06:00,117.6,115.5,469,51.5
2025-09-08T07:00,102.2,98.7,464,47.8
2025-09-08T08:00,82.4,78.2,461,40.8
2025-09-08T09:00,71.9,66.4,459,31.0
2025-09-08T10:00,59.0,54.2,457,22.4
2025-09-08T11:00,46.2,44.7,454,16.3
2025-09-08T12:00,43.4,42.3,451,11.4
2025-09-08T13:00,41.6,40.4,448,8.3
2025-09-08T14:00,39.9,39.0,446,6.2
2025-09-08T15:00,38.1,37.1,444,5.9
2025-09-08T16:00,37.4,36.6,445,9.5
2025-09-08T17:00,39.8,38.9,450,19.5
2025-09-08T18:00,81.3,80.3,457,33.5
2025-09-08T19:00,134.6,132.2,463,57.2
2025-09-08T20:00,143.4,139.7,465,62.0
2025-09-08T21:00,157.4,151.3,466,68.7
2025-09-08T22:00,172.8,167.6,467,74.2
2025-09-08T23:00,183.9,179.3,468,78.1
2025-09-09T00:00,183.0,178.8,468,80.8
2025-09-09T01:00,175.1,171.4,469,81.1
2025-09-09T02:00,161.1,157.9,471,77.6
2025-09-09T03:00,151.3,148.5,473,71.6
2025-09-09T04:00,152.7,150.4,473,66.1
2025-09-09T05:00,161.6,158.8,471,63.5
2025-09-09T06:00,181.6,178.8,467,61.3
2025-09-09T07:00,110.1,106.6,464,48.7
2025-09-09T08:00,66.4,63.1,464,38.4
2025-09-09T09:00,48.8,47.7,465,24.1
2025-09-09T10:00,42.5,41.9,465,12.9
2025-09-09T11:00,38.3,37.7,461,7.9
2025-09-09T12:00,36.4,36.0,455,6.0
2025-09-09T13:00,37.6,37.1,450,5.2
2025-09-09T14:00,38.0,37.4,446,4.2
2025-09-09T15:00,36.3,35.7,444,4.4
2025-09-09T16:00,32.6,31.9,443,7.8
2025-09-09T17:00,31.4,30.9,445,17.5
2025-09-09T18:00,61.2,60.5,449,30.4
2025-09-09T19:00,74.5,73.6,453,32.7
2025-09-09T20:00,74.7,73.8,455,31.3
2025-09-09T21:00,69.8,68.7,456,29.5
2025-09-09T22:00,64.3,63.3,457,28.2
2025-09-09T23:00,62.4,61.5,457,27.9
2025-09-10T00:00,62.9,61.7,457,28.1
2025-09-10T01:00,61.0,58.8,458,29.0
2025-09-10T02:00,61.5,59.6,460,31.1
2025-09-10T03:00,66.1,64.3,463,33.9
2025-09-10T04:00,71.9,70.3,465,35.8
2025-09-10T05:00,79.4,77.8,465,36.7
2025-09-10T06:00,87.1,85.2,464,36.8
2025-09-10T07:00,63.1,60.8,463,30.1
2025-09-10T08:00,48.8,46.7,462,27.2
2025-09-10T09:00,39.1,38.4,460,23.0
2025-09-10T10:00,35.4,35.0,458,18.7
2025-09-10T11:00,36.9,36.6,454,13.8
2025-09-10T12:00,38.1,37.8,450,8.7
2025-09-10T13:00,37.8,37.6,447,5.9
2025-09-10T14:00,32.9,32.7,445,6.4
2025-09-10T15:00,29.9,29.7,444,9.0
2025-09-10T16:00,31.1,31.0,444,13.1
2025-09-10T17:00,33.3,33.1,447,19.4
2025-09-10T18:00,45.9,45.6,451,27.2
2025-09-10T19:00,88.2,87.8,454,44.4
2025-09-10T20:00,92.7,91.7,455,42.8
2025-09-10T21:00,82.7,81.7,454,40.6
2025-09-10T22:00,73.1,72.2,455,39.5
2025-09-10T23:00,61.0,60.3,458,40.4
2025-09-11T00:00,62.6,61.7,462,42.2
2025-09-11T01:00,69.2,67.3,465,43.6
2025-09-11T02:00,71.2,69.2,466,44.1
2025-09-11T03:00,71.0,69.4,466,44.2
2025-09-11T04:00,68.2,66.6,465,43.5
2025-09-11T05:00,76.4,75.0,463,42.2
2025-09-11T06:00,99.2,97.3,461,40.0
2025-09-11T07:00,63.8,61.7,458,30.1
2025-09-11T08:00,38.4,37.4,454,25.7
2025-09-11T09:00,28.8,28.2,449,19.5
2025-09-11T10:00,25.0,24.4,446,14.1
2025-09-11T11:00,22.1,21.5,444,10.0
2025-09-11T12:00,19.3,18.6,444,6.7
2025-09-11T13:00,16.8,16.2,444,4.7
2025-09-11T14:00,15.5,14.6,445,3.6
2025-09-11T15:00,14.8,13.6,446,3.7
2025-09-11T16:00,15.3,13.9,449,7.2
2025-09-11T17:00,22.3,20.7,453,15.9
2025-09-11T18:00,40.5,38.5,457,27.8
2025-09-11T19:00,49.2,47.3,463,36.0
2025-09-11T20:00,58.4,56.3,472,45.0
2025-09-11T21:00,86.6,84.3,481,57.4
2025-09-11T22:00,131.3,129.0,488,66.8
2025-09-11T23:00,172.3,170.0,490,70.6
2025-09-12T00:00,178.8,176.5,488,71.5
2025-09-12T01:00,172.3,170.0,486,70.9
2025-09-12T02:00,166.7,164.4,484,68.8
2025-09-12T03:00,167.2,164.4,481,65.2
2025-09-12T04:00,164.8,162.5,478,61.4
2025-09-12T05:00,159.7,156.9,475,58.7
2025-09-12T06:00,171.4,168.6,472,55.8
2025-09-12T07:00,143.4,139.2,469,50.7
2025-09-12T08:00,61.2,60.1,464,39.1
2025-09-12T09:00,39.3,38.6,459,23.1
2025-09-12T10:00,37.0,36.4,454,10.9
2025-09-12T11:00,36.2,35.7,450,6.2
2025-09-12T12:00,34.3,33.8,447,5.2
2025-09-12T13:00,33.6,33.2,445,5.3
2025-09-12T14:00,32.9,32.5,444,3.9
2025-09-12T15:00,33.2,32.7,444,3.5
2025-09-12T16:00,33.9,33.4,445,8.6
2025-09-12T17:00,40.9,40.4,448,23.9
2025-09-12T18:00,85.4,85.0,453,44.7
2025-09-12T19:00,140.2,137.4,458,72.0
2025-09-12T20:00,160.2,156.0,462,78.0
2025-09-12T21:00,166.2,162.5,465,86.3
2025-09-12T22:00,175.6,171.8,468,91.6
2025-09-12T23:00,177.0,173.7,469,91.8
2025-09-13T00:00,180.2,177.0,470,89.2
2025-09-13T01:00,177.0,173.7,469,85.2
2025-09-13T02:00,167.6,164.8,467,79.6
2025-09-13T03:00,158.3,156.0,465,72.7
2025-09-13T04:00,152.7,150.4,463,66.7
2025-09-13T05:00,153.2,150.9,463,64.1
2025-09-13T06:00,167.2,164.4,464,62.4
2025-09-13T07:00,129.9,123.9,463,53.5
2025-09-13T08:00,82.9,78.9,460,41.9
2025-09-13T09:00,58.1,56.6,456,25.9
2025-09-13T10:00,49.4,48.1,452,13.4
2025-09-13T11:00,42.8,41.7,449,8.0
2025-09-13T12:00,36.3,35.3,446,6.1
2025-09-13T13:00,31.7,30.7,444,5.5
2025-09-13T14:00,28.9,28.1,443,4.9
2025-09-13T15:00,28.2,27.4,443,5.5
2025-09-13T16:00,29.5,28.7,445,8.7
2025-09-13T17:00,43.7,43.0,449,16.1
2025-09-13T18:00,69.4,68.9,454,26.1
2025-09-13T19:00,75.4,73.1,458,46.9
2025-09-13T20:00,71.9,69.6,459,48.9
2025-09-13T21:00,72.4,70.3,459,51.8
2025-09-13T22:00,80.6,78.7,461,54.9
2025-09-13T23:00,89.2,87.1,467,58.5
2025-09-14T00:00,96.2,94.1,475,62.3
2025-09-14T01:00,106.9,104.5,480,64.5
2025-09-14T02:00,117.8,115.5,479,64.6
2025-09-14T03:00,126.7,124.3,475,63.1
2025-09-14T04:00,127.6,124.8,471,59.9
2025-09-14T05:00,124.8,122.0,466,55.0
2025-09-14T06:00,134.1,130.9,461,48.4
2025-09-14T07:00,114.6,110.4,457,45.2
2025-09-14T08:00,58.3,54.6,454,34.2
2025-09-14T09:00,41.0,39.6,452,19.0
2025-09-14T10:00,37.1,36.0,450,7.7
2025-09-14T11:00,34.8,34.0,448,4.1
2025-09-14T12:00,32.5,31.8,445,4.4
2025-09-14T13:00,30.4,29.7,444,5.4
2025-09-14T14:00,28.6,28.0,444,5.1
2025-09-14T15:00,27.8,27.1,444,5.4
2025-09-14T16:00,26.5,25.7,445,8.8
2025-09-14T17:00,32.4,31.5,446,17.4
2025-09-14T18:00,48.9,47.0,447,29.1
2025-09-14T19:00,45.6,44.2,448,28.4
2025-09-14T20:00,43.1,41.8,446,31.2
2025-09-14T21:00,56.0,54.2,444,35.3
2025-09-14T22:00,62.4,60.3,445,39.8
2025-09-14T23:00,70.5,68.5,452,45.0
2025-09-15T00:00,82.4,80.1,463,50.5
2025-09-15T01:00,100.6,97.8,470,54.4
2025-09-15T02:00,115.0,112.2,470,56.3
2025-09-15T03:00,119.2,116.4,466,56.7
2025-09-15T04:00,117.3,114.8,463,54.8
2025-09-15T05:00,109.2,106.9,461,50.1
2025-09-15T06:00,108.0,105.5,460,43.2
2025-09-15T07:00,92.0,88.9,458,39.3
2025-09-15T08:00,59.1,55.2,456,30.4
2025-09-15T09:00,41.6,38.8,454,18.0
2025-09-15T10:00,31.5,30.4,452,8.6
2025-09-15T11:00,29.4,28.5,450,5.0
2025-09-15T12:00,27.8,27.0,448,4.3
2025-09-15T13:00,28.9,28.1,446,4.6
2025-09-15T14:00,30.4,29.6,445,4.5
2025-09-15T15:00,30.9,30.0,444,5.4
2025-09-15T16:00,42.6,41.2,444,8.8
2025-09-15T17:00,44.4,43.3,444,16.7
2025-09-15T18:00,58.8,57.9,444,27.2
2025-09-15T19:00,89.9,87.3,446,47.4
2025-09-15T20:00,106.2,103.6,450,52.9
2025-09-15T21:00,121.5,119.0,455,60.4
2025-09-15T22:00,125.7,122.9,461,65.7
2025-09-15T23:00,122.5,119.7,469,66.1
2025-09-16T00:00,115.7,112.9,478,64.1
2025-09-16T01:00,115.9,113.2,483,63.5
2025-09-16T02:00,123.9,121.1,481,66.9
2025-09-16T03:00,129.5,126.7,475,71.6
2025-09-16T04:00,142.5,139.2,470,72.7
2025-09-16T05:00,142.5,140.2,467,68.2
2025-09-16T06:00,153.7,150.9,464,60.1
2025-09-16T07:00,122.0,117.3,462,60.8
2025-09-16T08:00,71.9,67.3,460,47.0
2025-09-16T09:00,50.8,47.5,459,27.8
2025-09-16T10:00,42.5,41.4,457,13.3
2025-09-16T11:00,42.1,41.4,454,7.7
2025-09-16T12:00,41.4,40.6,452,6.7
2025-09-16T13:00,42.3,41.4,450,6.9
2025-09-16T14:00,43.3,42.6,450,6.9
2025-09-16T15:00,32.4,31.9,451,8.2
2025-09-16T16:00,30.9,30.4,453,11.8
2025-09-16T17:00,42.6,42.1,456,19.3
2025-09-16T18:00,68.7,68.2,461,29.2
2025-09-16T19:00,99.2,99.0,467,51.4
2025-09-16T20:00,117.3,117.1,476,55.6
2025-09-16T21:00,130.9,129.9,486,61.3
2025-09-16T22:00,142.0,141.1,496,64.7
2025-09-16T23:00,147.1,144.4,504,63.5
2025-09-17T00:00,135.5,132.2,512,60.1
2025-09-17T01:00,126.7,123.9,518,56.9
2025-09-17T02:00,119.2,115.9,525,55.6
2025-09-17T03:00,116.6,113.6,531,54.6
2025-09-17T04:00,116.2,112.9,531,52.2
2025-09-17T05:00,119.2,115.9,520,47.6
2025-09-17T06:00,132.2,128.5,503,41.7
2025-09-17T07:00,79.6,77.5,488,34.3
2025-09-17T08:00,51.1,49.6,476,27.8
2025-09-17T09:00,40.4,39.1,466,18.8
2025-09-17T10:00,38.4,37.6,458,11.6
2025-09-17T11:00,38.9,38.2,453,7.6
2025-09-17T12:00,38.6,38.0,451,5.5
2025-09-17T13:00,37.7,37.0,449,5.0
2025-09-17T14:00,40.2,39.5,447,6.6
2025-09-17T15:00,38.5,38.0,446,9.9
2025-09-17T16:00,38.6,38.1,447,13.9
2025-09-17T17:00,44.1,43.5,450,18.7
2025-09-17T18:00,67.5,66.8,455,24.2
2025-09-17T19:00,76.1,75.7,460,35.7
2025-09-17T20:00,80.6,79.9,466,37.4
2025-09-17T21:00,82.7,82.0,471,39.8
2025-09-17T22:00,110.4,109.9,475,41.7
2025-09-17T23:00,126.7,126.2,474,42.7
2025-09-18T00:00,129.9,129.5,471,43.3
2025-09-18T01:00,126.2,125.7,469,43.5
2025-09-18T02:00,120.6,120.1,469,43.1
2025-09-18T03:00,115.3,114.3,471,42.2
2025-09-18T04:00,117.8,116.6,471,41.7
2025-09-18T05:00,124.8,123.4,469,42.8
2025-09-18T06:00,147.1,144.4,465,44.3
2025-09-18T07:00,165.3,160.7,462,53.3
2025-09-18T08:00,94.1,92.0,459,42.6
2025-09-18T09:00,61.0,58.6,456,27.8
2025-09-18T10:00,49.9,48.5,453,16.0
2025-09-18T11:00,46.7,45.5,451,9.9
2025-09-18T12:00,44.9,43.8,449,6.8
2025-09-18T13:00,38.9,37.8,448,5.3
2025-09-18T14:00,34.8,33.9,447,4.2
2025-09-18T15:00,32.0,31.1,447,4.6
2025-09-18T16:00,29.2,28.2,448,8.7
2025-09-18T17:00,32.9,31.3,450,19.0
2025-09-18T18:00,49.0,46.7,454,32.8
2025-09-18T19:00,96.4,94.3,458,57.7
2025-09-18T20:00,92.0,89.4,463,58.2
2025-09-18T21:00,108.3,105.5,468,59.0
2025-09-18T22:00,111.1,108.3,472,60.0
2025-09-18T23:00,109.4,106.6,474,61.3
2025-09-19T00:00,109.9,107.3,476,62.7
2025-09-19T01:00,116.4,113.6,476,63.9
2025-09-19T02:00,126.2,123.4,475,65.3
2025-09-19T03:00,133.6,130.9,472,66.4
2025-09-19T04:00,133.2,130.9,469,65.3
2025-09-19T05:00,133.6,131.3,467,61.5
2025-09-19T06:00,140.6,137.8,464,55.5
2025-09-19T07:00,112.0,107.3,461,48.4
2025-09-19T08:00,63.6,61.0,456,37.7
2025-09-19T09:00,36.1,35.5,450,22.8
2025-09-19T10:00,26.1,25.8,446,11.3
2025-09-19T11:00,20.5,20.3,445,6.4
2025-09-19T12:00,15.7,15.5,446,4.8
2025-09-19T13:00,12.7,12.6,447,4.4
2025-09-19T14:00,10.8,10.7,447,3.9
2025-09-19T15:00,9.8,9.6,447,4.6
2025-09-19T16:00,11.3,11.1,447,7.8
2025-09-19T17:00,16.1,15.5,448,14.7
2025-09-19T18:00,27.9,26.6,448,24.2
2025-09-19T19:00,41.3,39.7,449,31.3
2025-09-19T20:00,39.5,38.6,450,32.6
2025-09-19T21:00,41.3,40.3,451,34.5
2025-09-19T22:00,44.7,43.7,451,36.2
2025-09-19T23:00,45.2,44.0,450,37.2
2025-09-20T00:00,46.9,45.6,448,38.1
2025-09-20T01:00,52.7,51.3,449,40.0
2025-09-20T02:00,62.2,60.5,457,44.6
2025-09-20T03:00,77.3,75.4,467,50.2
2025-09-20T04:00,96.9,94.8,475,53.1
2025-09-20T05:00,118.0,115.9,478,51.6
2025-09-20T06:00,143.0,140.2,478,47.4
2025-09-20T07:00,75.9,72.6,475,37.9
2025-09-20T08:00,41.1,38.9,468,29.7
2025-09-20T09:00,28.6,28.1,458,18.2
2025-09-20T10:00,24.2,23.8,451,9.4
2025-09-20T11:00,20.8,20.5,448,5.6
2025-09-20T12:00,18.5,18.2,447,4.3
2025-09-20T13:00,17.2,16.8,447,4.1
2025-09-20T14:00,16.5,16.0,448,3.6
2025-09-20T15:00,16.6,16.0,449,4.2
2025-09-20T16:00,17.5,16.8,450,7.9
2025-09-20T17:00,24.7,23.9,450,17.5
2025-09-20T18:00,48.1,46.0,450,30.3
2025-09-20T19:00,74.0,71.5,450,47.4
2025-09-20T20:00,83.6,81.0,451,51.9
2025-09-20T21:00,94.8,92.2,453,58.2
2025-09-20T22:00,105.2,102.7,453,63.0
2025-09-20T23:00,106.9,104.5,450,64.8
2025-09-21T00:00,103.6,101.0,446,65.2
2025-09-21T01:00,100.1,97.8,445,65.4
2025-09-21T02:00,101.5,99.2,449,66.6
2025-09-21T03:00,113.2,110.6,455,67.5
2025-09-21T04:00,123.9,121.5,461,66.1
2025-09-21T05:00,135.0,132.7,466,61.2
2025-09-21T06:00,152.3,149.5,470,53.8
2025-09-21T07:00,83.6,80.1,471,39.4
2025-09-21T08:00,39.5,37.5,467,30.8
2025-09-21T09:00,32.5,31.9,459,18.9
2025-09-21T10:00,31.0,30.5,453,9.8
2025-09-21T11:00,29.6,29.2,450,5.9
2025-09-21T12:00,27.7,27.3,448,4.8
2025-09-21T13:00,25.7,25.3,447,4.8
2025-09-21T14:00,24.0,23.6,446,4.4
2025-09-21T15:00,23.9,23.4,446,5.0
2025-09-21T16:00,33.1,32.1,448,10.0
2025-09-21T17:00,31.2,30.5,452,22.3
2025-09-21T18:00,56.9,54.9,458,38.8
2025-09-21T19:00,89.2,86.4,464,55.8
2025-09-21T20:00,79.2,75.9,469,50.6
2025-09-21T21:00,62.6,59.6,473,43.4
2025-09-21T22:00,61.2,58.6,476,38.1
2025-09-21T23:00,60.3,58.1,478,36.5
2025-09-22T00:00,62.2,60.1,478,37.0
2025-09-22T01:00,72.6,70.1,479,38.0
2025-09-22T02:00,87.5,84.5,480,40.0
2025-09-22T03:00,102.4,99.9,481,42.7
2025-09-22T04:00,111.5,110.6,480,43.7
2025-09-22T05:00,120.1,119.2,476,42.4
2025-09-22T06:00,135.5,134.6,469,39.4
2025-09-22T07:00,101.5,101.3,464,40.4
2025-09-22T08:00,53.9,53.8,461,31.3
2025-09-22T09:00,42.0,41.9,459,18.7
2025-09-22T10:00,40.4,40.3,457,9.2
2025-09-22T11:00,38.2,38.2,453,5.7
2025-09-22T12:00,35.5,35.4,449,5.2
2025-09-22T13:00,31.9,31.8,446,5.5
2025-09-22T14:00,28.3,28.2,444,4.9
2025-09-22T15:00,25.3,25.1,443,5.2
2025-09-22T16:00,23.9,23.7,443,9.1
2025-09-22T17:00,39.8,39.7,445,19.0
2025-09-22T18:00,66.6,65.4,448,32.6
2025-09-22T19:00,70.1,69.8,452,35.5
2025-09-22T20:00,81.7,80.8,458,44.2
2025-09-22T21:00,106.4,104.5,465,56.4
2025-09-22T22:00,140.2,137.4,471,67.0
2025-09-22T23:00,170.9,168.1,474,75.1
2025-09-23T00:00,186.7,183.5,474,81.6
2025-09-23T01:00,194.6,191.9,474,84.2
2025-09-23T02:00,171.4,169.0,472,80.7
2025-09-23T03:00,151.3,149.0,468,73.4
2025-09-23T04:00,147.6,145.8,465,66.1
2025-09-23T05:00,151.3,149.5,463,61.2
2025-09-23T06:00,161.1,158.3,463,56.5
2025-09-23T07:00,127.1,122.9,461,54.8
2025-09-23T08:00,72.4,70.3,458,41.8
2025-09-23T09:00,53.2,52.4,454,23.8
2025-09-23T10:00,49.7,49.2,452,10.2
2025-09-23T11:00,50.5,50.1,452,5.4
2025-09-23T12:00,50.2,49.7,453,5.0
2025-09-23T13:00,49.4,48.8,453,5.6
2025-09-23T14:00,49.6,49.1,452,5.5
2025-09-23T15:00,50.5,50.1,450,6.3
2025-09-23T16:00,51.9,51.5,449,9.5
2025-09-23T17:00,71.5,71.0,449,16.2
2025-09-23T18:00,85.9,85.4,450,25.3
2025-09-23T19:00,85.9,85.0,452,41.7
2025-09-23T20:00,109.0,107.1,454,52.8
2025-09-23T21:00,139.2,135.5,456,68.2
2025-09-23T22:00,158.3,154.6,459,79.2
2025-09-23T23:00,160.7,156.9,464,82.4
2025-09-24T00:00,149.5,145.3,471,81.3
2025-09-24T01:00,157.4,152.7,475,78.3
2025-09-24T02:00,158.3,154.6,476,73.5
2025-09-24T03:00,134.1,130.9,475,66.8
2025-09-24T04:00,120.6,117.6,472,60.1
2025-09-24T05:00,113.9,110.8,468,54.7
2025-09-24T06:00,116.6,113.4,463,49.3
2025-09-24T07:00,72.2,69.4,458,31.8
2025-09-24T08:00,53.4,51.8,455,25.4
2025-09-24T09:00,47.5,46.4,452,16.6
2025-09-24T10:00,51.3,50.5,451,9.8
2025-09-24T11:00,57.4,56.7,451,6.7
2025-09-24T12:00,61.0,60.3,453,5.6
2025-09-24T13:00,62.2,61.5,454,5.5
2025-09-24T14:00,61.2,60.5,453,6.2
2025-09-24T15:00,60.1,59.3,451,7.8
2025-09-24T16:00,58.4,57.7,451,10.1
2025-09-24T17:00,73.1,72.6,456,12.6
2025-09-24T18:00,74.5,74.0,464,15.8
2025-09-24T19:00,93.8,92.7,469,40.4
2025-09-24T20:00,97.8,96.4,466,45.0
2025-09-24T21:00,106.9,104.3,461,51.5
2025-09-24T22:00,124.3,121.5,461,57.5
2025-09-24T23:00,143.9,141.1,475,62.6
2025-09-25T00:00,153.2,150.4,494,67.4
2025-09-25T01:00,149.0,146.2,506,70.7
2025-09-25T02:00,144.4,141.6,503,72.8
2025-09-25T03:00,150.9,148.1,493,73.5
2025-09-25T04:00,160.7,157.4,484,71.5
2025-09-25T05:00,177.4,174.6,479,65.9
2025-09-25T06:00,186.3,183.0,474,57.7
2025-09-25T07:00,112.2,110.6,469,34.0
2025-09-25T08:00,66.1,64.7,463,26.8
2025-09-25T09:00,48.2,46.8,457,16.9
2025-09-25T10:00,37.7,36.7,452,9.2
2025-09-25T11:00,32.6,31.8,449,6.0
2025-09-25T12:00,29.1,28.5,446,5.0
2025-09-25T13:00,26.4,25.8,445,4.9
2025-09-25T14:00,24.3,23.7,445,4.3
2025-09-25T15:00,21.2,20.7,446,4.5
2025-09-25T16:00,20.2,19.6,447,7.8
2025-09-25T17:00,23.7,23.1,447,16.9
2025-09-25T18:00,41.8,40.0,447,29.0
2025-09-25T19:00,43.3,41.8,447,33.6
2025-09-25T20:00,38.2,36.8,447,33.0
2025-09-25T21:00,35.9,34.6,446,32.4
2025-09-25T22:00,35.9,34.6,448,33.2
2025-09-25T23:00,40.0,38.6,453,36.5
2025-09-26T00:00,49.7,48.2,459,41.3
2025-09-26T01:00,62.9,61.2,466,46.1
2025-09-26T02:00,82.0,80.1,475,51.5
2025-09-26T03:00,103.6,101.7,485,56.9
2025-09-26T04:00,119.0,116.9,490,59.4
2025-09-26T05:00,130.4,128.1,488,58.1
2025-09-26T06:00,145.3,142.5,481,54.0
2025-09-26T07:00,82.7,79.2,474,38.6
2025-09-26T08:00,38.5,36.2,466,29.6
2025-09-26T09:00,29.9,29.2,458,17.2
2025-09-26T10:00,30.2,29.6,451,7.9
2025-09-26T11:00,30.2,29.6,448,4.5
2025-09-26T12:00,29.7,29.2,446,4.2
2025-09-26T13:00,29.2,28.6,445,4.7
2025-09-26T14:00,28.8,28.2,444,4.3
2025-09-26T15:00,27.2,26.7,444,4.8
2025-09-26T16:00,31.4,30.9,444,9.3
2025-09-26T17:00,42.8,42.3,444,21.5
2025-09-26T18:00,72.6,72.2,445,37.7
2025-09-26T19:00,88.7,88.0,446,55.3
2025-09-26T20:00,88.0,86.6,447,54.0
2025-09-26T21:00,81.3,79.9,447,52.1
2025-09-26T22:00,70.8,69.4,448,50.8
2025-09-26T23:00,64.5,63.1,449,50.2
2025-09-27T00:00,65.7,64.3,450,50.1
2025-09-27T01:00,73.8,72.2,454,50.8
2025-09-27T02:00,87.5,85.9,466,53.4
2025-09-27T03:00,102.2,100.6,481,56.8
2025-09-27T04:00,117.3,115.7,490,58.4
2025-09-27T05:00,129.5,127.6,488,57.9
2025-09-27T06:00,145.3,143.0,479,55.6
2025-09-27T07:00,136.9,131.8,470,55.0
2025-09-27T08:00,70.1,65.7,462,41.9
2025-09-27T09:00,50.8,47.4,453,23.7
2025-09-27T10:00,43.2,41.6,447,10.0
2025-09-27T11:00,39.1,37.5,444,5.0
2025-09-27T12:00,35.4,34.0,443,4.5
2025-09-27T13:00,31.7,30.4,443,4.9
2025-09-27T14:00,27.4,26.3,443,4.9
2025-09-27T15:00,22.5,21.7,443,5.8
2025-09-27T16:00,18.5,17.8,444,8.2
2025-09-27T17:00,20.3,19.8,445,13.3
2025-09-27T18:00,25.7,25.2,446,20.0
2025-09-27T19:00,25.9,24.7,447,22.3
2025-09-27T20:00,26.8,25.7,447,23.2
2025-09-27T21:00,28.5,27.2,447,24.4
2025-09-27T22:00,29.3,28.0,447,25.4
2025-09-27T23:00,28.9,27.5,447,25.8
2025-09-28T00:00,29.9,28.5,447,25.9
2025-09-28T01:00,32.5,31.0,447,26.7
2025-09-28T02:00,37.0,35.5,448,29.1
2025-09-28T03:00,43.4,41.8,448,32.2
2025-09-28T04:00,50.5,48.8,449,33.8
2025-09-28T05:00,57.0,55.3,449,33.4
2025-09-28T06:00,68.0,65.9,449,31.6
2025-09-28T07:00,61.9,58.7,448,30.3
2025-09-28T08:00,38.8,34.7,447,23.1
2025-09-28T09:00,30.6,27.0,445,13.1
2025-09-28T10:00,22.7,20.4,444,5.6
2025-09-28T11:00,17.9,16.6,444,3.1
2025-09-28T12:00,15.4,14.5,444,3.1
2025-09-28T13:00,13.8,13.1,444,3.7
2025-09-28T14:00,12.7,12.1,444,3.8
2025-09-28T15:00,12.0,11.4,444,4.5
2025-09-28T16:00,12.2,11.6,444,7.4
2025-09-28T17:00,16.6,15.8,445,14.1
2025-09-28T18:00,24.7,23.4,447,22.9
2025-09-28T19:00,26.2,25.0,448,26.4
2025-09-28T20:00,27.1,25.9,448,27.2
2025-09-28T21:00,30.2,28.8,447,28.5
2025-09-28T22:00,35.2,33.8,447,30.9
2025-09-28T23:00,43.5,42.0,447,35.2
2025-09-29T00:00,53.3,51.8,446,40.6
2025-09-29T01:00,64.5,62.9,449,45.2
2025-09-29T02:00,79.9,78.0,457,48.7
2025-09-29T03:00,93.6,91.5,468,51.5
2025-09-29T04:00,103.1,101.5,475,52.7
2025-09-29T05:00,113.2,111.5,475,52.8
2025-09-29T06:00,137.4,135.0,471,51.5
2025-09-29T07:00,82.0,78.5,466,35.6
2025-09-29T08:00,45.1,44.0,461,27.6
2025-09-29T09:00,41.3,40.0,455,16.6
2025-09-29T10:00,40.7,39.5,450,8.2
2025-09-29T11:00,40.3,39.0,447,4.8
2025-09-29T12:00,39.0,37.8,446,3.9
2025-09-29T13:00,36.4,35.3,445,4.4
2025-09-29T14:00,33.3,32.0,445,5.2
2025-09-29T15:00,33.9,32.2,446,7.3
2025-09-29T16:00,28.3,27.2,447,12.0
2025-09-29T17:00,29.2,28.1,449,20.8
2025-09-29T18:00,41.2,40.4,451,32.1
2025-09-29T19:00,59.0,58.3,452,35.5
2025-09-29T20:00,48.3,46.9,451,35.1
2025-09-29T21:00,54.9,53.3,449,34.5
2025-09-29T22:00,56.0,54.2,448,34.6
2025-09-29T23:00,59.1,56.9,447,35.9
2025-09-30T00:00,64.7,62.6,447,37.8
2025-09-30T01:00,57.6,55.8,448,39.4
2025-09-30T02:00,49.2,48.5,450,39.9
2025-09-30T03:00,47.1,46.7,452,40.0
2025-09-30T04:00,50.8,50.2,454,40.7
2025-09-30T05:00,60.3,59.4,456,43.9
2025-09-30T06:00,70.5,69.4,457,47.7
2025-09-30T07:00,63.1,62.4,457,34.7
2025-09-30T08:00,48.4,48.0,455,29.6
2025-09-30T09:00,39.8,39.2,452,22.7
2025-09-30T10:00,32.8,32.4,450,17.4
2025-09-30T11:00,27.5,26.8,449,15.5
2025-09-30T12:00,24.6,24.2,449,15.3
2025-09-30T13:00,19.3,19.1,449,15.4
2025-09-30T14:00,24.6,24.2,448,14.2
2025-09-30T15:00,20.4,20.1,448,13.4
2025-09-30T16:00,20.8,20.5,448,16.3
2025-09-30T17:00,25.5,25.3,449,26.1
2025-09-30T18:00,54.6,52.6,450,39.7
2025-09-30T19:00,74.5,72.4,452,58.3
2025-09-30T20:00,80.6,78.5,454,60.0
2025-09-30T21:00,89.6,87.8,456,62.3
2025-09-30T22:00,95.0,93.1,459,64.9
2025-09-30T23:00,102.7,100.6,465,68.1
2025-10-01T00:00,115.7,113.6,472,71.5
2025-10-01T01:00,135.0,132.7,478,73.1
2025-10-01T02:00,148.5,146.2,481,71.8
2025-10-01T03:00,136.9,134.6,482,68.7
2025-10-01T04:00,117.3,115.0,480,64.9
2025-10-01T05:00,105.5,103.1,475,61.3
2025-10-01T06:00,105.0,102.0,467,57.0
2025-10-01T07:00,118.0,113.2,460,56.6
2025-10-01T08:00,57.7,57.0,455,43.2
2025-10-01T09:00,35.3,35.3,450,24.8
2025-10-01T10:00,26.4,26.3,447,10.8
2025-10-01T11:00,19.0,18.9,446,5.4
2025-10-01T12:00,17.1,17.0,447,4.4
2025-10-01T13:00,16.0,15.8,448,4.9
2025-10-01T14:00,13.4,13.2,448,5.4
2025-10-01T15:00,17.2,17.0,449,7.4
2025-10-01T16:00,17.5,17.2,451,12.5
2025-10-01T17:00,24.0,22.9,457,22.3
2025-10-01T18:00,46.4,44.8,465,35.2
2025-10-01T19:00,70.3,68.2,473,50.6
2025-10-01T20:00,105.5,103.1,479,60.9
2025-10-01T21:00,137.8,135.0,484,75.1
2025-10-01T22:00,170.4,168.1,489,85.3
2025-10-01T23:00,191.9,189.5,497,87.6
2025-10-02T00:00,202.6,199.8,505,86.0
2025-10-02T01:00,191.4,189.1,509,84.0
2025-10-02T02:00,188.6,186.3,508,82.9
2025-10-02T03:00,181.6,179.3,503,81.4
2025-10-02T04:00,187.7,185.3,496,80.0
2025-10-02T05:00,210.9,208.6,488,80.7
2025-10-02T06:00,246.8,243.1,478,81.5
2025-10-02T07:00,145.3,139.7,469,77.3
2025-10-02T08:00,60.5,56.1,463,59.9
2025-10-02T09:00,43.8,40.9,459,35.8
2025-10-02T10:00,35.7,35.0,455,17.0
2025-10-02T11:00,32.2,31.7,452,8.8
2025-10-02T12:00,29.9,29.4,449,6.0
2025-10-02T13:00,26.9,26.4,448,4.9
2025-10-02T14:00,24.3,23.7,447,3.4
2025-10-02T15:00,22.3,21.8,447,3.6
2025-10-02T16:00,21.4,20.9,449,8.0
2025-10-02T17:00,32.0,31.4,453,19.1
2025-10-02T18:00,56.6,54.2,458,34.3
2025-10-02T19:00,75.2,72.9,462,45.2
2025-10-02T20:00,89.9,87.5,465,53.2
2025-10-02T21:00,111.1,108.5,466,64.2
2025-10-02T22:00,132.2,129.5,468,72.6
2025-10-02T23:00,150.9,148.5,470,75.8
2025-10-03T00:00,177.4,174.6,473,76.4
2025-10-03T01:00,207.2,204.4,473,75.9
2025-10-03T02:00,197.0,194.6,469,75.3
2025-10-03T03:00,181.6,178.8,462,73.8
2025-10-03T04:00,175.1,172.3,458,70.3
2025-10-03T05:00,177.0,173.7,458,64.7
2025-10-03T06:00,183.9,180.2,460,57.2
2025-10-03T07:00,158.3,153.2,460,50.6
2025-10-03T08:00,84.3,82.7,456,37.4
2025-10-03T09:00,68.7,67.8,449,19.3
2025-10-03T10:00,64.5,63.6,445,6.0
2025-10-03T11:00,60.5,59.8,445,2.2
2025-10-03T12:00,56.8,56.1,447,3.3
2025-10-03T13:00,54.6,54.0,449,5.2
2025-10-03T14:00,54.8,54.2,448,4.9
2025-10-03T15:00,56.8,56.2,446,5.4
2025-10-03T16:00,61.5,60.8,446,11.2
2025-10-03T17:00,85.2,84.8,449,25.9
2025-10-03T18:00,109.4,109.2,454,46.0
2025-10-03T19:00,160.7,160.2,458,73.2
2025-10-03T20:00,185.3,184.9,461,86.7
2025-10-03T21:00,200.7,200.2,464,105.2
2025-10-03T22:00,215.1,213.7,466,118.9
2025-10-03T23:00,219.3,217.0,466,123.8
2025-10-04T00:00,206.8,204.4,465,123.9
2025-10-04T01:00,188.6,188.1,464,121.3
2025-10-04T02:00,184.4,183.9,465,116.4
2025-10-04T03:00,171.4,169.5,467,108.8
2025-10-04T04:00,154.1,151.8,468,99.7
2025-10-04T05:00,149.5,147.1,467,89.4
2025-10-04T06:00,158.3,155.1,465,77.6
2025-10-04T07:00,112.0,107.3,462,60.4
2025-10-04T08:00,71.9,68.7,459,46.7
2025-10-04T09:00,53.2,51.1,456,27.7
2025-10-04T10:00,49.2,48.0,453,13.1
2025-10-04T11:00,49.2,48.3,452,7.3
2025-10-04T12:00,48.4,47.6,452,5.9
2025-10-04T13:00,47.5,46.7,451,5.7
2025-10-04T14:00,46.2,45.5,448,5.2
2025-10-04T15:00,44.6,43.8,445,5.9
2025-10-04T16:00,42.7,41.9,444,9.3
2025-10-04T17:00,46.4,45.6,447,16.9
2025-10-04T18:00,64.5,63.1,451,27.1
2025-10-04T19:00,70.1,68.7,455,41.2
2025-10-04T20:00,77.3,75.0,456,50.3
2025-10-04T21:00,91.5,88.9,457,63.0
2025-10-04T22:00,107.3,104.5,460,73.0
2025-10-04T23:00,118.7,115.9,469,77.9
2025-10-05T00:00,130.4,127.1,479,80.2
2025-10-05T01:00,143.0,140.2,486,81.1
2025-10-05T02:00,152.3,149.5,484,80.7
2025-10-05T03:00,157.9,155.1,479,79.1
2025-10-05T04:00,160.7,157.9,474,77.4
2025-10-05T05:00,167.2,164.8,474,78.3
2025-10-05T06:00,190.0,186.3,475,79.1
2025-10-05T07:00,136.4,131.3,473,59.5
2025-10-05T08:00,54.2,51.6,465,45.1
2025-10-05T09:00,30.3,29.9,454,25.2
2025-10-05T10:00,23.9,23.4,446,10.1
2025-10-05T11:00,21.4,20.8,444,4.6
2025-10-05T12:00,19.9,19.3,444,4.0
2025-10-05T13:00,18.5,17.8,445,4.4
2025-10-05T14:00,17.7,16.6,445,4.1
2025-10-05T15:00,17.7,16.2,445,4.8
2025-10-05T16:00,18.6,16.8,446,8.0
2025-10-05T17:00,22.3,20.3,447,15.1
2025-10-05T18:00,35.2,32.9,448,24.7
2025-10-05T19:00,48.7,46.4,450,35.3
2025-10-05T20:00,60.1,57.9,453,44.5
2025-10-05T21:00,80.3,77.8,456,57.3
2025-10-05T22:00,105.2,102.7,457,67.3
2025-10-05T23:00,125.7,123.4,455,71.9
2025-10-06T00:00,134.6,131.8,452,73.8
2025-10-06T01:00,126.7,123.9,450,74.3
2025-10-06T02:00,119.7,117.1,449,74.2
2025-10-06T03:00,110.6,108.3,448,72.8
2025-10-06T04:00,105.7,103.4,450,69.6
2025-10-06T05:00,109.4,106.9,456,64.5
2025-10-06T06:00,134.6,131.3,463,57.5
2025-10-06T07:00,91.5,87.3,467,51.8
2025-10-06T08:00,47.6,44.9,463,40.2
2025-10-06T09:00,33.8,33.2,454,24.1
2025-10-06T10:00,30.7,30.0,448,11.7
2025-10-06T11:00,27.4,26.8,446,6.6
2025-10-06T12:00,23.9,23.3,446,5.1
2025-10-06T13:00,20.6,20.0,446,4.8
2025-10-06T14:00,18.2,17.5,446,4.3
2025-10-06T15:00,16.8,16.0,446,5.0
2025-10-06T16:00,16.7,15.9,447,8.0
2025-10-06T17:00,23.2,22.6,449,14.6
2025-10-06T18:00,37.7,36.6,452,23.6
2025-10-06T19:00,40.5,39.1,453,29.9
2025-10-06T20:00,39.0,38.0,452,32.4
2025-10-06T21:00,43.3,42.0,449,36.0
2025-10-06T22:00,51.0,49.6,448,39.6
2025-10-06T23:00,56.9,55.4,449,43.0
2025-10-07T00:00,62.6,61.0,451,46.3
2025-10-07T01:00,69.2,67.5,455,49.1
2025-10-07T02:00,74.5,72.9,464,51.2
2025-10-07T03:00,78.5,77.1,476,52.8
2025-10-07T04:00,83.1,81.5,482,53.8
2025-10-07T05:00,94.8,93.1,479,55.6
2025-10-07T06:00,124.3,122.0,471,56.8
2025-10-07T07:00,109.4,105.9,464,48.0
2025-10-07T08:00,57.6,56.2,459,37.0
2025-10-07T09:00,46.1,45.1,455,21.8
2025-10-07T10:00,45.1,44.0,452,10.2
2025-10-07T11:00,43.8,42.7,449,5.8
2025-10-07T12:00,41.6,40.6,447,5.0
2025-10-07T13:00,39.8,38.9,446,5.2
2025-10-07T14:00,38.9,38.1,446,3.7
2025-10-07T15:00,38.2,37.4,446,3.2
2025-10-07T16:00,37.0,36.3,448,8.5
2025-10-07T17:00,41.3,40.5,451,24.3
2025-10-07T18:00,88.9,86.6,454,46.1
2025-10-07T19:00,166.7,165.8,459,76.8
2025-10-07T20:00,203.0,201.6,467,90.3
2025-10-07T21:00,216.1,211.9,476,108.2
2025-10-07T22:00,198.4,194.6,481,117.0
2025-10-07T23:00,172.3,168.6,477,108.2
2025-10-08T00:00,148.1,144.8,468,90.2
2025-10-08T01:00,124.3,121.5,462,74.6
2025-10-08T02:00,109.7,107.1,463,65.9
2025-10-08T03:00,108.3,105.7,466,59.6
2025-10-08T04:00,112.7,110.1,468,53.6
2025-10-08T05:00,117.1,114.8,467,47.7
2025-10-08T06:00,121.5,118.0,465,42.0
2025-10-08T07:00,81.0,76.1,463,33.7
2025-10-08T08:00,53.2,47.8,462,27.3
2025-10-08T09:00,42.0,38.5,460,18.3
2025-10-08T10:00,35.4,33.4,459,11.2
2025-10-08T11:00,31.4,30.0,458,7.6
2025-10-08T12:00,27.8,26.8,457,5.9
2025-10-08T13:00,27.8,26.9,456,5.2
2025-10-08T14:00,29.7,28.9,454,3.6
2025-10-08T15:00,32.2,31.3,451,3.2
2025-10-08T16:00,35.0,34.1,450,9.0
2025-10-08T17:00,49.2,48.3,451,25.9
2025-10-08T18:00,93.8,92.7,454,49.2
2025-10-08T19:00,138.8,137.4,457,63.6
2025-10-08T20:00,160.2,157.4,459,72.1
2025-10-08T21:00,173.2,168.1,460,83.8
2025-10-08T22:00,175.1,170.4,461,92.1
2025-10-08T23:00,177.4,173.2,463,94.4
2025-10-09T00:00,183.0,178.8,464,93.2
2025-10-09T01:00,185.8,182.1,466,90.1
2025-10-09T02:00,176.5,172.8,469,84.4
2025-10-09T03:00,162.1,158.8,472,76.6
2025-10-09T04:00,150.9,147.6,473,70.1
2025-10-09T05:00,152.7,149.5,472,67.7
2025-10-09T06:00,153.2,149.5,469,66.5
2025-10-09T07:00,98.3,94.1,466,45.4
2025-10-09T08:00,55.1,52.6,463,34.7
2025-10-09T09:00,42.1,39.6,460,20.0
2025-10-09T10:00,38.0,36.2,457,8.9
2025-10-09T11:00,35.9,34.5,455,5.0
2025-10-09T12:00,35.0,33.9,453,4.8
2025-10-09T13:00,34.5,33.3,451,5.3
2025-10-09T14:00,33.5,32.5,448,4.9
2025-10-09T15:00,32.8,31.8,446,5.3
2025-10-09T16:00,32.1,31.1,446,8.4
2025-10-09T17:00,38.6,37.6,450,15.2
2025-10-09T18:00,60.5,59.4,457,24.6
2025-10-09T19:00,67.5,64.5,462,30.1
2025-10-09T20:00,87.8,84.1,464,42.5
2025-10-09T21:00,118.0,114.3,464,59.5
2025-10-09T22:00,130.4,126.7,465,72.5
2025-10-09T23:00,142.5,138.3,468,77.7
2025-10-10T00:00,162.1,158.3,471,78.9
2025-10-10T01:00,158.3,154.6,474,78.0
2025-10-10T02:00,137.4,134.1,476,75.4
2025-10-10T03:00,130.4,127.1,478,70.8
2025-10-10T04:00,126.7,123.4,478,65.7
2025-10-10T05:00,130.9,128.1,475,61.1
2025-10-10T06:00,168.6,164.8,470,55.8
2025-10-10T07:00,86.6,82.4,465,44.2
2025-10-10T08:00,48.5,47.4,460,33.9
2025-10-10T09:00,37.5,36.8,455,19.6
2025-10-10T10:00,33.8,32.9,451,8.9
2025-10-10T11:00,32.9,32.2,449,5.0
2025-10-10T12:00,32.8,32.1,447,4.7
2025-10-10T13:00,33.4,32.7,446,5.1
2025-10-10T14:00,32.8,32.0,445,4.5
2025-10-10T15:00,30.9,30.0,444,4.6
2025-10-10T16:00,29.0,28.3,444,8.2
2025-10-10T17:00,32.6,31.9,444,17.5
2025-10-10T18:00,53.7,52.9,445,30.1
2025-10-10T19:00,82.4,80.1,446,49.3
2025-10-10T20:00,85.7,83.4,445,54.1
2025-10-10T21:00,89.2,87.1,444,60.8
2025-10-10T22:00,95.9,93.6,447,66.1
2025-10-10T23:00,101.0,98.7,457,68.8
2025-10-11T00:00,109.4,107.3,470,70.1
2025-10-11T01:00,117.6,115.5,480,70.5
2025-10-11T02:00,131.3,129.5,482,70.1
2025-10-11T03:00,142.0,140.2,480,68.8
2025-10-11T04:00,148.5,146.7,477,66.8
2025-10-11T05:00,159.3,157.4,473,65.1
2025-10-11T06:00,179.3,176.5,467,62.7
2025-10-11T07:00,100.4,96.4,461,52.4
2025-10-11T08:00,50.2,48.8,456,39.9
2025-10-11T09:00,32.4,31.8,451,22.6
2025-10-11T10:00,27.0,26.2,448,9.5
2025-10-11T11:00,25.5,24.7,446,4.8
2025-10-11T12:00,25.1,24.2,446,4.3
2025-10-11T13:00,23.6,22.8,446,4.7
2025-10-11T14:00,23.4,22.6,446,4.5
2025-10-11T15:00,22.1,21.3,446,5.1
2025-10-11T16:00,20.9,20.1,446,7.9
2025-10-11T17:00,21.9,20.7,446,13.9
2025-10-11T18:00,33.1,31.1,447,21.9
2025-10-11T19:00,53.1,50.4,447,34.8
2025-10-11T20:00,58.2,55.9,446,40.8
2025-10-11T21:00,72.6,70.3,444,49.2
2025-10-11T22:00,80.6,78.2,445,56.3
2025-10-11T23:00,90.3,88.0,453,61.2
2025-10-12T00:00,105.5,103.1,463,64.8
2025-10-12T01:00,112.9,110.8,471,66.8
2025-10-12T02:00,110.8,109.0,473,66.4
2025-10-12T03:00,117.1,115.3,473,64.3
2025-10-12T04:00,132.7,130.9,471,62.3
2025-10-12T05:00,148.5,146.7,469,62.4
2025-10-12T06:00,145.8,143.4,467,62.6
2025-10-12T07:00,103.4,98.5,463,55.9
2025-10-12T08:00,66.6,61.9,457,42.7
2025-10-12T09:00,43.5,41.2,451,24.4
2025-10-12T10:00,30.5,29.7,446,10.5
2025-10-12T11:00,24.6,24.0,444,5.0
2025-10-12T12:00,19.9,19.4,444,3.9
2025-10-12T13:00,15.3,15.0,444,3.8
2025-10-12T14:00,11.7,11.4,444,3.4
2025-10-12T15:00,10.0,9.7,444,4.1
2025-10-12T16:00,10.0,9.6,444,6.8
2025-10-12T17:00,12.2,11.4,445,12.8
2025-10-12T18:00,20.7,19.5,445,20.8
2025-10-12T19:00,26.9,26.1,446,29.1
2025-10-12T20:00,30.0,29.4,446,31.7
2025-10-12T21:00,33.9,33.2,445,35.5
2025-10-12T22:00,39.9,39.1,446,39.9
2025-10-12T23:00,51.0,49.9,449,45.7
2025-10-13T00:00,71.7,70.5,453,52.1
2025-10-13T01:00,93.8,92.7,458,56.5
2025-10-13T02:00,109.4,108.3,465,58.0
2025-10-13T03:00,129.5,128.5,473,57.6
2025-10-13T04:00,139.7,138.3,477,55.5
2025-10-13T05:00,130.4,129.0,476,52.1
2025-10-13T06:00,129.9,128.1,471,47.1
2025-10-13T07:00,76.6,73.3,466,44.7
2025-10-13T08:00,47.8,45.5,461,35.1
2025-10-13T09:00,36.4,35.5,455,21.9
2025-10-13T10:00,32.0,31.7,450,11.5
2025-10-13T11:00,27.3,26.9,447,6.7
2025-10-13T12:00,24.0,23.6,446,4.8
2025-10-13T13:00,22.9,22.5,445,4.3
2025-10-13T14:00,22.2,21.7,446,4.2
2025-10-13T15:00,21.5,21.1,447,5.4
2025-10-13T16:00,22.2,21.8,448,9.1
2025-10-13T17:00,24.1,23.9,448,16.5
2025-10-13T18:00,32.8,32.7,448,26.3
2025-10-13T19:00,39.2,38.6,448,36.0
2025-10-13T20:00,47.1,45.6,447,42.5
2025-10-13T21:00,58.1,56.5,446,51.5
2025-10-13T22:00,83.1,81.3,447,59.6
2025-10-13T23:00,109.4,107.6,453,65.7
2025-10-14T00:00,135.5,133.2,462,70.8
2025-10-14T01:00,162.5,160.7,469,74.1
2025-10-14T02:00,190.5,188.6,474,75.6
2025-10-14T03:00,188.6,186.3,477,75.3
2025-10-14T04:00,182.5,180.2,478,73.0
2025-10-14T05:00,200.7,198.8,474,68.8
2025-10-14T06:00,238.0,234.7,468,62.6
2025-10-14T07:00,86.8,84.8,462,45.0
2025-10-14T08:00,40.6,40.3,457,34.8
2025-10-14T09:00,34.1,33.9,453,20.7
2025-10-14T10:00,30.9,30.7,449,9.9
2025-10-14T11:00,27.4,27.3,447,5.5
2025-10-14T12:00,24.3,24.2,445,4.5
2025-10-14T13:00,21.2,21.1,444,4.3
2025-10-14T14:00,18.6,18.4,444,4.1
2025-10-14T15:00,16.9,16.6,444,4.8
2025-10-14T16:00,15.9,15.7,445,7.1
2025-10-14T17:00,16.2,15.9,446,11.4
2025-10-14T18:00,23.4,23.0,448,17.2
2025-10-14T19:00,29.2,28.5,450,28.7
2025-10-14T20:00,34.9,33.8,452,32.2
2025-10-14T21:00,41.6,40.4,453,37.4
2025-10-14T22:00,52.3,51.1,455,44.0
2025-10-14T23:00,62.2,61.0,457,53.4
2025-10-15T00:00,85.0,83.4,459,64.3
2025-10-15T01:00,118.7,117.1,462,71.6
2025-10-15T02:00,147.6,145.8,466,73.1
2025-10-15T03:00,169.5,167.6,470,71.1
2025-10-15T04:00,183.9,181.6,472,68.0
2025-10-15T05:00,177.9,176.5,469,65.4
2025-10-15T06:00,153.2,150.4,464,61.7
2025-10-15T07:00,99.7,95.2,460,54.5
2025-10-15T08:00,43.0,42.5,458,41.8
2025-10-15T09:00,35.7,35.6,456,24.3
2025-10-15T10:00,34.9,34.8,454,11.0
2025-10-15T11:00,33.6,33.5,451,5.9
2025-10-15T12:00,31.5,31.3,448,5.0
2025-10-15T13:00,29.0,28.9,446,5.2
2025-10-15T14:00,23.7,23.5,445,4.7
2025-10-15T15:00,20.0,19.8,445,5.2
2025-10-15T16:00,16.9,16.5,446,8.7
2025-10-15T17:00,21.8,21.6,447,17.7
2025-10-15T18:00,35.7,35.6,449,29.7
2025-10-15T19:00,68.7,67.3,453,47.1
2025-10-15T20:00,83.6,82.0,459,52.0
2025-10-15T21:00,96.4,94.8,468,58.9
2025-10-15T22:00,111.8,110.1,474,64.9
2025-10-15T23:00,121.5,120.1,478,68.9
2025-10-16T00:00,133.2,131.3,480,71.9
2025-10-16T01:00,135.5,134.1,481,74.4
2025-10-16T02:00,136.9,135.0,483,77.4
2025-10-16T03:00,139.7,137.8,483,79.8
2025-10-16T04:00,147.6,145.8,482,79.2
2025-10-16T05:00,155.5,153.7,477,74.7
2025-10-16T06:00,168.1,163.9,469,67.1
2025-10-16T07:00,96.6,94.5,462,49.0
2025-10-16T08:00,46.3,45.9,457,37.5
2025-10-16T09:00,34.5,34.2,453,21.7
2025-10-16T10:00,30.4,30.2,450,9.7
2025-10-16T11:00,27.5,27.3,447,5.2
2025-10-16T12:00,24.3,24.1,445,4.5
2025-10-16T13:00,21.6,21.4,444,4.8
2025-10-16T14:00,19.2,19.0,444,4.7
2025-10-16T15:00,16.9,16.7,445,5.5
2025-10-16T16:00,17.5,16.9,446,8.5
2025-10-16T17:00,26.4,26.1,446,14.4
2025-10-16T18:00,35.7,35.5,445,22.5
2025-10-16T19:00,50.2,49.2,445,38.1
2025-10-16T20:00,64.0,63.1,445,49.0
2025-10-16T21:00,85.0,83.8,446,64.0
2025-10-16T22:00,123.4,121.5,449,75.0
2025-10-16T23:00,129.9,128.1,458,78.4
2025-10-17T00:00,136.9,135.0,469,77.8
2025-10-17T01:00,145.3,143.0,478,76.1
2025-10-17T02:00,147.6,145.8,482,74.2
2025-10-17T03:00,148.1,146.7,483,71.1
2025-10-17T04:00,146.7,144.8,482,67.3
2025-10-17T05:00,149.5,148.1,478,63.3
2025-10-17T06:00,155.5,152.3,473,58.5
2025-10-17T07:00,105.9,100.6,467,49.6
2025-10-17T08:00,63.3,59.8,462,38.4
2025-10-17T09:00,41.1,39.8,456,22.8
2025-10-17T10:00,34.9,34.0,452,10.9
2025-10-17T11:00,33.2,32.4,449,6.0
2025-10-17T12:00,30.6,30.0,446,4.7
2025-10-17T13:00,26.7,26.2,444,4.5
2025-10-17T14:00,22.1,21.7,443,4.4
2025-10-17T15:00,17.9,17.6,443,5.3
2025-10-17T16:00,15.1,14.9,444,8.1
2025-10-17T17:00,15.3,15.0,445,13.0
2025-10-17T18:00,21.9,21.1,448,19.8
2025-10-17T19:00,43.9,43.0,449,34.3
2025-10-17T20:00,54.8,54.0,449,39.1
2025-10-17T21:00,68.2,67.3,449,45.7
2025-10-17T22:00,70.3,69.4,449,51.3
2025-10-17T23:00,63.3,62.4,448,54.5
2025-10-18T00:00,70.3,69.4,447,56.5
2025-10-18T01:00,95.5,94.3,450,58.4
2025-10-18T02:00,110.6,109.4,460,61.2
2025-10-18T03:00,117.6,116.4,474,63.7
2025-10-18T04:00,125.3,123.9,481,63.6
2025-10-18T05:00,134.6,133.6,477,59.7
2025-10-18T06:00,145.3,142.5,466,53.1
2025-10-18T07:00,95.5,94.3,458,45.5
2025-10-18T08:00,46.1,46.1,454,35.5
2025-10-18T09:00,33.3,33.2,453,21.7
2025-10-18T10:00,29.3,29.1,451,11.0
2025-10-18T11:00,28.8,28.5,449,6.6
2025-10-18T12:00,28.2,27.9,447,5.3
2025-10-18T13:00,26.5,26.3,445,5.0
2025-10-18T14:00,24.8,24.5,444,4.2
2025-10-18T15:00,22.1,21.8,444,4.4
2025-10-18T16:00,19.6,19.2,444,7.7
2025-10-18T17:00,20.1,19.7,446,15.6
2025-10-18T18:00,41.1,39.5,448,26.5
2025-10-18T19:00,41.6,40.0,451,33.3
2025-10-18T20:00,56.7,55.4,454,46.4
2025-10-18T21:00,85.7,84.1,458,64.4
2025-10-18T22:00,115.7,113.9,462,77.5
2025-10-18T23:00,131.3,129.5,467,81.0
2025-10-19T00:00,151.8,149.9,472,79.6
2025-10-19T01:00,174.6,172.8,476,77.9
2025-10-19T02:00,193.7,191.4,478,77.9
2025-10-19T03:00,202.1,199.8,478,77.6
2025-10-19T04:00,201.2,199.3,476,75.2
2025-10-19T05:00,187.7,185.8,472,70.3
2025-10-19T06:00,182.5,179.7,466,63.4
2025-10-19T07:00,112.9,110.1,460,51.3
2025-10-19T08:00,57.6,56.9,456,38.9
2025-10-19T09:00,44.1,43.3,452,21.7
2025-10-19T10:00,42.4,41.6,449,8.8
2025-10-19T11:00,43.5,42.7,448,4.2
2025-10-19T12:00,43.3,42.5,448,3.9
2025-10-19T13:00,41.1,40.4,449,4.3
2025-10-19T14:00,38.2,37.5,449,4.2
2025-10-19T15:00,35.2,34.5,450,5.0
2025-10-19T16:00,33.2,32.2,451,7.1
2025-10-19T17:00,32.5,31.5,453,11.6
2025-10-19T18:00,42.0,39.7,455,17.4
2025-10-19T19:00,55.8,54.6,457,28.4
2025-10-19T20:00,61.2,58.9,459,27.9
2025-10-19T21:00,63.1,61.0,461,27.4
2025-10-19T22:00,63.8,61.2,463,27.9
2025-10-19T23:00,76.6,74.3,463,30.6
2025-10-20T00:00,87.3,85.0,463,34.5
2025-10-20T01:00,82.4,80.3,463,37.3
2025-10-20T02:00,78.9,76.8,464,38.1
2025-10-20T03:00,78.9,76.6,465,37.9
2025-10-20T04:00,75.9,73.6,465,37.3
2025-10-20T05:00,68.2,66.1,465,37.0
2025-10-20T06:00,60.5,58.3,465,36.4
2025-10-20T07:00,84.3,79.9,463,40.4
2025-10-20T08:00,58.3,56.3,459,31.7
2025-10-20T09:00,48.9,47.8,453,19.6
2025-10-20T10:00,32.1,31.4,449,10.4
2025-10-20T11:00,24.1,23.5,447,6.5
2025-10-20T12:00,17.7,17.2,447,5.4
2025-10-20T13:00,13.9,13.4,447,5.7
2025-10-20T14:00,14.0,13.2,446,6.6
2025-10-20T15:00,15.6,14.9,446,9.0
2025-10-20T16:00,21.2,20.5,446,13.9
2025-10-20T17:00,23.7,22.9,446,23.4
2025-10-20T18:00,36.1,34.9,447,35.6
2025-10-20T19:00,57.2,55.5,448,50.1
2025-10-20T20:00,79.9,78.2,449,55.5
2025-10-20T21:00,98.7,97.1,450,62.9
2025-10-20T22:00,111.8,109.9,451,68.2
2025-10-20T23:00,120.1,118.5,451,69.4
2025-10-21T00:00,139.7,137.8,451,68.6
2025-10-21T01:00,159.3,157.4,451,67.9
2025-10-21T02:00,152.3,150.4,453,68.1
2025-10-21T03:00,156.9,155.1,457,68.4
2025-10-21T04:00,173.7,171.4,458,68.1
2025-10-21T05:00,188.1,186.3,456,68.4
2025-10-21T06:00,194.2,190.9,452,68.1
2025-10-21T07:00,85.7,82.0,449,56.4
2025-10-21T08:00,53.8,51.5,447,45.2
2025-10-21T09:00,34.1,33.8,446,29.9
2025-10-21T10:00,32.4,32.0,446,19.0
2025-10-21T11:00,32.1,31.8,446,17.0
2025-10-21T12:00,29.9,29.6,447,19.4
2025-10-21T13:00,34.3,34.2,447,21.6
2025-10-21T14:00,27.0,26.4,446,21.2
2025-10-21T15:00,25.0,24.0,445,20.6
2025-10-21T16:00,25.1,24.1,445,22.7
2025-10-21T17:00,30.4,29.2,447,29.7
2025-10-21T18:00,46.8,45.2,451,39.3
2025-10-21T19:00,59.6,58.6,455,55.4
2025-10-21T20:00,56.2,55.1,459,54.2
2025-10-21T21:00,59.8,58.7,464,52.5
2025-10-21T22:00,61.2,60.1,467,51.1
2025-10-21T23:00,74.7,73.6,469,50.2
2025-10-22T00:00,71.0,69.8,471,49.5
2025-10-22T01:00,64.5,63.6,471,48.9
2025-10-22T02:00,58.9,57.9,469,48.8
2025-10-22T03:00,55.1,54.0,464,48.9
2025-10-22T04:00,58.1,57.2,461,48.1
2025-10-22T05:00,58.6,57.6,459,46.4
2025-10-22T06:00,60.1,59.0,458,43.8
2025-10-22T07:00,42.4,41.0,456,40.6
2025-10-22T08:00,39.7,38.4,452,39.8
2025-10-22T09:00,39.0,37.7,448,38.4
2025-10-22T10:00,43.4,42.4,446,35.1
2025-10-22T11:00,32.0,31.9,448,27.7
2025-10-22T12:00,31.2,31.1,452,18.4
2025-10-22T13:00,24.9,24.7,455,12.2
2025-10-22T14:00,23.8,23.6,456,10.9
2025-10-22T15:00,23.6,23.5,457,12.8
2025-10-22T16:00,23.9,23.3,458,17.8
2025-10-22T17:00,35.9,34.5,459,27.3
2025-10-22T18:00,58.7,57.0,461,39.9
2025-10-22T19:00,81.0,78.9,463,51.0
2025-10-22T20:00,85.0,82.9,466,56.1
2025-10-22T21:00,103.4,101.0,469,63.1
2025-10-22T22:00,122.0,119.7,472,68.8
2025-10-22T23:00,130.4,128.1,474,71.4
2025-10-23T00:00,129.0,127.1,477,72.6
2025-10-23T01:00,130.9,128.5,480,74.4
2025-10-23T02:00,141.1,139.2,487,78.8
2025-10-23T03:00,153.7,151.3,495,83.7
2025-10-23T04:00,178.3,176.0,497,84.6
2025-10-23T05:00,192.3,190.0,488,79.1
2025-10-23T06:00,195.6,191.4,474,69.7
2025-10-23T07:00,85.9,82.7,463,38.9
2025-10-23T08:00,48.7,47.7,461,30.4
2025-10-23T09:00,38.0,37.1,463,18.8
2025-10-23T10:00,33.5,33.3,464,10.1
2025-10-23T11:00,34.0,33.9,463,7.1
2025-10-23T12:00,32.1,32.0,462,7.1
2025-10-23T13:00,35.0,34.9,460,8.0
2025-10-23T14:00,36.8,36.8,457,8.8
2025-10-23T15:00,39.5,39.5,454,10.6
2025-10-23T16:00,45.1,45.1,454,14.1
2025-10-23T17:00,50.6,50.6,460,20.9
2025-10-23T18:00,69.2,69.2,470,29.4
2025-10-23T19:00,100.1,100.1,477,55.6
2025-10-23T20:00,88.5,88.5,480,52.8
2025-10-23T21:00,107.8,107.6,482,49.2
2025-10-23T22:00,92.2,92.0,482,47.3
2025-10-23T23:00,91.5,91.3,481,48.9
2025-10-24T00:00,94.1,93.6,480,52.4
2025-10-24T01:00,97.3,97.1,477,55.4
2025-10-24T02:00,93.1,92.7,473,57.8
2025-10-24T03:00,94.5,94.1,468,59.7
2025-10-24T04:00,92.4,91.3,464,59.5
2025-10-24T05:00,96.4,94.1,464,56.4
2025-10-24T06:00,90.6,88.2,465,51.2
2025-10-24T07:00,65.4,64.5,465,42.5
2025-10-24T08:00,36.0,36.0,463,34.1
2025-10-24T09:00,31.8,31.7,460,22.4
2025-10-24T10:00,31.3,31.3,457,13.0
2025-10-24T11:00,30.5,30.5,455,7.9
2025-10-24T12:00,27.3,27.3,454,5.2
2025-10-24T13:00,21.7,21.6,452,4.6
2025-10-24T14:00,17.5,17.3,450,6.4
2025-10-24T15:00,21.1,21.0,448,10.2
2025-10-24T16:00,27.9,27.8,447,15.2
2025-10-24T17:00,37.0,36.9,449,21.5
2025-10-24T18:00,56.6,56.5,453,28.8
2025-10-24T19:00,53.1,53.0,457,29.2
2025-10-24T20:00,55.9,55.6,462,30.3
2025-10-24T21:00,60.3,60.3,469,31.8
2025-10-24T22:00,64.0,64.0,473,33.7
2025-10-24T23:00,60.5,60.3,474,35.7
2025-10-25T00:00,73.1,72.9,473,38.1
2025-10-25T01:00,75.4,75.0,474,41.3
2025-10-25T02:00,78.7,78.2,479,46.9
2025-10-25T03:00,87.5,86.4,486,53.3
2025-10-25T04:00,95.2,93.1,489,56.0
2025-10-25T05:00,107.6,104.8,483,52.6
2025-10-25T06:00,113.9,111.3,473,45.5
2025-10-25T07:00,83.1,82.4,464,39.1
2025-10-25T08:00,65.7,65.2,459,32.7
2025-10-25T09:00,47.4,46.8,456,23.8
2025-10-25T10:00,40.3,39.6,454,16.2
2025-10-25T11:00,40.2,39.5,453,11.3
2025-10-25T12:00,41.7,41.0,453,7.7
2025-10-25T13:00,41.7,41.0,453,5.7
2025-10-25T14:00,41.2,40.5,451,5.1
2025-10-25T15:00,40.6,39.9,449,6.1
2025-10-25T16:00,41.0,40.2,449,9.1
2025-10-25T17:00,56.8,56.1,453,14.9
2025-10-25T18:00,65.4,65.0,460,22.8
2025-10-25T19:00,77.8,77.5,466,35.8
2025-10-25T20:00,70.1,69.8,470,37.2
2025-10-25T21:00,76.8,76.8,474,39.1
2025-10-25T22:00,84.5,84.3,476,41.0
2025-10-25T23:00,81.5,81.3,477,42.2
2025-10-26T00:00,76.4,76.1,477,43.4
2025-10-26T01:00,80.3,79.6,475,45.3
2025-10-26T02:00,83.6,82.2,471,49.5
2025-10-26T03:00,95.5,93.8,466,54.6
2025-10-26T04:00,108.0,106.4,462,56.7
2025-10-26T05:00,122.0,120.1,460,54.2
2025-10-26T06:00,135.5,133.2,458,48.7
2025-10-26T07:00,76.1,75.9,457,39.8
2025-10-26T08:00,56.1,55.8,456,33.1
2025-10-26T09:00,52.4,52.0,456,23.9
2025-10-26T10:00,50.3,49.9,456,16.0
2025-10-26T11:00,41.6,41.3,455,10.9
2025-10-26T12:00,39.7,39.5,453,7.2
2025-10-26T13:00,40.2,39.9,452,5.2
2025-10-26T14:00,40.3,40.0,451,4.4
2025-10-26T15:00,38.9,38.6,450,5.3
2025-10-26T16:00,38.5,38.3,450,8.9
2025-10-26T17:00,72.2,71.7,451,17.4
2025-10-26T18:00,65.4,65.2,454,28.6
2025-10-26T19:00,63.1,63.1,458,32.9
2025-10-26T20:00,62.6,62.6,465,35.1
2025-10-26T21:00,66.4,66.1,475,38.1
2025-10-26T22:00,74.0,74.0,482,41.0
2025-10-26T23:00,78.7,78.7,487,43.4
2025-10-27T00:00,79.6,79.6,490,45.6
2025-10-27T01:00,82.9,82.7,491,47.5
2025-10-27T02:00,77.3,77.1,489,49.2
2025-10-27T03:00,90.3,90.3,484,50.6
2025-10-27T04:00,91.5,91.3,479,51.0
2025-10-27T05:00,115.7,114.1,472,50.5
2025-10-27T06:00,98.3,97.3,464,49.0
2025-10-27T07:00,64.7,64.7,459,39.3
2025-10-27T08:00,41.6,41.4,458,32.7
2025-10-27T09:00,32.8,32.7,460,23.4
2025-10-27T10:00,31.8,31.7,461,15.9
2025-10-27T11:00,29.8,29.7,459,11.7
2025-10-27T12:00,27.8,27.8,456,9.1
2025-10-27T13:00,27.1,27.1,454,7.8
2025-10-27T14:00,28.1,28.0,455,6.2
2025-10-27T15:00,30.0,29.9,457,5.9
2025-10-27T16:00,31.5,31.4,460,10.4
2025-10-27T17:00,44.8,44.7,463,23.9
2025-10-27T18:00,65.9,65.7,467,42.3
2025-10-27T19:00,73.8,73.6,469,34.9
2025-10-27T20:00,87.8,87.5,468,40.4
2025-10-27T21:00,112.2,111.1,466,47.7
2025-10-27T22:00,123.4,121.1,464,51.7
2025-10-27T23:00,108.5,107.3,463,48.8
2025-10-28T00:00,106.9,106.2,462,42.6
2025-10-28T01:00,106.9,105.9,461,38.6
2025-10-28T02:00,111.5,110.1,458,40.3
2025-10-28T03:00,118.3,115.7,454,44.3
2025-10-28T04:00,120.6,118.0,451,46.0
2025-10-28T05:00,125.7,122.9,451,43.6
2025-10-28T06:00,128.1,125.3,452,38.9
2025-10-28T07:00,91.5,91.3,452,28.1
2025-10-28T08:00,81.0,80.8,451,21.6
2025-10-28T09:00,67.1,66.8,449,12.6
2025-10-28T10:00,48.9,48.8,448,6.3
2025-10-28T11:00,39.3,39.2,447,4.6
2025-10-28T12:00,36.6,36.3,446,5.5
2025-10-28T13:00,36.0,35.6,445,8.1
2025-10-28T14:00,37.6,37.3,444,12.2
2025-10-28T15:00,40.3,39.9,444,18.1
2025-10-28T16:00,46.3,46.0,446,25.6
2025-10-28T17:00,56.0,55.5,451,36.8
2025-10-28T18:00,76.1,75.2,457,49.5
2025-10-28T19:00,79.4,79.2,462,38.1
2025-10-28T20:00,95.7,95.2,465,45.1
2025-10-28T21:00,111.3,109.9,467,54.9
2025-10-28T22:00,122.5,119.7,468,62.8
2025-10-28T23:00,140.6,137.8,468,67.1
2025-10-29T00:00,139.2,136.4,466,69.6
2025-10-29T01:00,143.0,139.7,466,70.6
2025-10-29T02:00,158.3,155.1,469,70.3
2025-10-29T03:00,153.2,150.4,472,68.7
2025-10-29T04:00,137.4,134.6,474,65.8
2025-10-29T05:00,139.7,136.9,472,62.4
2025-10-29T06:00,141.1,138.3,469,57.9
2025-10-29T07:00,93.8,92.7,465,43.5
2025-10-29T08:00,72.4,72.4,462,33.7
2025-10-29T09:00,56.2,56.1,459,20.3
2025-10-29T10:00,50.8,50.8,457,10.2
2025-10-29T11:00,45.2,45.2,456,6.6
2025-10-29T12:00,45.5,45.5,456,6.4
2025-10-29T13:00,38.4,38.4,456,7.3
2025-10-29T14:00,28.8,28.7,455,7.8
2025-10-29T15:00,28.0,27.9,454,9.4
2025-10-29T16:00,34.7,34.6,455,14.3
2025-10-29T17:00,54.0,54.0,461,25.8
2025-10-29T18:00,82.9,82.9,469,40.7
2025-10-29T19:00,103.4,101.7,477,59.4
2025-10-29T20:00,120.1,118.5,484,65.2
2025-10-29T21:00,143.4,142.0,490,73.4
2025-10-29T22:00,160.7,158.8,494,81.3
2025-10-29T23:00,161.6,159.7,495,88.3
2025-10-30T00:00,171.4,168.6,494,95.1
2025-10-30T01:00,182.1,179.3,491,100.9
2025-10-30T02:00,196.0,193.2,485,106.9
2025-10-30T03:00,219.8,217.0,478,111.9
2025-10-30T04:00,239.3,236.6,471,111.3
2025-10-30T05:00,251.5,248.7,465,102.2
2025-10-30T06:00,247.7,244.9,460,87.4
2025-10-30T07:00,101.3,98.0,456,47.4
2025-10-30T08:00,48.5,47.8,453,39.1
2025-10-30T09:00,34.3,34.2,450,27.5
2025-10-30T10:00,30.4,30.4,449,18.1
2025-10-30T11:00,29.7,29.7,450,12.8
2025-10-30T12:00,26.1,26.1,452,9.6
2025-10-30T13:00,22.6,22.6,453,8.2
2025-10-30T14:00,21.0,21.0,453,8.4
2025-10-30T15:00,20.1,20.1,452,10.5
2025-10-30T16:00,21.3,21.2,452,14.4
2025-10-30T17:00,36.8,35.6,454,20.8
2025-10-30T18:00,70.8,68.9,456,29.2
2025-10-30T19:00,53.1,52.7,458,33.6
2025-10-30T20:00,50.5,50.3,460,33.3
2025-10-30T21:00,56.6,56.2,461,32.9
2025-10-30T22:00,52.2,51.8,462,32.9
2025-10-30T23:00,53.9,53.6,462,32.9
2025-10-31T00:00,50.2,49.9,462,33.2
2025-10-31T01:00,48.3,48.3,462,35.1
2025-10-31T02:00,55.3,55.2,463,40.2
2025-10-31T03:00,68.9,67.8,464,46.8
2025-10-31T04:00,71.5,69.6,464,51.0
2025-10-31T05:00,77.3,74.5,461,51.0
2025-10-31T06:00,85.0,82.2,457,48.6
2025-10-31T07:00,48.5,47.8,453,36.7
2025-10-31T08:00,24.7,24.2,450,29.9
2025-10-31T09:00,18.9,18.7,449,20.5
2025-10-31T10:00,16.2,16.1,447,13.2
2025-10-31T11:00,14.4,14.4,446,9.6
2025-10-31T12:00,14.3,14.2,445,8.0
2025-10-31T13:00,14.3,14.1,445,8.0
2025-10-31T14:00,22.6,22.4,445,8.6
2025-10-31T15:00,21.9,21.8,446,10.7
2025-10-31T16:00,25.3,25.1,447,16.4
2025-10-31T17:00,35.9,35.7,450,28.4
2025-10-31T18:00,60.1,59.4,455,44.1
2025-10-31T19:00,47.4,45.9,458,41.0
2025-10-31T20:00,48.0,46.6,459,46.7
2025-10-31T21:00,55.8,54.5,459,54.6
2025-10-31T22:00,81.7,80.1,459,60.0
2025-10-31T23:00,96.6,95.0,460,61.1
2025-11-01T00:00,113.9,112.0,462,59.8
2025-11-01T01:00,94.5,92.7,464,56.8
2025-11-01T02:00,48.9,48.4,466,51.4
2025-11-01T03:00,29.5,29.3,468,44.2
2025-11-01T04:00,36.4,35.9,467,38.3
2025-11-01T05:00,51.8,50.5,462,35.0
2025-11-01T06:00,43.4,42.1,456,33.0
2025-11-01T07:00,42.4,41.0,450,32.9
2025-11-01T08:00,29.0,27.6,447,29.7
2025-11-01T09:00,22.5,21.5,446,25.1
2025-11-01T10:00,20.6,20.3,445,20.5
2025-11-01T11:00,17.2,17.1,444,15.4
2025-11-01T12:00,16.5,16.4,444,10.2
2025-11-01T13:00,15.8,15.8,444,7.9
2025-11-01T14:00,15.0,14.9,443,8.9
2025-11-01T15:00,13.2,13.1,442,12.6
2025-11-01T16:00,25.7,25.6,443,20.5
2025-11-01T17:00,33.5,32.8,448,36.0
2025-11-01T18:00,60.1,58.2,454,55.7
2025-11-01T19:00,60.8,59.4,459,45.7
2025-11-01T20:00,44.7,43.7,460,43.5
2025-11-01T21:00,40.2,39.7,458,40.5
2025-11-01T22:00,43.0,42.0,458,39.6
2025-11-01T23:00,53.8,52.5,459,43.1
2025-11-02T00:00,65.2,63.8,462,48.5
2025-11-02T01:00,75.9,74.5,464,51.4
2025-11-02T02:00,78.2,76.8,467,49.1
2025-11-02T03:00,70.1,68.9,470,44.3
2025-11-02T04:00,62.4,61.2,471,40.3
2025-11-02T05:00,65.7,64.5,467,39.2
2025-11-02T06:00,74.5,72.9,461,39.0
2025-11-02T07:00,75.7,74.3,455,36.8
2025-11-02T08:00,43.5,43.5,452,30.2
2025-11-02T09:00,31.1,31.1,449,21.0
2025-11-02T10:00,26.8,26.8,447,13.4
2025-11-02T11:00,24.4,24.4,446,8.7
2025-11-02T12:00,23.2,23.2,445,5.6
2025-11-02T13:00,20.8,20.7,445,4.4
2025-11-02T14:00,17.7,17.6,446,3.9
2025-11-02T15:00,18.7,18.5,448,5.3
2025-11-02T16:00,18.0,17.8,450,12.9
2025-11-02T17:00,24.5,23.6,451,31.5
2025-11-02T18:00,61.7,59.4,453,56.3
2025-11-02T19:00,109.9,106.9,455,73.7
2025-11-02T20:00,124.8,121.5,460,79.7
2025-11-02T21:00,137.8,134.6,465,88.1
2025-11-02T22:00,154.1,150.4,469,94.1
2025-11-02T23:00,180.2,176.5,469,95.9
2025-11-03T00:00,182.5,178.8,466,95.4
2025-11-03T01:00,183.9,180.7,465,94.0
2025-11-03T02:00,189.1,185.8,468,92.9
2025-11-03T03:00,183.9,181.1,471,90.8
2025-11-03T04:00,175.1,172.3,473,85.4
2025-11-03T05:00,179.7,177.4,470,74.6
2025-11-03T06:00,213.7,209.1,465,60.5
2025-11-03T07:00,107.6,105.7,460,47.5
2025-11-03T08:00,58.7,58.7,457,38.0
2025-11-03T09:00,46.9,46.9,455,24.9
2025-11-03T10:00,43.2,43.2,453,14.6
2025-11-03T11:00,35.9,35.9,452,9.7
2025-11-03T12:00,33.1,33.1,452,7.5
2025-11-03T13:00,34.0,33.9,452,6.6
2025-11-03T14:00,36.8,36.8,452,6.4
2025-11-03T15:00,32.1,32.0,452,7.4
2025-11-03T16:00,36.1,36.0,454,10.2
2025-11-03T17:00,64.5,64.5,458,15.8
2025-11-03T18:00,65.4,65.4,463,23.2
2025-11-03T19:00,115.9,115.9,470,56.3
2025-11-03T20:00,115.5,115.5,480,55.2
2025-11-03T21:00,113.6,113.2,491,53.9
2025-11-03T22:00,129.9,129.5,496,53.9
2025-11-03T23:00,145.3,143.9,491,56.3
2025-11-04T00:00,149.9,148.1,479,59.9
2025-11-04T01:00,156.0,152.7,471,63.4
2025-11-04T02:00,161.6,158.8,469,67.2
2025-11-04T03:00,172.8,170.0,470,70.8
2025-11-04T04:00,176.5,173.2,470,70.9
2025-11-04T05:00,171.8,169.0,469,65.7
2025-11-04T06:00,206.3,202.1,467,57.0
2025-11-04T07:00,134.1,133.2,464,50.5
2025-11-04T08:00,97.6,97.3,460,39.0
2025-11-04T09:00,83.8,83.6,455,23.1
2025-11-04T10:00,73.1,72.9,451,11.0
2025-11-04T11:00,65.7,65.4,449,6.4
2025-11-04T12:00,62.4,62.2,448,5.7
2025-11-04T13:00,60.8,60.5,448,6.3
2025-11-04T14:00,59.3,59.1,447,7.2
2025-11-04T15:00,54.8,54.7,446,9.3
2025-11-04T16:00,57.2,57.0,449,13.3
2025-11-04T17:00,68.0,67.8,460,20.9
2025-11-04T18:00,81.3,81.3,474,30.3
2025-11-04T19:00,78.7,78.5,484,32.3
2025-11-04T20:00,75.9,75.7,486,36.1
2025-11-04T21:00,96.9,96.4,483,41.5
2025-11-04T22:00,108.7,108.0,479,46.0
2025-11-04T23:00,115.7,113.9,476,48.9
2025-11-05T00:00,117.3,114.8,471,51.0
2025-11-05T01:00,114.3,112.2,468,52.4
2025-11-05T02:00,102.2,100.4,466,53.1
2025-11-05T03:00,96.6,94.8,465,53.0
2025-11-05T04:00,108.0,106.2,464,51.9
2025-11-05T05:00,136.0,133.6,463,50.1
2025-11-05T06:00,140.2,137.4,462,47.2
2025-11-05T07:00,92.2,89.9,460,47.8
2025-11-05T08:00,68.0,65.7,456,38.0
2025-11-05T09:00,46.7,44.9,452,24.5
2025-11-05T10:00,44.0,43.7,448,13.8
2025-11-05T11:00,47.5,47.1,445,8.5
2025-11-05T12:00,48.7,48.3,443,6.1
2025-11-05T13:00,45.9,45.6,442,5.3
2025-11-05T14:00,42.7,42.4,441,6.0
2025-11-05T15:00,43.5,43.2,440,8.4
2025-11-05T16:00,44.4,44.1,444,12.0
2025-11-05T17:00,59.8,59.5,454,17.0
2025-11-05T18:00,61.0,60.5,469,23.3
2025-11-05T19:00,69.8,69.4,481,29.6
2025-11-05T20:00,83.1,82.7,489,37.1
2025-11-05T21:00,99.9,98.3,494,47.4
2025-11-05T22:00,106.6,105.0,498,55.1
2025-11-05T23:00,101.7,100.1,500,57.7
2025-11-06T00:00,97.6,95.9,500,57.8
2025-11-06T01:00,99.9,98.3,498,57.4
2025-11-06T02:00,103.6,102.0,492,57.2
2025-11-06T03:00,109.4,107.8,484,56.5
2025-11-06T04:00,118.5,116.6,477,55.6
2025-11-06T05:00,125.3,123.4,472,55.4
2025-11-06T06:00,126.7,124.3,468,55.0
2025-11-06T07:00,127.1,124.8,465,60.8
2025-11-06T08:00,75.0,72.9,461,49.4
2025-11-06T09:00,61.9,59.1,458,33.5
2025-11-06T10:00,49.5,46.9,456,20.7
2025-11-06T11:00,46.1,44.9,456,13.7
2025-11-06T12:00,49.4,48.8,456,9.8
2025-11-06T13:00,46.0,45.4,456,7.7
2025-11-06T14:00,41.2,40.7,454,5.8
2025-11-06T15:00,40.2,39.8,450,5.8
2025-11-06T16:00,43.4,43.0,449,11.6
2025-11-06T17:00,57.5,57.2,451,27.3
2025-11-06T18:00,90.8,90.6,456,48.8
2025-11-06T19:00,108.0,106.6,459,51.3
2025-11-06T20:00,95.5,94.1,461,48.6
2025-11-06T21:00,78.9,78.7,461,44.9
2025-11-06T22:00,84.8,83.4,462,42.3
2025-11-06T23:00,79.2,77.5,462,41.3
2025-11-07T00:00,68.5,67.3,463,41.4
2025-11-07T01:00,62.2,61.0,464,42.6
2025-11-07T02:00,67.8,66.6,467,46.3
2025-11-07T03:00,76.4,75.0,471,51.1
2025-11-07T04:00,99.2,97.8,473,53.7
2025-11-07T05:00,127.6,125.7,471,52.8
2025-11-07T06:00,127.6,124.8,466,49.5
2025-11-07T07:00,100.4,96.4,462,47.9
2025-11-07T08:00,59.3,57.9,461,40.1
2025-11-07T09:00,40.7,39.9,460,29.1
2025-11-07T10:00,33.5,33.4,458,19.7
2025-11-07T11:00,33.2,33.1,453,13.0
2025-11-07T12:00,37.3,37.1,448,7.9
2025-11-07T13:00,38.9,38.8,444,5.7
2025-11-07T14:00,37.5,37.4,443,7.4
2025-11-07T15:00,38.0,37.8,444,12.0
2025-11-07T16:00,43.7,43.5,446,18.2
2025-11-07T17:00,49.8,49.7,449,27.1
2025-11-07T18:00,60.8,60.5,452,37.6
2025-11-07T19:00,76.4,76.4,457,47.0
2025-11-07T20:00,88.7,88.7,465,52.9
2025-11-07T21:00,103.1,103.1,473,61.2
2025-11-07T22:00,117.6,116.9,480,68.5
2025-11-07T23:00,116.6,115.9,482,73.7
2025-11-08T00:00,125.3,123.9,482,77.9
2025-11-08T01:00,147.1,143.9,483,81.7
2025-11-08T02:00,168.6,164.4,489,86.9
2025-11-08T03:00,173.2,169.5,496,91.6
2025-11-08T04:00,182.1,178.3,497,91.1
2025-11-08T05:00,197.9,194.6,486,82.3
2025-11-08T06:00,197.4,192.8,468,68.3
2025-11-08T07:00,126.7,126.2,455,58.4
2025-11-08T08:00,90.6,90.3,451,44.8
2025-11-08T09:00,56.1,56.1,450,26.1
2025-11-08T10:00,39.2,39.2,450,12.0
2025-11-08T11:00,39.2,39.2,448,6.9
2025-11-08T12:00,41.0,40.9,445,6.5
2025-11-08T13:00,40.2,40.0,444,7.0
2025-11-08T14:00,37.7,37.5,444,6.1
2025-11-08T15:00,38.2,38.1,444,6.1
2025-11-08T16:00,40.3,40.2,447,10.6
2025-11-08T17:00,51.7,51.6,454,22.7
2025-11-08T18:00,82.2,82.2,462,39.3
2025-11-08T19:00,102.0,101.7,467,46.4
2025-11-08T20:00,125.7,125.3,465,49.0
2025-11-08T21:00,136.0,135.5,459,52.6
2025-11-08T22:00,125.7,125.7,455,54.6
2025-11-08T23:00,123.9,123.4,454,53.4
2025-11-09T00:00,122.0,121.5,455,50.7
2025-11-09T01:00,110.8,110.6,456,48.9
2025-11-09T02:00,103.6,103.4,458,49.8
2025-11-09T03:00,106.6,106.6,460,51.5
2025-11-09T04:00,116.2,116.2,461,51.2
2025-11-09T05:00,132.7,132.7,461,47.5
2025-11-09T06:00,145.8,145.3,460,41.6
2025-11-09T07:00,109.4,109.4,459,37.0
2025-11-09T08:00,77.1,77.1,458,28.6
2025-11-09T09:00,58.6,58.4,457,17.0
2025-11-09T10:00,49.0,49.0,456,8.3
2025-11-09T11:00,46.9,46.9,455,4.6
2025-11-09T12:00,41.3,41.2,453,3.8
2025-11-09T13:00,36.3,36.3,453,5.5
2025-11-09T14:00,34.6,34.5,453,9.8
2025-11-09T15:00,36.2,36.1,455,16.6
2025-11-09T16:00,54.7,54.6,458,24.9
2025-11-09T17:00,66.6,66.4,465,35.6
2025-11-09T18:00,85.4,85.2,475,47.8
2025-11-09T19:00,84.1,83.8,483,47.5
2025-11-09T20:00,94.3,93.8,489,53.3
2025-11-09T21:00,111.1,110.6,493,61.5
2025-11-09T22:00,134.1,133.2,496,69.0
2025-11-09T23:00,134.1,133.6,497,74.7
2025-11-10T00:00,154.6,152.3,495,79.6
2025-11-10T01:00,170.4,166.7,492,83.6
2025-11-10T02:00,183.5,180.2,486,88.1
2025-11-10T03:00,202.6,199.3,479,91.7
2025-11-10T04:00,210.0,206.8,472,90.5
2025-11-10T05:00,222.1,218.9,467,82.1
2025-11-10T06:00,272.9,271.0,464,68.9
2025-11-10T07:00,100.4,98.3,460,46.5
2025-11-10T08:00,61.2,60.1,455,41.3
2025-11-10T09:00,61.7,61.2,450,33.8
2025-11-10T10:00,66.6,66.4,447,26.5
2025-11-10T11:00,72.4,72.2,447,19.4
2025-11-10T12:00,75.9,75.7,449,12.4
2025-11-10T13:00,73.8,73.6,450,7.7
2025-11-10T14:00,66.1,65.9,449,6.3
2025-11-10T15:00,66.1,65.9,447,7.3
2025-11-10T16:00,65.7,65.4,446,10.1
2025-11-10T17:00,90.1,89.9,448,15.1
2025-11-10T18:00,80.8,80.6,451,21.8
2025-11-10T19:00,88.0,87.8,455,34.5
2025-11-10T20:00,92.9,92.7,458,37.5
2025-11-10T21:00,100.1,100.1,461,41.8
2025-11-10T22:00,96.2,96.2,465,45.9
2025-11-10T23:00,93.8,93.8,473,49.0
2025-11-11T00:00,100.1,100.1,483,51.9
2025-11-11T01:00,103.4,103.4,490,55.1
2025-11-11T02:00,108.7,108.7,494,60.0
2025-11-11T03:00,120.6,119.7,496,65.2
2025-11-11T04:00,118.0,117.1,494,66.6
2025-11-11T05:00,111.3,111.3,485,61.7
2025-11-11T06:00,105.7,105.5,471,53.0
2025-11-11T07:00,91.7,91.7,461,47.5
2025-11-11T08:00,71.0,71.0,458,41.6
2025-11-11T09:00,67.5,67.5,458,33.1
2025-11-11T10:00,68.9,68.7,457,25.2
2025-11-11T11:00,71.9,71.7,453,18.0
2025-11-11T12:00,60.3,60.1,449,11.3
2025-11-11T13:00,59.6,59.4,446,7.1
2025-11-11T14:00,60.1,59.8,447,4.6
2025-11-11T15:00,58.1,58.0,449,4.6
2025-11-11T16:00,60.5,60.3,451,11.2
2025-11-11T17:00,72.6,72.6,452,28.8
2025-11-11T18:00,111.8,111.5,452,53.0
2025-11-11T19:00,149.0,149.0,453,61.0
2025-11-11T20:00,147.1,147.1,456,61.6
2025-11-11T21:00,151.8,151.3,461,62.1
2025-11-11T22:00,154.6,154.6,465,59.7
2025-11-11T23:00,127.1,127.1,468,51.8
2025-11-12T00:00,95.9,95.9,472,41.1
2025-11-12T01:00,82.7,82.4,475,32.8
2025-11-12T02:00,79.2,78.9,480,29.2
2025-11-12T03:00,61.5,61.5,484,27.9
2025-11-12T04:00,52.4,52.3,486,27.2
2025-11-12T05:00,55.4,55.3,482,27.2
2025-11-12T06:00,59.6,59.4,475,27.7
2025-11-12T07:00,65.2,65.2,468,28.2
2025-11-12T08:00,45.2,45.1,460,23.2
2025-11-12T09:00,37.6,37.5,452,16.2
2025-11-12T10:00,39.8,39.7,446,11.1
2025-11-12T11:00,36.4,36.3,444,9.1
2025-11-12T12:00,36.6,36.4,443,8.9
2025-11-12T13:00,37.5,37.4,444,10.0
2025-11-12T14:00,39.6,39.5,445,12.1
2025-11-12T15:00,40.9,40.9,447,15.5
2025-11-12T16:00,49.9,49.6,450,20.4
2025-11-12T17:00,66.1,65.7,456,28.1
2025-11-12T18:00,84.8,82.7,463,37.3
2025-11-12T19:00,128.5,126.2,469,62.1
2025-11-12T20:00,112.5,110.6,475,60.1
2025-11-12T21:00,107.1,105.5,480,57.4
2025-11-12T22:00,107.6,105.9,483,55.3
2025-11-12T23:00,92.4,91.0,481,54.8
2025-11-13T00:00,92.0,90.6,477,55.0
2025-11-13T01:00,98.7,97.3,475,54.6
2025-11-13T02:00,93.4,91.7,479,52.9
2025-11-13T03:00,86.6,85.2,484,50.6
2025-11-13T04:00,87.3,85.9,487,48.3
2025-11-13T05:00,87.1,85.4,484,47.0
2025-11-13T06:00,95.2,93.4,478,45.7
2025-11-13T07:00,97.8,95.2,470,44.5
2025-11-13T08:00,61.2,57.9,460,34.3
2025-11-13T09:00,43.0,39.6,449,20.3
2025-11-13T10:00,37.6,34.0,441,9.8
2025-11-13T11:00,34.8,31.5,439,6.3
2025-11-13T12:00,34.3,31.3,441,6.3
2025-11-13T13:00,35.5,32.5,442,6.9
2025-11-13T14:00,35.6,32.7,441,6.8
2025-11-13T15:00,34.2,31.9,439,7.3
2025-11-13T16:00,34.7,33.5,439,9.8
2025-11-13T17:00,46.4,46.1,441,15.5
2025-11-13T18:00,53.9,53.1,444,23.1
2025-11-13T19:00,71.9,70.3,447,33.3
2025-11-13T20:00,73.1,71.7,449,34.8
2025-11-13T21:00,76.1,75.0,450,36.8
2025-11-13T22:00,77.1,76.1,451,38.5
2025-11-13T23:00,72.9,71.7,451,39.6
2025-11-14T00:00,70.8,69.8,452,40.4
2025-11-14T01:00,73.1,72.2,452,40.7
2025-11-14T02:00,72.6,71.7,453,40.7
2025-11-14T03:00,74.0,73.1,455,40.3
2025-11-14T04:00,78.9,78.0,455,39.2
2025-11-14T05:00,83.8,82.7,454,38.0
2025-11-14T06:00,92.7,90.8,452,36.1
2025-11-14T07:00,96.9,93.8,449,41.1
2025-11-14T08:00,57.0,53.8,446,30.6
2025-11-14T09:00,41.2,38.0,442,16.2
2025-11-14T10:00,35.7,32.4,440,5.5
2025-11-14T11:00,32.6,29.9,440,2.0
2025-11-14T12:00,29.3,27.2,441,2.2
2025-11-14T13:00,26.7,25.3,442,3.5
2025-11-14T14:00,24.3,23.5,441,5.0
2025-11-14T15:00,25.8,25.6,439,7.7
2025-11-14T16:00,32.4,32.1,440,11.8
2025-11-14T17:00,41.7,41.6,446,18.3
2025-11-14T18:00,51.6,51.5,454,26.2
2025-11-14T19:00,64.5,63.6,462,31.6
2025-11-14T20:00,68.7,68.0,469,35.8
2025-11-14T21:00,78.0,77.1,476,41.5
2025-11-14T22:00,83.8,82.9,481,45.3
2025-11-14T23:00,82.4,81.5,482,45.4
2025-11-15T00:00,81.5,80.6,481,43.7
2025-11-15T01:00,82.9,82.0,478,41.9
2025-11-15T02:00,83.6,82.7,474,41.0
2025-11-15T03:00,88.0,86.8,468,40.0
2025-11-15T04:00,91.3,90.3,463,38.3
2025-11-15T05:00,85.7,84.8,461,35.8
2025-11-15T06:00,88.0,86.1,459,32.6
2025-11-15T07:00,47.1,45.2,457,22.0
2025-11-15T08:00,32.7,30.7,452,17.6
2025-11-15T09:00,27.7,26.4,447,11.5
2025-11-15T10:00,27.1,26.5,442,6.8
2025-11-15T11:00,27.8,27.4,439,4.4
2025-11-15T12:00,27.9,27.7,437,3.3
2025-11-15T13:00,26.8,26.7,436,3.5
2025-11-15T14:00,23.3,23.2,434,4.2
2025-11-15T15:00,25.7,25.6,433,6.1
2025-11-15T16:00,29.8,29.6,437,12.0
2025-11-15T17:00,40.9,40.3,451,24.9
2025-11-15T18:00,55.8,54.9,471,41.7
2025-11-15T19:00,64.5,63.3,488,38.2
2025-11-15T20:00,87.1,85.9,499,44.5
2025-11-15T21:00,105.9,104.5,506,53.4
2025-11-15T22:00,122.5,121.1,511,61.0
2025-11-15T23:00,129.5,128.1,511,65.9
2025-11-16T00:00,145.8,143.4,508,69.4
2025-11-16T01:00,153.7,151.8,506,72.2
2025-11-16T02:00,142.0,139.7,507,74.6
2025-11-16T03:00,158.8,156.0,510,76.1
2025-11-16T04:00,169.0,166.2,508,76.2
2025-11-16T05:00,205.4,202.6,500,75.3
2025-11-16T06:00,255.2,250.5,488,73.0
2025-11-16T07:00,194.6,192.8,477,73.3
2025-11-16T08:00,89.2,86.8,468,57.5
2025-11-16T09:00,63.8,61.9,459,35.5
2025-11-16T10:00,53.6,52.5,452,18.4
2025-11-16T11:00,51.6,50.6,448,10.6
2025-11-16T12:00,52.4,51.5,446,7.7
2025-11-16T13:00,51.7,50.9,445,7.0
2025-11-16T14:00,68.2,66.8,443,7.4
2025-11-16T15:00,47.6,46.8,442,10.1
2025-11-16T16:00,49.8,49.1,443,15.5
2025-11-16T17:00,69.2,68.7,449,25.1
2025-11-16T18:00,85.7,85.2,457,37.6
2025-11-16T19:00,108.0,107.1,466,49.6
2025-11-16T20:00,110.4,109.2,477,53.1
2025-11-16T21:00,129.0,128.1,488,58.2
2025-11-16T22:00,140.2,138.8,493,63.8
2025-11-16T23:00,156.9,155.5,487,70.2
2025-11-17T00:00,177.4,174.6,475,77.1
2025-11-17T01:00,183.9,179.7,467,82.4
2025-11-17T02:00,190.9,186.7,470,86.0
2025-11-17T03:00,192.3,188.1,477,88.0
2025-11-17T04:00,212.8,209.1,481,86.6
2025-11-17T05:00,237.5,233.8,476,81.0
2025-11-17T06:00,235.2,230.5,467,72.1
2025-11-17T07:00,81.7,81.3,460,44.3
2025-11-17T08:00,64.3,64.0,458,35.2
2025-11-17T09:00,53.8,53.4,458,22.5
2025-11-17T10:00,49.1,48.9,457,12.5
2025-11-17T11:00,43.8,43.5,455,7.3
2025-11-17T12:00,40.6,40.5,452,4.8
2025-11-17T13:00,38.2,38.1,450,5.1
2025-11-17T14:00,38.2,38.1,448,9.4
2025-11-17T15:00,39.1,38.9,448,16.6
2025-11-17T16:00,59.8,59.5,452,23.4
2025-11-17T17:00,57.0,56.8,466,28.5
2025-11-17T18:00,61.2,61.0,485,33.3
2025-11-17T19:00,80.6,80.3,497,45.9
2025-11-17T20:00,108.7,107.3,496,52.0
2025-11-17T21:00,127.1,125.3,487,60.3
2025-11-17T22:00,123.9,123.4,481,66.0
2025-11-17T23:00,124.8,123.4,479,65.9
2025-11-18T00:00,117.1,116.4,480,63.0
2025-11-18T01:00,105.2,104.8,482,61.9
2025-11-18T02:00,117.1,116.6,488,65.2
2025-11-18T03:00,128.1,127.6,496,70.1
2025-11-18T04:00,131.3,129.9,499,72.9
2025-11-18T05:00,146.7,143.4,494,73.0
2025-11-18T06:00,163.9,159.7,484,70.9
2025-11-18T07:00,135.5,130.4,475,61.0
2025-11-18T08:00,86.1,84.8,469,50.0
2025-11-18T09:00,60.8,59.0,464,34.6
2025-11-18T10:00,49.9,48.3,460,21.8
2025-11-18T11:00,42.7,41.8,459,13.9
2025-11-18T12:00,44.0,43.3,460,8.6
2025-11-18T13:00,45.5,44.8,460,5.4
2025-11-18T14:00,46.1,45.4,458,4.4
2025-11-18T15:00,45.3,44.6,455,5.6
2025-11-18T16:00,44.7,44.0,453,8.4
2025-11-18T17:00,50.3,49.8,452,12.8
2025-11-18T18:00,49.1,48.8,451,18.7
2025-11-18T19:00,57.9,57.5,451,26.2
2025-11-18T20:00,60.5,60.1,451,31.8
2025-11-18T21:00,75.4,75.0,452,39.6
2025-11-18T22:00,90.1,89.6,453,45.8
2025-11-18T23:00,86.6,86.1,454,48.4
2025-11-19T00:00,93.1,92.4,455,49.4
2025-11-19T01:00,87.1,86.4,458,50.9
2025-11-19T02:00,86.6,85.9,464,54.3
2025-11-19T03:00,102.7,102.0,471,58.1
2025-11-19T04:00,114.3,113.4,476,60.6
2025-11-19T05:00,131.8,130.4,476,62.0
2025-11-19T06:00,133.6,131.3,473,62.0
2025-11-19T07:00,97.3,95.9,469,48.5
2025-11-19T08:00,65.0,65.0,463,38.4
2025-11-19T09:00,51.3,51.1,455,24.4
2025-11-19T10:00,45.2,45.1,449,13.4
2025-11-19T11:00,39.5,39.2,445,8.3
2025-11-19T12:00,34.8,34.7,443,6.2
2025-11-19T13:00,33.9,33.8,442,5.7
2025-11-19T14:00,35.2,35.0,442,6.4
2025-11-19T15:00,40.9,40.6,443,8.7
2025-11-19T16:00,38.9,38.6,444,12.7
2025-11-19T17:00,41.0,40.7,445,19.7
2025-11-19T18:00,65.4,65.2,445,28.4
2025-11-19T19:00,54.9,54.9,447,30.1
2025-11-19T20:00,67.5,67.5,450,32.8
2025-11-19T21:00,87.1,87.1,454,36.4
2025-11-19T22:00,80.3,80.3,458,39.2
2025-11-19T23:00,81.0,81.0,461,39.3
2025-11-20T00:00,75.2,75.2,465,38.5
2025-11-20T01:00,75.7,75.7,470,40.1
2025-11-20T02:00,79.4,79.2,479,47.2
2025-11-20T03:00,95.7,95.2,490,56.6
2025-11-20T04:00,110.1,109.7,495,62.2
2025-11-20T05:00,132.2,130.4,491,61.2
2025-11-20T06:00,150.9,147.6,482,56.3
2025-11-20T07:00,98.7,96.4,473,56.0
2025-11-20T08:00,73.6,72.9,467,47.1
2025-11-20T09:00,50.6,50.1,462,34.7
2025-11-20T10:00,41.2,41.2,458,24.6
2025-11-20T11:00,42.0,42.0,455,19.1
2025-11-20T12:00,30.7,30.7,452,15.9
2025-11-20T13:00,35.7,35.7,450,14.2
2025-11-20T14:00,32.9,32.8,449,13.4
2025-11-20T15:00,33.2,33.1,449,14.1
2025-11-20T16:00,33.1,32.9,450,17.6
2025-11-20T17:00,48.5,48.3,452,25.3
2025-11-20T18:00,84.8,84.5,454,35.9
2025-11-20T19:00,89.6,89.2,456,38.7
2025-11-20T20:00,97.1,96.9,456,44.1
2025-11-20T21:00,122.0,121.5,454,51.7
2025-11-20T22:00,143.4,143.0,455,58.5
2025-11-20T23:00,151.3,149.9,459,63.4
2025-11-21T00:00,149.5,148.1,465,67.6
2025-11-21T01:00,163.0,160.7,470,71.5
2025-11-21T02:00,175.6,172.3,476,76.8
2025-11-21T03:00,178.3,174.6,482,81.9
2025-11-21T04:00,177.9,176.5,483,82.5
2025-11-21T05:00,211.4,208.2,477,76.1
2025-11-21T06:00,241.2,235.2,467,65.2
2025-11-21T07:00,175.6,175.6,458,73.4
2025-11-21T08:00,100.8,100.6,453,55.1
2025-11-21T09:00,69.2,68.9,451,29.9
2025-11-21T10:00,53.2,53.1,448,11.3
2025-11-21T11:00,49.1,49.0,445,5.8
2025-11-21T12:00,43.7,43.5,442,6.9
2025-11-21T13:00,42.0,41.8,441,8.6
2025-11-21T14:00,38.5,38.3,442,8.5
2025-11-21T15:00,33.9,33.5,444,8.9
2025-11-21T16:00,32.1,31.8,446,11.0
2025-11-21T17:00,43.1,42.7,448,15.5
2025-11-21T18:00,50.3,50.1,449,21.7
2025-11-21T19:00,98.0,98.0,452,54.8
2025-11-21T20:00,99.2,99.0,456,56.1
2025-11-21T21:00,109.0,108.7,461,58.1
2025-11-21T22:00,113.2,112.9,467,61.4
2025-11-21T23:00,132.7,131.3,474,67.3
2025-11-22T00:00,142.5,140.2,481,74.3
2025-11-22T01:00,153.2,150.9,489,79.0
2025-11-22T02:00,148.1,145.8,500,79.8
2025-11-22T03:00,123.4,121.1,511,78.2
2025-11-22T04:00,113.4,111.8,514,75.0
2025-11-22T05:00,115.5,113.4,503,70.4
2025-11-22T06:00,117.8,115.5,485,64.2
2025-11-22T07:00,90.8,90.1,469,48.4
2025-11-22T08:00,61.7,61.2,459,38.0
2025-11-22T09:00,49.1,48.8,452,23.5
2025-11-22T10:00,41.4,41.0,447,12.2
2025-11-22T11:00,38.8,38.2,445,6.9
2025-11-22T12:00,36.2,35.7,445,4.7
2025-11-22T13:00,33.1,32.8,446,4.3
2025-11-22T14:00,27.5,27.2,446,4.7
2025-11-22T15:00,21.7,21.5,447,6.9
2025-11-22T16:00,24.3,24.0,450,12.9
2025-11-22T17:00,49.6,49.1,459,25.5
2025-11-22T18:00,73.8,73.6,470,41.9
2025-11-22T19:00,85.2,84.3,478,49.9
2025-11-22T20:00,104.8,103.8,479,56.7
2025-11-22T21:00,117.6,116.2,477,66.1
2025-11-22T22:00,118.0,116.4,473,73.1
2025-11-22T23:00,112.5,111.1,465,75.1
2025-11-23T00:00,117.1,116.6,456,74.6
2025-11-23T01:00,122.0,121.5,450,74.2
2025-11-23T02:00,125.3,124.8,452,76.0
2025-11-23T03:00,129.5,129.0,459,77.8
2025-11-23T04:00,130.4,129.9,463,76.4
2025-11-23T05:00,109.4,109.2,462,69.9
2025-11-23T06:00,108.3,107.8,459,60.0
2025-11-23T07:00,120.6,118.3,456,61.4
2025-11-23T08:00,75.0,74.0,453,47.4
2025-11-23T09:00,48.7,47.8,450,28.0
2025-11-23T10:00,39.8,38.8,447,13.2
2025-11-23T11:00,39.8,38.8,445,7.5
2025-11-23T12:00,37.6,36.9,444,6.4
2025-11-23T13:00,39.5,38.8,443,6.6
2025-11-23T14:00,40.7,40.0,443,6.9
2025-11-23T15:00,43.3,42.6,444,8.4
2025-11-23T16:00,52.9,52.2,445,11.1
2025-11-23T17:00,67.5,67.1,446,15.1
2025-11-23T18:00,71.9,71.5,446,20.3
2025-11-23T19:00,79.2,78.9,447,30.7
2025-11-23T20:00,71.7,71.5,449,28.1
2025-11-23T21:00,73.8,73.8,451,24.7
2025-11-23T22:00,71.7,71.5,453,23.1
2025-11-23T23:00,71.9,71.7,456,24.6
2025-11-24T00:00,74.3,74.0,459,28.0
2025-11-24T01:00,75.0,74.7,461,31.6
2025-11-24T02:00,80.3,79.9,462,35.8
2025-11-24T03:00,85.9,85.4,462,40.4
2025-11-24T04:00,90.8,88.9,461,42.9
2025-11-24T05:00,101.7,99.7,459,42.4
2025-11-24T06:00,112.0,109.4,456,39.9
2025-11-24T07:00,82.7,79.4,454,31.0
2025-11-24T08:00,53.6,49.8,453,24.5
2025-11-24T09:00,41.2,37.6,452,15.6
2025-11-24T10:00,35.5,34.0,451,8.7
2025-11-24T11:00,37.8,36.4,449,5.5
2025-11-24T12:00,40.7,39.2,447,4.3
2025-11-24T13:00,44.0,42.6,446,4.7
2025-11-24T14:00,45.5,44.2,444,6.8
2025-11-24T15:00,60.1,58.8,442,10.5
2025-11-24T16:00,60.1,59.1,445,15.3
2025-11-24T17:00,67.5,66.8,456,21.2
2025-11-24T18:00,66.6,65.9,470,28.2
2025-11-24T19:00,88.2,87.5,482,43.1
2025-11-24T20:00,92.7,91.7,487,47.5
2025-11-24T21:00,100.6,99.7,488,53.6
2025-11-24T22:00,117.3,114.3,492,58.8
2025-11-24T23:00,132.7,129.5,502,62.4
2025-11-25T00:00,148.1,144.8,515,64.9
2025-11-25T01:00,153.2,150.4,520,65.7
2025-11-25T02:00,144.8,142.0,512,63.8
2025-11-25T03:00,148.5,145.8,496,60.2
2025-11-25T04:00,160.7,158.3,482,56.2
2025-11-25T05:00,179.3,176.5,474,53.4
2025-11-25T06:00,177.4,173.7,468,50.3
2025-11-25T07:00,112.5,107.8,462,42.6
2025-11-25T08:00,61.2,56.6,454,31.7
2025-11-25T09:00,45.1,40.9,447,16.6
2025-11-25T10:00,35.5,33.6,441,5.5
2025-11-25T11:00,33.8,32.0,438,2.0
2025-11-25T12:00,32.1,30.5,438,2.5
2025-11-25T13:00,30.7,29.3,438,3.6
2025-11-25T14:00,29.5,28.1,438,3.5
2025-11-25T15:00,29.4,28.1,438,4.1
2025-11-25T16:00,32.0,30.9,440,8.1
2025-11-25T17:00,46.8,45.6,444,19.0
2025-11-25T18:00,81.7,78.5,449,33.3
2025-11-25T19:00,158.8,155.1,455,82.0
2025-11-25T20:00,182.1,177.9,462,83.5
2025-11-25T21:00,187.2,183.5,470,85.4
2025-11-25T22:00,158.8,155.5,479,84.7
2025-11-25T23:00,142.0,138.8,489,79.3
2025-11-26T00:00,146.2,142.5,498,71.3
2025-11-26T01:00,156.5,153.2,506,64.7
2025-11-26T02:00,167.6,164.4,511,61.4
2025-11-26T03:00,170.0,167.2,515,59.5
2025-11-26T04:00,163.0,160.2,512,56.3
2025-11-26T05:00,155.5,153.2,500,51.1
2025-11-26T06:00,155.5,152.3,482,44.7
2025-11-26T07:00,144.8,139.2,466,46.9
2025-11-26T08:00,73.6,68.5,455,34.4
2025-11-26T09:00,52.0,47.7,447,17.3
2025-11-26T10:00,38.1,36.1,442,4.7
2025-11-26T11:00,32.1,30.6,440,1.0
2025-11-26T12:00,27.5,26.1,442,1.9
2025-11-26T13:00,24.9,23.7,442,3.6
2025-11-26T14:00,22.1,21.1,440,4.6
2025-11-26T15:00,23.1,21.8,437,6.4
2025-11-26T16:00,24.6,23.4,436,10.1
2025-11-26T17:00,32.7,31.8,439,17.2
2025-11-26T18:00,41.8,41.0,445,26.3
2025-11-26T19:00,82.7,80.8,451,44.7
2025-11-26T20:00,90.3,88.2,458,47.9
2025-11-26T21:00,96.9,94.5,466,52.3
2025-11-26T22:00,111.1,109.0,471,54.6
2025-11-26T23:00,115.3,112.9,471,53.3
2025-11-27T00:00,112.5,110.6,467,49.9
2025-11-27T01:00,102.0,100.4,465,46.1
2025-11-27T02:00,89.9,88.5,466,42.0
2025-11-27T03:00,87.5,86.4,469,37.4
2025-11-27T04:00,85.9,84.8,470,33.7
2025-11-27T05:00,87.5,86.4,467,32.0
2025-11-27T06:00,94.1,92.2,463,31.1
2025-11-27T07:00,63.1,60.3,459,30.3
2025-11-27T08:00,38.8,36.0,455,25.1
2025-11-27T09:00,33.8,31.4,452,17.8
2025-11-27T10:00,29.6,28.6,449,11.8
2025-11-27T11:00,31.0,30.2,447,8.0
2025-11-27T12:00,33.1,32.5,445,5.5
2025-11-27T13:00,37.0,36.7,444,5.1
2025-11-27T14:00,41.4,41.0,444,7.1
2025-11-27T15:00,43.9,43.3,446,11.3
2025-11-27T16:00,55.5,55.2,448,17.4
2025-11-27T17:00,63.6,63.3,452,26.5
2025-11-27T18:00,78.2,78.0,457,37.7
2025-11-27T19:00,92.0,91.5,462,48.6
2025-11-27T20:00,101.0,100.4,467,53.5
2025-11-27T21:00,108.0,107.3,472,60.3
2025-11-27T22:00,128.5,127.1,475,66.2
2025-11-27T23:00,128.5,126.7,475,70.6
2025-11-28T00:00,142.0,138.3,474,74.1
2025-11-28T01:00,151.3,147.6,473,75.3
2025-11-28T02:00,155.5,152.3,475,73.7
2025-11-28T03:00,143.0,140.2,477,69.8
2025-11-28T04:00,129.9,127.1,477,64.2
2025-11-28T05:00,115.7,113.4,473,56.6
2025-11-28T06:00,102.2,98.5,467,47.2
2025-11-28T07:00,122.5,120.6,462,49.5
2025-11-28T08:00,69.2,66.8,459,36.9
2025-11-28T09:00,46.3,43.9,457,19.5
2025-11-28T10:00,37.4,35.2,455,6.6
2025-11-28T11:00,33.4,31.4,450,2.3
2025-11-28T12:00,31.7,29.8,445,2.4
2025-11-28T13:00,32.4,30.7,442,4.0
2025-11-28T14:00,32.1,30.5,443,5.8
2025-11-28T15:00,33.9,32.4,446,9.0
2025-11-28T16:00,43.3,42.1,450,14.4
2025-11-28T17:00,52.0,51.0,454,23.6
2025-11-28T18:00,71.0,69.8,460,35.0
2025-11-28T19:00,58.2,56.5,465,34.7
2025-11-28T20:00,63.6,60.8,471,37.3
2025-11-28T21:00,71.0,68.2,477,40.8
2025-11-28T22:00,70.3,67.8,480,42.5
2025-11-28T23:00,67.3,65.2,477,41.0
2025-11-29T00:00,65.2,63.3,472,37.8
2025-11-29T01:00,67.1,65.2,468,34.7
2025-11-29T02:00,70.5,68.9,469,32.4
2025-11-29T03:00,69.4,67.8,471,30.3
2025-11-29T04:00,68.0,66.6,471,28.6
2025-11-29T05:00,71.9,70.5,467,28.1
2025-11-29T06:00,82.2,80.3,461,28.1
2025-11-29T07:00,68.5,65.2,457,28.1
2025-11-29T08:00,43.7,39.7,456,23.8
2025-11-29T09:00,35.3,31.0,456,17.9
2025-11-29T10:00,36.7,31.5,455,12.9
2025-11-29T11:00,37.4,32.1,450,9.5
2025-11-29T12:00,33.5,30.2,444,7.0
2025-11-29T13:00,35.7,33.4,442,6.4
2025-11-29T14:00,37.8,35.5,447,7.3
2025-11-29T15:00,39.9,37.8,456,10.0
2025-11-29T16:00,59.8,57.7,465,16.1
2025-11-29T17:00,74.3,72.4,473,28.6
2025-11-29T18:00,96.6,94.5,481,44.6
2025-11-29T19:00,167.2,162.1,490,84.3
2025-11-29T20:00,183.0,176.5,500,93.8
2025-11-29T21:00,177.4,171.8,511,106.6
2025-11-29T22:00,181.6,176.0,517,114.4
2025-11-29T23:00,180.7,175.6,514,113.0
2025-11-30T00:00,162.1,157.4,506,106.6
2025-11-30T01:00,150.4,146.2,500,99.6
2025-11-30T02:00,143.9,140.2,501,92.9
2025-11-30T03:00,143.4,139.7,505,85.7
2025-11-30T04:00,142.5,138.8,504,79.9
2025-11-30T05:00,147.1,143.9,495,78.2
2025-11-30T06:00,163.4,159.3,481,77.8
2025-11-30T07:00,143.0,136.9,470,85.0
2025-11-30T08:00,91.7,89.4,463,65.9
2025-11-30T09:00,69.4,66.8,457,39.4
2025-11-30T10:00,65.7,64.5,453,18.9
2025-11-30T11:00,62.2,61.2,451,10.0
2025-11-30T12:00,51.8,50.9,450,7.1
2025-11-30T13:00,44.6,43.9,450,6.3
2025-11-30T14:00,39.0,38.3,448,6.5
2025-11-30T15:00,39.6,39.0,446,9.0
2025-11-30T16:00,41.7,41.1,447,13.5
2025-11-30T17:00,49.8,49.2,453,21.1
2025-11-30T18:00,67.3,67.1,463,30.8
2025-11-30T19:00,161.1,158.8,469,65.1
2025-11-30T20:00,171.8,166.7,469,55.3
2025-11-30T21:00,111.1,109.4,466,41.8
2025-11-30T22:00,82.9,82.2,465,32.3
2025-11-30T23:00,73.8,73.1,471,30.5
2025-12-01T00:00,75.9,75.2,481,32.7
2025-12-01T01:00,78.5,77.5,485,35.3
2025-12-01T02:00,77.8,76.8,480,37.9
2025-12-01T03:00,78.0,76.8,470,40.8
2025-12-01T04:00,81.5,80.3,462,41.7
2025-12-01T05:00,73.3,71.9,459,39.3
2025-12-01T06:00,69.4,68.2,459,34.8
2025-12-01T07:00,82.9,79.6,458,34.8
2025-12-01T08:00,60.1,58.1,455,28.2
2025-12-01T09:00,49.9,47.8,452,19.1
2025-12-01T10:00,52.7,50.5,450,11.7
2025-12-01T11:00,54.5,52.4,451,7.7
2025-12-01T12:00,49.2,47.3,453,5.4
2025-12-01T13:00,49.1,47.5,454,4.4
2025-12-01T14:00,49.6,48.3,452,3.4
2025-12-01T15:00,53.1,51.8,450,3.6
2025-12-01T16:00,54.1,52.6,451,8.6
2025-12-01T17:00,62.6,61.5,461,23.3
2025-12-01T18:00,101.7,100.6,474,42.8
2025-12-01T19:00,99.7,99.0,485,46.2
2025-12-01T20:00,102.7,101.7,490,49.8
2025-12-01T21:00,107.3,106.4,492,55.1
2025-12-01T22:00,118.7,117.8,494,60.5
2025-12-01T23:00,128.1,127.1,500,66.4
2025-12-02T00:00,135.0,134.1,506,72.5
2025-12-02T01:00,144.8,143.4,508,76.7
2025-12-02T02:00,154.6,153.2,504,78.1
2025-12-02T03:00,163.0,159.7,497,77.6
2025-12-02T04:00,164.8,161.6,489,76.1
2025-12-02T05:00,173.2,170.0,481,75.2
2025-12-02T06:00,191.4,187.2,473,73.3
2025-12-02T07:00,118.7,117.3,466,50.4
2025-12-02T08:00,75.9,74.0,460,39.3
2025-12-02T09:00,55.6,53.7,454,23.9
2025-12-02T10:00,47.1,45.3,449,12.1
2025-12-02T11:00,43.0,41.9,445,7.0
2025-12-02T12:00,46.3,45.5,442,5.5
2025-12-02T13:00,44.4,43.7,441,5.4
2025-12-02T14:00,44.1,43.5,442,6.0
2025-12-02T15:00,43.2,42.6,445,8.0
2025-12-02T16:00,41.7,41.2,447,12.3
2025-12-02T17:00,48.7,48.2,448,20.7
2025-12-02T18:00,71.7,71.2,450,31.3
2025-12-02T19:00,66.4,66.1,452,36.0
2025-12-02T20:00,62.4,62.2,456,37.8
2025-12-02T21:00,67.3,67.3,461,40.3
2025-12-02T22:00,71.5,71.2,466,43.1
2025-12-02T23:00,77.1,76.6,469,46.4
2025-12-03T00:00,85.9,85.2,471,49.9
2025-12-03T01:00,91.7,91.0,474,52.6
2025-12-03T02:00,95.5,94.1,479,54.2
2025-12-03T03:00,97.1,95.0,485,54.9
2025-12-03T04:00,90.6,88.5,487,54.3
2025-12-03T05:00,95.5,93.4,484,52.3
2025-12-03T06:00,119.2,116.4,477,48.9
2025-12-03T07:00,89.6,87.1,470,46.9
2025-12-03T08:00,68.2,67.3,463,37.4
2025-12-03T09:00,58.7,58.0,456,24.4
2025-12-03T10:00,43.8,43.5,450,14.4
2025-12-03T11:00,42.7,42.6,447,10.5
2025-12-03T12:00,45.8,45.6,445,9.7
2025-12-03T13:00,54.5,54.2,444,9.8
2025-12-03T14:00,57.3,57.2,443,8.0
2025-12-03T15:00,67.1,66.8,443,7.0
2025-12-03T16:00,71.2,71.0,446,12.8
2025-12-03T17:00,79.4,79.2,458,32.0
2025-12-03T18:00,132.7,132.7,473,58.0
2025-12-03T19:00,122.5,122.5,482,57.4
2025-12-03T20:00,164.4,164.4,479,71.7
2025-12-03T21:00,197.9,195.1,469,91.0
2025-12-03T22:00,209.5,206.8,462,103.0
2025-12-03T23:00,198.8,196.5,462,100.4
2025-12-04T00:00,176.5,176.5,465,90.4
2025-12-04T01:00,170.4,170.0,467,82.5
2025-12-04T02:00,178.8,178.3,469,82.2
2025-12-04T03:00,182.1,181.6,470,83.9
2025-12-04T04:00,159.3,158.8,470,81.2
2025-12-04T05:00,128.1,127.6,468,69.7
2025-12-04T06:00,118.5,118.3,464,53.7
2025-12-04T07:00,90.3,90.3,460,43.8
2025-12-04T08:00,74.0,74.0,456,34.0
2025-12-04T09:00,60.5,60.5,452,20.5
2025-12-04T10:00,52.6,52.5,449,10.4
2025-12-04T11:00,44.7,44.7,446,6.7
2025-12-04T12:00,44.5,44.5,444,6.3
2025-12-04T13:00,42.8,42.7,442,7.0
2025-12-04T14:00,39.7,39.6,441,7.9
2025-12-04T15:00,36.7,36.6,442,9.9
2025-12-04T16:00,35.9,35.6,443,13.2
2025-12-04T17:00,38.9,38.6,445,18.2
2025-12-04T18:00,51.1,50.9,448,24.5
2025-12-04T19:00,65.4,65.4,452,37.2
2025-12-04T20:00,72.9,72.9,457,39.4
2025-12-04T21:00,83.8,83.6,463,42.5
2025-12-04T22:00,95.2,95.2,468,45.6
2025-12-04T23:00,105.2,105.0,471,48.9
2025-12-05T00:00,118.0,116.9,472,52.2
2025-12-05T01:00,120.6,119.0,473,54.4
2025-12-05T02:00,118.0,116.4,475,55.4
2025-12-05T03:00,122.0,120.6,476,55.2
2025-12-05T04:00,135.5,133.6,476,53.3
2025-12-05T05:00,151.8,149.9,474,49.0
2025-12-05T06:00,157.4,154.6,469,43.0
2025-12-05T07:00,83.8,80.8,465,36.3
2025-12-05T08:00,51.0,48.9,460,29.0
2025-12-05T09:00,42.7,42.4,454,18.9
2025-12-05T10:00,43.4,43.1,450,11.0
2025-12-05T11:00,39.7,39.5,451,7.1
2025-12-05T12:00,36.6,36.4,454,5.4
2025-12-05T13:00,38.2,38.1,455,5.0
2025-12-05T14:00,38.2,38.0,452,5.7
2025-12-05T15:00,38.2,38.0,447,7.6
2025-12-05T16:00,41.8,41.6,445,10.6
2025-12-05T17:00,52.7,52.6,450,14.6
2025-12-05T18:00,53.7,53.3,458,19.7
2025-12-05T19:00,68.9,68.5,464,31.4
2025-12-05T20:00,72.4,71.9,464,35.7
2025-12-05T21:00,89.9,89.6,461,41.9
2025-12-05T22:00,93.1,92.7,459,47.3
2025-12-05T23:00,93.1,92.7,460,51.1
2025-12-06T00:00,97.1,96.6,462,54.3
2025-12-06T01:00,102.2,101.7,465,57.1
2025-12-06T02:00,114.3,112.9,470,60.6
2025-12-06T03:00,121.1,118.7,475,63.8
2025-12-06T04:00,130.4,128.1,477,64.0
2025-12-06T05:00,128.1,125.7,474,59.4
2025-12-06T06:00,110.4,108.5,467,51.7
2025-12-06T07:00,77.3,75.0,461,35.6
2025-12-06T08:00,55.5,54.4,456,31.1
2025-12-06T09:00,57.0,56.1,450,24.7
2025-12-06T10:00,58.3,58.0,447,19.0
2025-12-06T11:00,56.6,56.3,446,14.5
2025-12-06T12:00,57.5,57.3,447,10.7
2025-12-06T13:00,56.9,56.7,448,8.2
2025-12-06T14:00,57.5,57.3,448,7.1
2025-12-06T15:00,55.4,55.3,448,7.4
2025-12-06T16:00,56.2,56.0,449,9.5
2025-12-06T17:00,65.9,65.9,453,15.1
2025-12-06T18:00,75.2,75.2,460,22.6
2025-12-06T19:00,68.2,68.2,465,30.7
2025-12-06T20:00,70.8,70.5,469,32.6
2025-12-06T21:00,91.5,90.3,473,35.5
2025-12-06T22:00,91.3,90.1,475,39.8
2025-12-06T23:00,109.7,107.1,474,47.3
2025-12-07T00:00,127.1,123.9,470,56.3
2025-12-07T01:00,126.2,123.4,469,61.9
2025-12-07T02:00,108.7,106.2,472,61.4
2025-12-07T03:00,102.9,100.6,477,57.4
2025-12-07T04:00,95.9,94.1,479,53.4
2025-12-07T05:00,95.5,94.3,473,50.9
2025-12-07T06:00,102.7,101.7,464,48.3
2025-12-07T07:00,122.9,120.6,457,53.7
2025-12-07T08:00,85.9,84.5,454,44.1
2025-12-07T09:00,65.9,65.2,453,30.8
2025-12-07T10:00,61.7,61.2,452,20.0
2025-12-07T11:00,61.0,60.5,452,14.0
2025-12-07T12:00,61.7,61.2,454,10.5
2025-12-07T13:00,66.8,66.4,454,8.4
2025-12-07T14:00,60.8,60.3,452,7.2
2025-12-07T15:00,65.4,65.0,448,7.5
2025-12-07T16:00,68.0,67.5,448,10.1
2025-12-07T17:00,75.9,75.2,453,16.9
2025-12-07T18:00,94.8,94.1,460,26.1
2025-12-07T19:00,139.7,139.2,468,56.3
2025-12-07T20:00,129.5,129.0,477,51.4
2025-12-07T21:00,118.3,117.8,486,45.0
2025-12-07T22:00,109.2,108.7,492,41.8
2025-12-07T23:00,125.7,125.3,495,45.4
2025-12-08T00:00,126.2,125.7,495,52.4
2025-12-08T01:00,123.9,123.4,492,57.1
2025-12-08T02:00,120.1,119.2,483,57.5
2025-12-08T03:00,107.3,106.9,470,55.7
2025-12-08T04:00,100.6,100.1,460,52.1
2025-12-08T05:00,96.2,94.8,457,46.3
2025-12-08T06:00,97.6,94.8,456,38.8
2025-12-08T07:00,63.8,61.0,455,26.2
2025-12-08T08:00,45.3,42.3,452,20.9
2025-12-08T09:00,37.3,34.7,448,13.6
2025-12-08T10:00,32.4,31.2,444,8.1
2025-12-08T11:00,32.2,31.1,441,5.5
2025-12-08T12:00,36.6,35.5,439,4.7
2025-12-08T13:00,37.4,36.3,437,6.0
2025-12-08T14:00,39.9,39.0,434,10.3
2025-12-08T15:00,43.3,42.3,432,16.6
2025-12-08T16:00,53.2,52.4,433,22.9
2025-12-08T17:00,59.1,57.7,439,28.9
2025-12-08T18:00,71.5,69.4,449,34.7
2025-12-08T19:00,62.2,61.0,456,31.9
2025-12-08T20:00,62.2,61.2,458,32.4
2025-12-08T21:00,62.2,61.5,458,33.0
2025-12-08T22:00,54.1,53.6,458,32.6
2025-12-08T23:00,41.7,41.3,460,30.4
2025-12-09T00:00,35.9,35.5,461,27.2
2025-12-09T01:00,32.2,31.9,464,24.8
2025-12-09T02:00,30.6,30.4,468,24.2
2025-12-09T03:00,29.4,29.3,473,24.4
2025-12-09T04:00,31.0,30.9,475,24.1
2025-12-09T05:00,34.1,34.0,474,22.9
2025-12-09T06:00,40.6,40.3,471,21.3
2025-12-09T07:00,31.5,31.1,466,22.7
2025-12-09T08:00,26.8,26.4,459,20.1
2025-12-09T09:00,22.1,21.7,452,16.5
2025-12-09T10:00,20.1,20.0,445,13.1
2025-12-09T11:00,22.5,22.3,440,9.9
2025-12-09T12:00,22.5,22.2,437,6.8
2025-12-09T13:00,24.3,23.9,435,5.2
2025-12-09T14:00,27.0,26.7,434,5.6
2025-12-09T15:00,26.9,26.5,435,7.5
2025-12-09T16:00,29.8,29.5,437,10.3
2025-12-09T17:00,37.5,37.1,439,14.1
2025-12-09T18:00,42.6,41.9,442,18.8
2025-12-09T19:00,61.0,60.3,447,34.5
2025-12-09T20:00,73.1,72.2,455,36.5
2025-12-09T21:00,79.4,78.5,465,39.2
2025-12-09T22:00,81.5,80.6,471,40.9
2025-12-09T23:00,78.5,77.5,471,40.1
2025-12-10T00:00,75.2,74.3,468,38.2
2025-12-10T01:00,75.7,74.5,465,37.9
2025-12-10T02:00,82.0,81.0,463,41.5
2025-12-10T03:00,92.0,90.8,462,46.7
2025-12-10T04:00,108.0,106.9,460,49.1
2025-12-10T05:00,113.9,112.5,457,46.7
2025-12-10T06:00,129.5,126.7,453,41.4
2025-12-10T07:00,80.8,78.2,449,31.8
2025-12-10T08:00,59.5,56.2,446,24.4
2025-12-10T09:00,43.7,40.4,443,14.1
2025-12-10T10:00,34.1,32.6,440,6.4
2025-12-10T11:00,32.6,31.4,437,3.3
2025-12-10T12:00,34.1,32.9,435,2.8
2025-12-10T13:00,34.8,33.6,435,4.3
2025-12-10T14:00,34.0,33.1,437,8.6
2025-12-10T15:00,39.3,38.9,441,15.0
2025-12-10T16:00,49.7,49.2,445,20.4
2025-12-10T17:00,53.7,53.1,450,23.2
2025-12-10T18:00,55.2,54.9,455,25.0
2025-12-10T19:00,41.4,41.0,460,24.1
2025-12-10T20:00,43.0,42.6,465,29.6
2025-12-10T21:00,53.0,52.5,471,37.2
2025-12-10T22:00,76.8,76.1,475,44.0
2025-12-10T23:00,90.3,88.9,477,48.8
2025-12-11T00:00,89.9,88.5,478,52.7
2025-12-11T01:00,106.2,103.4,477,55.8
2025-12-11T02:00,111.5,109.0,475,59.0
2025-12-11T03:00,114.3,111.5,471,61.3
2025-12-11T04:00,123.9,120.6,467,60.4
2025-12-11T05:00,133.6,130.9,462,54.4
2025-12-11T06:00,122.5,119.2,456,45.1
2025-12-11T07:00,91.7,88.5,451,35.0
2025-12-11T08:00,64.0,59.5,448,27.1
2025-12-11T09:00,48.1,43.1,446,16.3
2025-12-11T10:00,38.8,33.9,444,8.0
2025-12-11T11:00,36.0,31.7,442,4.7
2025-12-11T12:00,32.5,30.3,440,4.1
2025-12-11T13:00,32.2,30.2,438,4.2
2025-12-11T14:00,33.6,31.5,436,3.8
2025-12-11T15:00,33.6,31.7,435,4.2
2025-12-11T16:00,34.5,32.7,437,7.6
2025-12-11T17:00,47.1,45.8,443,16.3
2025-12-11T18:00,71.9,70.5,452,27.9
2025-12-11T19:00,65.0,63.6,461,35.6
2025-12-11T20:00,85.4,83.6,471,42.1
2025-12-11T21:00,110.4,108.5,481,51.1
2025-12-11T22:00,116.9,115.0,489,57.3
2025-12-11T23:00,112.7,110.6,494,58.2
2025-12-12T00:00,114.8,112.5,496,56.4
2025-12-12T01:00,119.0,116.6,498,54.4
2025-12-12T02:00,136.0,133.2,501,53.3
2025-12-12T03:00,144.8,142.5,503,51.9
2025-12-12T04:00,133.2,130.9,501,49.4
2025-12-12T05:00,117.3,115.3,493,45.5
2025-12-12T06:00,113.4,111.1,481,40.5
2025-12-12T07:00,129.0,124.8,469,52.1
2025-12-12T08:00,87.1,82.2,458,38.5
2025-12-12T09:00,51.3,46.3,448,19.7
2025-12-12T10:00,41.4,36.0,440,5.8
2025-12-12T11:00,37.5,32.7,437,1.7
2025-12-12T12:00,34.8,31.1,437,2.5
2025-12-12T13:00,34.0,30.9,437,3.9
2025-12-12T14:00,32.9,29.9,438,4.2
2025-12-12T15:00,33.6,30.4,439,5.2
2025-12-12T16:00,35.2,32.5,440,7.8
2025-12-12T17:00,41.2,40.2,441,13.7
2025-12-12T18:00,57.9,56.8,441,21.2
2025-12-12T19:00,75.2,72.9,444,31.5
2025-12-12T20:00,73.8,72.2,450,30.5
2025-12-12T21:00,74.0,72.9,458,29.1
2025-12-12T22:00,68.2,67.8,465,27.7
2025-12-12T23:00,56.1,55.8,470,26.0
2025-12-13T00:00,53.3,53.0,474,24.3
2025-12-13T01:00,53.0,52.6,478,24.0
2025-12-13T02:00,53.6,53.3,484,26.5
2025-12-13T03:00,58.1,57.9,491,30.5
2025-12-13T04:00,69.4,69.2,493,33.4
2025-12-13T05:00,86.6,86.4,489,34.9
2025-12-13T06:00,106.4,105.0,481,35.4
2025-12-13T07:00,116.6,112.7,472,36.7
2025-12-13T08:00,77.8,74.0,462,27.4
2025-12-13T09:00,54.0,49.2,452,14.7
2025-12-13T10:00,46.3,41.7,444,5.3
2025-12-13T11:00,42.7,39.1,440,2.5
2025-12-13T12:00,39.3,37.1,439,3.0
2025-12-13T13:00,36.6,35.3,439,4.2
2025-12-13T14:00,36.6,35.4,438,4.5
2025-12-13T15:00,37.5,36.6,438,5.4
2025-12-13T16:00,38.8,38.0,440,8.5
2025-12-13T17:00,45.1,44.4,445,15.8
2025-12-13T18:00,63.3,62.4,450,25.3
2025-12-13T19:00,86.1,85.2,454,32.7
2025-12-13T20:00,81.5,80.8,452,32.5
2025-12-13T21:00,76.4,75.4,448,32.1
2025-12-13T22:00,67.3,66.4,446,32.0
2025-12-13T23:00,59.6,58.8,449,32.5
2025-12-14T00:00,52.7,52.0,453,33.2
2025-12-14T01:00,48.7,48.0,458,33.0
2025-12-14T02:00,45.6,44.8,462,30.9
2025-12-14T03:00,42.4,41.3,466,27.8
2025-12-14T04:00,48.2,46.8,468,25.3
2025-12-14T05:00,50.8,48.9,467,24.4
2025-12-14T06:00,58.0,56.1,463,24.0
2025-12-14T07:00,52.5,50.1,459,18.6
2025-12-14T08:00,39.9,37.4,454,15.3
2025-12-14T09:00,31.8,29.7,448,10.8
2025-12-14T10:00,23.1,21.8,443,7.8
2025-12-14T11:00,22.7,21.8,441,7.7
2025-12-14T12:00,23.3,22.6,440,9.1
2025-12-14T13:00,25.5,24.9,440,10.6
2025-12-14T14:00,25.1,24.6,439,11.5
2025-12-14T15:00,22.5,22.0,439,12.6
2025-12-14T16:00,24.0,23.7,440,14.3
2025-12-14T17:00,29.7,29.5,445,17.2
2025-12-14T18:00,37.4,37.3,451,20.7
2025-12-14T19:00,60.3,58.7,456,33.7
2025-12-14T20:00,64.5,62.6,458,38.8
2025-12-14T21:00,93.4,91.0,459,45.6
2025-12-14T22:00,102.9,100.6,460,48.7
2025-12-14T23:00,96.2,93.8,461,44.6
2025-12-15T00:00,79.4,77.5,463,36.8
2025-12-15T01:00,58.4,57.4,464,30.2
2025-12-15T02:00,50.2,49.8,466,26.7
2025-12-15T03:00,47.7,47.5,469,24.5
2025-12-15T04:00,46.0,45.8,470,22.9
2025-12-15T05:00,49.9,49.7,468,22.4
2025-12-15T06:00,59.4,59.1,463,22.5
2025-12-15T07:00,43.8,43.8,459,21.2
2025-12-15T08:00,35.0,34.9,455,16.4
2025-12-15T09:00,29.4,29.2,451,9.9
2025-12-15T10:00,27.2,26.7,447,5.0
2025-12-15T11:00,26.8,26.0,444,3.3
2025-12-15T12:00,27.9,26.7,440,3.2
2025-12-15T13:00,29.1,27.8,438,3.8
2025-12-15T14:00,28.9,27.6,436,4.4
2025-12-15T15:00,27.0,25.8,435,5.8
2025-12-15T16:00,27.5,26.7,436,8.6
2025-12-15T17:00,41.6,41.2,441,13.9
2025-12-15T18:00,54.2,53.9,448,20.8
2025-12-15T19:00,145.3,142.0,455,77.5
2025-12-15T20:00,174.2,170.9,463,85.5
2025-12-15T21:00,190.9,188.1,471,96.0
2025-12-15T22:00,217.9,214.2,475,100.8
2025-12-15T23:00,209.5,206.3,471,95.2
2025-12-16T00:00,181.6,178.8,462,83.8
2025-12-16T01:00,137.8,135.5,456,71.8
2025-12-16T02:00,105.5,103.4,456,59.7
2025-12-16T03:00,87.1,85.4,458,47.0
2025-12-16T04:00,75.2,73.3,458,37.6
2025-12-16T05:00,74.3,72.4,455,34.7
2025-12-16T06:00,86.1,83.8,451,35.0
2025-12-16T07:00,98.7,95.2,447,36.1
2025-12-16T08:00,55.6,51.5,444,27.3
2025-12-16T09:00,37.5,33.5,442,15.2
2025-12-16T10:00,32.5,28.7,440,6.2
2025-12-16T11:00,29.1,25.7,438,3.2
2025-12-16T12:00,25.5,23.1,437,3.3
2025-12-16T13:00,23.8,21.9,436,4.6
2025-12-16T14:00,23.0,21.1,435,5.9
2025-12-16T15:00,25.0,23.2,435,8.5
2025-12-16T16:00,32.4,30.7,438,13.8
2025-12-16T17:00,49.9,47.8,447,24.7
2025-12-16T18:00,77.1,74.5,459,38.3
2025-12-16T19:00,103.6,100.4,468,52.4
2025-12-16T20:00,92.9,89.6,471,48.3
2025-12-16T21:00,95.0,91.7,472,42.6
2025-12-16T22:00,90.6,87.8,475,37.5
2025-12-16T23:00,77.3,76.8,484,33.2
2025-12-17T00:00,73.1,72.6,494,29.5
2025-12-17T01:00,75.4,74.7,497,28.4
2025-12-17T02:00,78.9,77.5,486,32.3
2025-12-17T03:00,83.4,80.8,467,38.8
2025-12-17T04:00,88.5,86.1,453,42.5
2025-12-17T05:00,97.3,95.0,450,41.4
2025-12-17T06:00,114.6,111.5,451,37.5
2025-12-17T07:00,92.2,88.7,452,33.5
2025-12-17T08:00,43.2,39.9,449,25.1
2025-12-17T09:00,32.8,29.4,445,13.6
2025-12-17T10:00,26.8,24.0,442,5.0
2025-12-17T11:00,21.5,19.8,440,2.2
2025-12-17T12:00,18.6,17.6,440,2.4
2025-12-17T13:00,18.1,17.5,439,3.1
2025-12-17T14:00,18.2,17.9,438,2.5
2025-12-17T15:00,19.0,18.7,438,2.4
2025-12-17T16:00,21.4,21.1,438,6.2
2025-12-17T17:00,32.5,32.2,439,17.6
2025-12-17T18:00,64.7,63.3,442,32.7
2025-12-17T19:00,75.4,73.6,445,33.8
2025-12-17T20:00,64.7,64.3,450,31.2
2025-12-17T21:00,61.2,61.0,456,27.8
2025-12-17T22:00,73.1,72.4,462,26.5
2025-12-17T23:00,88.0,87.1,467,28.5
2025-12-18T00:00,93.4,92.4,471,32.6
2025-12-18T01:00,99.9,99.0,475,37.5
2025-12-18T02:00,107.8,106.6,478,44.5
2025-12-18T03:00,119.7,118.7,479,52.3
2025-12-18T04:00,141.6,138.3,479,56.2
2025-12-18T05:00,168.1,164.8,476,53.6
2025-12-18T06:00,196.5,192.3,471,47.1
2025-12-18T07:00,75.9,75.4,465,31.4
2025-12-18T08:00,52.3,51.7,458,24.6
2025-12-18T09:00,47.6,47.0,451,15.1
2025-12-18T10:00,45.4,44.7,445,7.9
2025-12-18T11:00,45.4,44.8,442,4.9
2025-12-18T12:00,49.1,48.5,441,4.2
2025-12-18T13:00,67.3,66.6,441,4.6
2025-12-18T14:00,45.3,44.8,442,5.9
2025-12-18T15:00,45.8,45.3,443,8.4
2025-12-18T16:00,45.8,45.4,445,12.0
2025-12-18T17:00,49.4,49.1,446,16.7
2025-12-18T18:00,62.2,61.9,448,22.5
2025-12-18T19:00,66.6,66.4,450,26.3
2025-12-18T20:00,76.1,75.9,453,29.4
2025-12-18T21:00,96.2,95.9,455,33.8
2025-12-18T22:00,105.7,105.5,458,38.7
2025-12-18T23:00,119.0,118.7,459,44.4
2025-12-19T00:00,136.4,136.4,460,50.6
2025-12-19T01:00,148.5,148.1,463,55.1
2025-12-19T02:00,165.8,165.3,469,58.0
2025-12-19T03:00,173.7,172.8,476,59.2
2025-12-19T04:00,153.2,152.3,482,56.6
2025-12-19T05:00,113.6,113.6,485,47.5
2025-12-19T06:00,86.6,86.4,487,34.6
2025-12-19T07:00,60.8,60.5,485,34.2
2025-12-19T08:00,41.2,39.6,479,28.9
2025-12-19T09:00,36.2,35.2,469,21.5
2025-12-19T10:00,36.8,36.7,461,16.0
2025-12-19T11:00,38.5,38.5,455,13.9
2025-12-19T12:00,39.2,39.2,450,13.6
2025-12-19T13:00,41.8,41.7,446,14.3
2025-12-19T14:00,36.9,36.8,444,14.6
2025-12-19T15:00,42.7,42.6,444,15.9
2025-12-19T16:00,46.2,46.1,444,20.9
2025-12-19T17:00,57.3,57.2,445,33.7
2025-12-19T18:00,87.5,86.6,448,50.3
2025-12-19T19:00,45.4,44.8,451,32.3
2025-12-19T20:00,43.7,42.4,456,32.1
2025-12-19T21:00,46.9,45.6,462,31.9
2025-12-19T22:00,52.4,51.0,466,32.1
2025-12-19T23:00,62.2,60.5,467,33.0
2025-12-20T00:00,67.8,65.9,467,34.4
2025-12-20T01:00,64.5,62.9,466,35.8
2025-12-20T02:00,63.8,61.9,464,37.6
2025-12-20T03:00,69.8,68.0,460,39.5
2025-12-20T04:00,78.7,76.6,458,39.5
2025-12-20T05:00,90.6,88.2,458,36.8
2025-12-20T06:00,101.5,99.2,460,32.4
2025-12-20T07:00,56.7,54.4,459,24.1
2025-12-20T08:00,41.3,41.1,454,19.1
2025-12-20T09:00,40.5,40.4,447,12.2
2025-12-20T10:00,35.9,35.9,441,7.0
2025-12-20T11:00,38.3,38.2,439,4.9
2025-12-20T12:00,39.6,39.5,439,4.5
2025-12-20T13:00,38.4,38.4,439,5.6
2025-12-20T14:00,34.1,34.0,438,8.3
2025-12-20T15:00,31.3,31.2,438,12.6
2025-12-20T16:00,36.1,36.0,439,17.5
2025-12-20T17:00,45.1,44.9,442,22.6
2025-12-20T18:00,56.8,56.7,446,28.4
2025-12-20T19:00,57.6,57.6,450,28.8
2025-12-20T20:00,71.2,71.2,454,36.4
2025-12-20T21:00,96.2,95.7,458,47.0
2025-12-20T22:00,111.3,109.7,460,56.5
2025-12-20T23:00,129.5,127.6,459,64.3
2025-12-21T00:00,142.0,139.7,455,70.9
2025-12-21T01:00,147.1,144.8,453,73.6
2025-12-21T02:00,140.6,138.8,453,70.6
2025-12-21T03:00,129.9,128.1,454,63.7
2025-12-21T04:00,117.3,115.7,455,55.8
2025-12-21T05:00,118.7,117.6,454,47.5
2025-12-21T06:00,126.7,124.8,453,38.3
2025-12-21T07:00,100.1,97.3,451,30.9
2025-12-21T08:00,65.4,64.5,448,25.0
2025-12-21T09:00,42.7,42.6,446,16.9
2025-12-21T10:00,37.4,37.4,443,10.5
2025-12-21T11:00,32.0,32.0,441,7.5
2025-12-21T12:00,33.9,33.8,440,6.2
2025-12-21T13:00,31.5,31.5,439,5.9
2025-12-21T14:00,32.9,32.9,439,6.2
2025-12-21T15:00,38.1,38.0,441,7.4
2025-12-21T16:00,36.9,36.8,443,10.0
2025-12-21T17:00,48.4,48.3,447,14.2
2025-12-21T18:00,51.3,51.3,452,19.8
2025-12-21T19:00,71.2,70.3,457,35.6
2025-12-21T20:00,97.1,95.9,462,42.7
2025-12-21T21:00,119.2,117.8,466,52.0
2025-12-21T22:00,121.1,119.7,469,56.4
2025-12-21T23:00,98.3,97.1,468,50.9
2025-12-22T00:00,74.5,73.8,466,40.5
2025-12-22T01:00,62.6,62.2,464,32.3
2025-12-22T02:00,63.8,63.1,465,29.7
2025-12-22T03:00,61.2,60.5,468,29.3
2025-12-22T04:00,55.1,54.5,468,28.7
2025-12-22T05:00,54.1,53.6,465,27.4
2025-12-22T06:00,64.0,62.9,461,26.0
2025-12-22T07:00,64.0,61.9,456,21.8
2025-12-22T08:00,41.1,39.0,450,16.8
2025-12-22T09:00,32.2,30.7,444,9.9
2025-12-22T10:00,24.9,24.5,439,4.8
2025-12-22T11:00,21.7,21.3,437,2.8
2025-12-22T12:00,20.1,19.8,436,2.6
2025-12-22T13:00,19.7,19.6,436,3.3
2025-12-22T14:00,21.4,21.3,435,4.8
2025-12-22T15:00,25.6,25.4,434,7.3
2025-12-22T16:00,32.0,31.9,434,10.3
2025-12-22T17:00,39.1,39.0,437,14.3
2025-12-22T18:00,44.1,44.0,442,18.8
2025-12-22T19:00,34.7,34.7,446,19.2
2025-12-22T20:00,50.3,49.9,450,21.4
2025-12-22T21:00,55.1,54.4,453,24.4
2025-12-22T22:00,51.3,50.5,455,26.6
2025-12-22T23:00,47.3,46.6,456,27.1
2025-12-23T00:00,46.6,45.8,455,26.8
2025-12-23T01:00,48.8,48.1,455,26.8
2025-12-23T02:00,50.2,49.4,456,28.1
2025-12-23T03:00,49.5,48.8,458,29.7
2025-12-23T04:00,48.8,48.0,458,29.9
2025-12-23T05:00,49.4,48.7,457,27.9
2025-12-23T06:00,55.1,54.0,454,24.5
2025-12-23T07:00,49.7,48.1,451,20.6
2025-12-23T08:00,36.9,35.3,448,15.7
2025-12-23T09:00,24.4,23.5,444,9.0
2025-12-23T10:00,18.3,18.0,441,4.0
2025-12-23T11:00,17.1,16.8,440,2.1
2025-12-23T12:00,16.9,16.6,439,1.8
2025-12-23T13:00,16.5,16.2,439,2.6
2025-12-23T14:00,18.4,18.1,438,4.4
2025-12-23T15:00,22.6,22.5,438,7.3
2025-12-23T16:00,27.5,27.4,439,10.8
2025-12-23T17:00,35.0,34.8,444,15.5
2025-12-23T18:00,36.0,35.5,450,20.8
2025-12-23T19:00,60.1,59.1,455,30.1
2025-12-23T20:00,57.0,56.2,457,29.0
2025-12-23T21:00,54.8,54.1,457,27.4
2025-12-23T22:00,59.5,58.8,457,26.6
2025-12-23T23:00,58.0,57.4,458,27.1
2025-12-24T00:00,58.4,57.7,460,28.3
2025-12-24T01:00,62.9,61.7,461,29.6
2025-12-24T02:00,66.1,65.0,461,31.2
2025-12-24T03:00,64.7,63.6,461,33.0
2025-12-24T04:00,64.3,63.1,460,33.3
2025-12-24T05:00,67.5,66.1,457,31.7
2025-12-24T06:00,73.3,71.7,452,28.7
2025-12-24T07:00,105.0,101.7,448,32.1
2025-12-24T08:00,68.9,64.7,444,24.0
2025-12-24T09:00,48.2,44.0,440,12.7
2025-12-24T10:00,35.6,32.4,438,4.5
2025-12-24T11:00,31.3,29.5,439,2.0
2025-12-24T12:00,30.6,29.9,441,2.6
2025-12-24T13:00,32.8,32.4,442,3.6
2025-12-24T14:00,36.2,35.9,441,4.3
2025-12-24T15:00,39.8,39.3,440,5.5
2025-12-24T16:00,40.6,40.3,440,7.5
2025-12-24T17:00,47.3,47.0,444,10.6
2025-12-24T18:00,49.6,49.4,451,14.6
2025-12-24T19:00,41.6,41.6,456,24.3
2025-12-24T20:00,49.4,48.8,458,30.6
2025-12-24T21:00,65.9,65.2,458,39.3
2025-12-24T22:00,81.0,80.1,459,46.1
2025-12-24T23:00,91.5,90.6,461,49.7
2025-12-25T00:00,105.9,104.8,464,51.5
2025-12-25T01:00,114.8,113.6,466,50.7
2025-12-25T02:00,100.1,99.2,466,46.0
2025-12-25T03:00,78.9,78.0,464,38.7
2025-12-25T04:00,69.4,68.7,462,32.6
2025-12-25T05:00,66.1,65.4,458,29.6
2025-12-25T06:00,69.6,68.7,453,27.8
2025-12-25T07:00,90.1,87.8,449,30.1
2025-12-25T08:00,64.0,60.8,446,22.7
2025-12-25T09:00,39.3,37.1,443,12.6
2025-12-25T10:00,31.4,30.6,441,5.1
2025-12-25T11:00,29.0,28.3,440,2.6
2025-12-25T12:00,27.5,26.9,440,2.8
2025-12-25T13:00,29.1,28.6,440,3.8
2025-12-25T14:00,32.1,31.8,439,5.1
2025-12-25T15:00,39.0,38.6,438,7.3
2025-12-25T16:00,45.1,44.7,439,9.9
2025-12-25T17:00,50.6,50.4,441,13.0
2025-12-25T18:00,48.0,47.8,445,16.7
2025-12-25T19:00,54.6,54.2,450,29.8
2025-12-25T20:00,64.7,63.8,456,32.1
2025-12-25T21:00,65.9,65.0,464,35.5
2025-12-25T22:00,75.4,74.3,469,38.9
2025-12-25T23:00,85.2,83.8,471,42.6
2025-12-26T00:00,93.1,91.7,471,46.4
2025-12-26T01:00,94.8,93.6,471,48.3
2025-12-26T02:00,90.1,89.2,471,47.2
2025-12-26T03:00,77.8,76.8,471,44.3
2025-12-26T04:00,70.3,69.6,469,40.7
2025-12-26T05:00,72.6,71.9,465,37.0
2025-12-26T06:00,83.1,81.7,460,32.6
2025-12-26T07:00,84.5,82.0,455,29.7
2025-12-26T08:00,59.5,56.1,451,22.5
2025-12-26T09:00,42.8,40.2,447,12.5
2025-12-26T10:00,32.1,30.7,443,5.1
2025-12-26T11:00,26.5,26.1,440,2.4
2025-12-26T12:00,23.9,23.6,437,2.2
2025-12-26T13:00,21.7,21.4,435,3.2
2025-12-26T14:00,20.3,19.9,434,5.2
2025-12-26T15:00,17.8,17.5,435,8.5
2025-12-26T16:00,20.7,20.3,436,12.2
2025-12-26T17:00,25.6,25.0,439,16.8
2025-12-26T18:00,30.3,29.7,442,21.8
2025-12-26T19:00,48.3,47.4,446,29.9
2025-12-26T20:00,51.9,51.1,449,30.4
2025-12-26T21:00,53.0,52.3,452,31.1
2025-12-26T22:00,56.3,55.6,455,31.4
2025-12-26T23:00,53.7,53.1,457,31.0
2025-12-27T00:00,50.8,50.2,458,30.3
2025-12-27T01:00,49.1,48.5,459,29.6
2025-12-27T02:00,47.1,46.7,459,29.3
2025-12-27T03:00,45.5,45.1,459,29.0
2025-12-27T04:00,44.6,44.1,458,28.0
2025-12-27T05:00,43.8,43.4,457,26.2
2025-12-27T06:00,49.0,48.3,455,23.7
2025-12-27T07:00,47.7,46.3,452,19.1
2025-12-27T08:00,37.0,35.5,448,15.7
2025-12-27T09:00,32.9,31.0,444,11.0
2025-12-27T10:00,27.1,24.9,441,7.2
2025-12-27T11:00,24.0,22.4,439,4.8
2025-12-27T12:00,22.3,21.1,437,3.3
2025-12-27T13:00,21.9,21.2,436,3.7
2025-12-27T14:00,25.6,25.3,435,7.2
2025-12-27T15:00,31.1,30.7,435,12.6
2025-12-27T16:00,31.8,31.0,437,17.8
2025-12-27T17:00,33.8,33.1,442,22.2
2025-12-27T18:00,39.1,38.5,449,26.5
2025-12-27T19:00,66.1,64.0,455,36.5
2025-12-27T20:00,95.5,92.9,459,39.5
2025-12-27T21:00,106.4,104.1,462,43.5
2025-12-27T22:00,98.5,96.4,464,46.0
2025-12-27T23:00,91.5,89.4,464,45.6
2025-12-28T00:00,89.2,87.3,463,43.8
2025-12-28T01:00,87.5,85.4,463,42.1
2025-12-28T02:00,85.2,83.4,464,41.6
2025-12-28T03:00,82.0,80.3,465,41.4
2025-12-28T04:00,78.2,76.8,465,40.1
2025-12-28T05:00,74.7,73.6,464,37.4
2025-12-28T06:00,78.5,76.6,463,33.6
2025-12-28T07:00,104.3,100.6,460,35.8
2025-12-28T08:00,66.4,62.2,453,26.7
2025-12-28T09:00,37.3,34.2,445,14.1
2025-12-28T10:00,27.5,25.3,439,4.8
2025-12-28T11:00,24.3,22.7,437,1.8
2025-12-28T12:00,25.1,23.5,437,2.0
2025-12-28T13:00,24.7,23.3,438,3.1
2025-12-28T14:00,26.8,25.8,438,4.1
2025-12-28T15:00,29.2,28.2,438,6.1
2025-12-28T16:00,35.2,34.3,439,9.5
2025-12-28T17:00,43.8,43.0,442,15.5
2025-12-28T18:00,58.6,57.7,446,23.0
2025-12-28T19:00,87.5,85.4,451,44.7
2025-12-28T20:00,71.0,69.4,457,41.5
2025-12-28T21:00,67.3,65.9,464,37.2
2025-12-28T22:00,71.5,70.1,468,34.3
2025-12-28T23:00,68.7,67.1,466,34.6
2025-12-29T00:00,71.7,68.5,462,36.3
2025-12-29T01:00,74.5,71.2,459,36.9
2025-12-29T02:00,68.7,65.7,460,35.1
2025-12-29T03:00,61.7,58.6,462,32.2
2025-12-29T04:00,59.5,56.2,464,29.5
2025-12-29T05:00,61.2,57.7,464,27.9
2025-12-29T06:00,72.4,68.2,462,26.4
2025-12-29T07:00,93.6,88.0,460,28.9
2025-12-29T08:00,61.0,54.0,457,21.9
2025-12-29T09:00,47.1,40.0,452,12.2
2025-12-29T10:00,41.7,34.9,449,5.0
2025-12-29T11:00,37.1,31.1,447,2.3
2025-12-29T12:00,34.3,29.0,446,2.0
2025-12-29T13:00,32.1,27.2,445,2.8
2025-12-29T14:00,31.3,26.8,444,4.0
2025-12-29T15:00,32.0,27.8,444,6.3
2025-12-29T16:00,36.7,32.8,445,10.3
2025-12-29T17:00,43.9,41.6,447,17.3
2025-12-29T18:00,60.1,58.1,449,26.1
2025-12-29T19:00,50.8,48.0,453,22.1
2025-12-29T20:00,52.0,48.9,459,24.2
2025-12-29T21:00,58.3,54.8,466,27.4
2025-12-29T22:00,69.4,65.4,471,31.0
2025-12-29T23:00,85.7,81.0,474,35.7
2025-12-30T00:00,99.4,94.5,476,41.0
2025-12-30T01:00,99.4,94.5,476,44.5
2025-12-30T02:00,93.4,88.9,475,44.9
2025-12-30T03:00,93.8,89.4,472,43.6
2025-12-30T04:00,103.1,99.0,469,42.1
2025-12-30T05:00,113.9,109.7,466,42.0
2025-12-30T06:00,130.4,125.7,463,41.8
2025-12-30T07:00,117.3,111.3,459,45.8
2025-12-30T08:00,69.6,62.4,455,36.1
2025-12-30T09:00,54.1,46.3,451,22.6
2025-12-30T10:00,46.9,40.9,448,12.0
2025-12-30T11:00,43.5,39.3,447,6.9
2025-12-30T12:00,43.5,39.5,448,4.6
2025-12-30T13:00,44.0,39.9,448,4.0
2025-12-30T14:00,43.7,39.5,448,4.0
2025-12-30T15:00,40.7,36.8,448,5.7
2025-12-30T16:00,43.8,39.9,448,11.2
2025-12-30T17:00,51.7,48.2,448,24.2
2025-12-30T18:00,79.6,76.1,449,41.1
2025-12-30T19:00,88.0,84.8,451,37.8
2025-12-30T20:00,71.2,69.2,457,35.9
2025-12-30T21:00,68.2,66.4,464,33.2
2025-12-30T22:00,71.2,69.2,469,30.5
2025-12-30T23:00,68.7,66.6,470,27.3
2025-12-31T00:00,55.9,53.9,470,24.1
2025-12-31T01:00,51.2,49.5,470,22.7
2025-12-31T02:00,53.6,51.9,472,24.9
2025-12-31T03:00,53.3,51.8,475,28.9
2025-12-31T04:00,55.5,54.0,476,31.2
2025-12-31T05:00,60.8,59.3,475,30.5
2025-12-31T06:00,51.8,50.5,472,28.0
2025-12-31T07:00,48.4,46.9,468,24.6
2025-12-31T08:00,42.0,40.7,461,19.3
2025-12-31T09:00,34.0,32.9,454,12.1
2025-12-31T10:00,29.3,28.4,447,6.5
2025-12-31T11:00,30.4,29.7,443,3.9
2025-12-31T12:00,31.3,30.7,441,3.1
2025-12-31T13:00,32.0,31.5,439,3.7
2025-12-31T14:00,27.3,27.0,438,6.0
2025-12-31T15:00,29.3,29.1,439,9.8
2025-12-31T16:00,32.7,32.6,439,14.2
2025-12-31T17:00,35.2,35.2,439,20.0
2025-12-31T18:00,46.0,45.9,439,26.3
2025-12-31T19:00,86.8,86.8,440,46.4
2025-12-31T20:00,93.8,93.6,443,44.9
2025-12-31T21:00,93.6,93.1,446,42.8
2025-12-31T22:00,88.7,88.2,449,40.8
2025-12-31T23:00,81.5,80.8,451,39.2
2026-01-01T00:00,77.8,77.1,453,37.8
2026-01-01T01:00,81.3,80.1,455,36.6
2026-01-01T02:00,78.2,76.8,457,35.9
2026-01-01T03:00,72.4,71.5,459,35.5
2026-01-01T04:00,77.1,75.7,459,34.9
2026-01-01T05:00,88.5,87.1,458,34.8
2026-01-01T06:00,92.7,90.8,455,34.6
2026-01-01T07:00,76.1,75.0,452,24.5
2026-01-01T08:00,70.5,70.3,449,20.7
2026-01-01T09:00,60.1,59.8,445,15.4
2026-01-01T10:00,43.9,43.7,443,10.8
2026-01-01T11:00,39.1,38.9,442,7.6
2026-01-01T12:00,37.0,36.8,442,5.2
2026-01-01T13:00,35.6,35.3,442,4.0
2026-01-01T14:00,36.3,36.0,443,3.8
2026-01-01T15:00,37.0,36.6,444,4.8
2026-01-01T16:00,35.3,34.9,447,8.2
2026-01-01T17:00,40.0,39.8,453,15.4
2026-01-01T18:00,43.7,43.5,462,25.1
2026-01-01T19:00,60.3,59.8,467,36.5
2026-01-01T20:00,58.7,58.4,468,40.9
2026-01-01T21:00,75.4,75.0,465,47.0
2026-01-01T22:00,91.3,90.1,463,51.4
2026-01-01T23:00,94.3,92.7,461,53.0
2026-01-02T00:00,98.5,96.9,458,52.9
2026-01-02T01:00,98.7,97.1,457,51.6
2026-01-02T02:00,88.9,87.3,458,48.9
2026-01-02T03:00,75.9,74.3,459,45.0
2026-01-02T04:00,71.9,70.1,460,40.8
2026-01-02T05:00,71.5,69.6,459,36.5
2026-01-02T06:00,73.8,71.9,458,32.0
2026-01-02T07:00,58.8,57.2,455,29.2
2026-01-02T08:00,53.6,51.7,450,24.3
2026-01-02T09:00,44.1,43.2,444,17.5
2026-01-02T10:00,36.1,36.0,440,12.0
2026-01-02T11:00,29.3,29.3,438,9.1
2026-01-02T12:00,26.5,26.4,437,7.5
2026-01-02T13:00,26.2,26.1,437,6.7
2026-01-02T14:00,29.6,29.4,436,6.2
2026-01-02T15:00,31.4,31.3,435,6.6
2026-01-02T16:00,36.2,36.0,436,8.8
2026-01-02T17:00,50.8,50.5,441,14.6
2026-01-02T18:00,63.1,62.9,448,22.2
2026-01-02T19:00,62.2,61.7,455,27.4
2026-01-02T20:00,79.6,79.2,460,31.3
2026-01-02T21:00,88.7,88.5,464,36.8
2026-01-02T22:00,99.9,99.7,467,41.1
2026-01-02T23:00,103.1,102.7,467,43.0
2026-01-03T00:00,103.6,103.4,465,43.8
2026-01-03T01:00,110.1,109.4,464,44.7
2026-01-03T02:00,111.3,109.9,463,46.4
2026-01-03T03:00,112.7,110.8,462,48.2
2026-01-03T04:00,116.2,114.1,462,49.0
2026-01-03T05:00,115.3,113.2,463,48.8
2026-01-03T06:00,118.3,116.2,465,47.6
2026-01-03T07:00,122.0,119.2,465,48.7
2026-01-03T08:00,123.9,121.1,460,40.5
2026-01-03T09:00,92.7,91.5,453,29.0
2026-01-03T10:00,75.7,74.0,447,20.0
2026-01-03T11:00,61.9,60.5,444,15.5
2026-01-03T12:00,52.7,51.5,443,13.5
2026-01-03T13:00,48.2,47.0,442,13.0
2026-01-03T14:00,54.8,53.9,441,14.2
2026-01-03T15:00,45.1,44.5,440,17.0
2026-01-03T16:00,41.0,40.6,441,20.3
2026-01-03T17:00,40.5,40.3,444,23.9
2026-01-03T18:00,43.8,43.5,449,28.0
2026-01-03T19:00,90.8,90.1,453,50.1
2026-01-03T20:00,115.0,113.6,455,58.6
2026-01-03T21:00,149.5,146.7,456,69.9
2026-01-03T22:00,149.9,147.1,456,74.8
2026-01-03T23:00,119.2,116.9,456,66.9
2026-01-04T00:00,94.8,92.9,455,52.5
2026-01-04T01:00,86.8,85.4,455,41.6
2026-01-04T02:00,81.3,79.9,458,39.0
2026-01-04T03:00,80.6,78.9,463,39.9
2026-01-04T04:00,84.8,82.7,466,39.5
2026-01-04T05:00,85.9,83.8,466,36.0
2026-01-04T06:00,91.7,89.4,465,31.3
2026-01-04T07:00,74.3,72.2,462,27.3
2026-01-04T08:00,55.3,55.2,457,21.1
2026-01-04T09:00,41.7,41.4,450,12.6
2026-01-04T10:00,38.8,38.6,444,6.2
2026-01-04T11:00,36.0,35.7,441,3.7
2026-01-04T12:00,35.0,34.8,439,3.3
2026-01-04T13:00,33.2,33.1,438,3.7
2026-01-04T14:00,33.2,33.1,437,3.6
2026-01-04T15:00,34.7,34.6,437,4.3
2026-01-04T16:00,36.7,36.7,438,8.6
2026-01-04T17:00,46.6,46.6,443,20.0
2026-01-04T18:00,72.6,72.6,449,35.1
2026-01-04T19:00,54.6,54.2,454,29.0
2026-01-04T20:00,61.2,60.5,456,37.3
2026-01-04T21:00,81.5,80.6,457,48.9
2026-01-04T22:00,118.5,117.3,458,58.4
2026-01-04T23:00,145.8,144.4,458,64.4
2026-01-05T00:00,158.3,156.5,458,68.3
2026-01-05T01:00,169.0,167.6,459,68.7
2026-01-05T02:00,149.9,148.5,462,64.1
2026-01-05T03:00,114.8,113.6,465,56.0
2026-01-05T04:00,104.8,103.8,468,48.2
2026-01-05T05:00,104.3,103.1,470,42.0
2026-01-05T06:00,100.8,99.4,471,36.1
2026-01-05T07:00,96.6,96.6,468,32.5
2026-01-05T08:00,84.1,83.8,459,26.0
2026-01-05T09:00,68.2,68.0,446,17.1
2026-01-05T10:00,50.9,50.5,437,9.9
2026-01-05T11:00,41.6,41.2,435,6.0
2026-01-05T12:00,36.4,36.0,436,3.9
2026-01-05T13:00,34.0,33.6,438,3.4
2026-01-05T14:00,32.1,31.7,438,3.9
2026-01-05T15:00,34.9,34.6,439,5.9
2026-01-05T16:00,35.9,35.5,442,10.7
2026-01-05T17:00,44.2,44.0,450,21.0
2026-01-05T18:00,62.4,62.2,461,34.1
2026-01-05T19:00,106.6,104.1,468,53.9
2026-01-05T20:00,84.8,83.8,467,46.2
2026-01-05T21:00,75.2,74.7,462,35.6
2026-01-05T22:00,71.7,71.5,458,27.5
2026-01-05T23:00,66.6,66.6,455,24.2
2026-01-06T00:00,62.4,62.2,453,23.4
2026-01-06T01:00,59.5,59.4,452,23.1
2026-01-06T02:00,57.3,57.2,454,22.8
2026-01-06T03:00,56.7,56.6,457,23.1
2026-01-06T04:00,57.3,57.0,459,23.1
2026-01-06T05:00,57.5,57.3,460,23.2
2026-01-06T06:00,59.4,59.1,461,23.1
2026-01-06T07:00,80.3,80.1,459,26.9
2026-01-06T08:00,71.2,70.5,452,20.8
2026-01-06T09:00,48.5,47.1,443,12.5
2026-01-06T10:00,39.5,35.6,436,6.2
2026-01-06T11:00,32.6,29.2,435,3.9
2026-01-06T12:00,26.8,23.9,436,3.6
2026-01-06T13:00,21.2,18.7,437,4.2
2026-01-06T14:00,18.1,16.1,435,5.3
2026-01-06T15:00,18.9,17.2,433,7.3
2026-01-06T16:00,21.7,20.1,434,10.2
2026-01-06T17:00,28.6,27.2,440,14.9
2026-01-06T18:00,40.9,39.6,450,20.6
2026-01-06T19:00,67.5,65.7,459,36.2
2026-01-06T20:00,66.6,65.0,468,33.2
2026-01-06T21:00,66.6,65.2,477,29.2
2026-01-06T22:00,66.8,65.7,481,27.4
2026-01-06T23:00,73.6,72.9,478,30.1
2026-01-07T00:00,86.6,85.2,471,35.0
2026-01-07T01:00,92.0,90.8,466,37.9
2026-01-07T02:00,89.6,88.5,465,36.5
2026-01-07T03:00,82.2,81.0,465,33.2
2026-01-07T04:00,72.9,71.7,464,30.3
2026-01-07T05:00,69.8,68.9,462,29.6
2026-01-07T06:00,71.9,70.8,459,29.4
2026-01-07T07:00,75.4,72.9,455,26.0
2026-01-07T08:00,57.0,53.1,450,20.0
2026-01-07T09:00,37.4,33.5,444,11.6
2026-01-07T10:00,29.3,26.6,440,5.3
2026-01-07T11:00,24.8,23.6,438,2.7
2026-01-07T12:00,24.4,23.3,437,2.2
2026-01-07T13:00,23.9,23.1,436,2.8
2026-01-07T14:00,21.3,20.7,434,4.4
2026-01-07T15:00,23.6,23.3,432,7.2
2026-01-07T16:00,27.6,27.5,434,11.2
2026-01-07T17:00,34.2,34.1,443,17.0
2026-01-07T18:00,45.8,45.5,455,23.9
2026-01-07T19:00,79.6,78.0,466,48.0
2026-01-07T20:00,105.7,104.1,474,54.8
2026-01-07T21:00,136.4,134.6,481,64.1
2026-01-07T22:00,166.2,164.4,484,70.6
2026-01-07T23:00,172.8,170.9,482,72.0
2026-01-08T00:00,178.3,176.5,475,70.6
2026-01-08T01:00,185.8,183.9,470,67.7
2026-01-08T02:00,178.8,177.0,466,63.5
2026-01-08T03:00,152.7,151.3,463,57.8
2026-01-08T04:00,113.4,111.5,461,51.8
2026-01-08T05:00,84.1,82.7,460,46.0
2026-01-08T06:00,71.7,70.1,460,39.8
2026-01-08T07:00,104.3,101.0,459,31.9
2026-01-08T08:00,93.6,92.9,455,24.5
2026-01-08T09:00,67.8,66.6,450,14.2
2026-01-08T10:00,58.7,57.5,445,6.7
2026-01-08T11:00,56.0,54.9,441,4.4
2026-01-08T12:00,50.6,49.6,438,4.8
2026-01-08T13:00,48.3,47.5,437,6.2
2026-01-08T14:00,44.4,43.8,437,7.8
2026-01-08T15:00,39.5,39.0,439,10.4
2026-01-08T16:00,43.7,43.3,442,14.2
2026-01-08T17:00,48.2,48.0,446,20.9
2026-01-08T18:00,55.5,55.3,451,28.9
2026-01-08T19:00,66.8,66.4,455,36.9
2026-01-08T20:00,71.2,70.3,459,36.3
2026-01-08T21:00,56.9,56.2,463,35.3
2026-01-08T22:00,58.2,57.5,465,33.7
2026-01-08T23:00,54.6,53.8,462,30.8
2026-01-09T00:00,49.5,48.8,456,27.3
2026-01-09T01:00,43.0,42.4,452,24.5
2026-01-09T02:00,39.7,39.3,452,22.9
2026-01-09T03:00,39.8,39.5,454,21.9
2026-01-09T04:00,43.3,43.0,456,21.8
2026-01-09T05:00,49.0,48.8,457,23.5
2026-01-09T06:00,58.9,58.7,457,25.9
2026-01-09T07:00,56.1,55.8,456,24.3
2026-01-09T08:00,51.9,51.7,452,19.4
2026-01-09T09:00,38.3,38.2,446,12.6
2026-01-09T10:00,29.7,29.5,442,7.4
2026-01-09T11:00,25.3,25.1,440,5.0
2026-01-09T12:00,22.9,22.8,438,4.2
2026-01-09T13:00,24.6,24.4,438,4.7
2026-01-09T14:00,25.7,25.4,439,7.0
2026-01-09T15:00,23.2,22.9,440,10.7
2026-01-09T16:00,23.5,23.2,442,14.2
2026-01-09T17:00,24.9,24.7,444,17.1
2026-01-09T18:00,28.6,28.4,447,19.8
2026-01-09T19:00,45.5,45.5,449,25.9
2026-01-09T20:00,50.2,50.2,450,27.5
2026-01-09T21:00,52.7,52.6,450,29.5
2026-01-09T22:00,53.0,52.3,451,29.7
2026-01-09T23:00,44.6,44.2,452,26.3
2026-01-10T00:00,36.4,36.3,453,21.1
2026-01-10T01:00,32.2,32.1,454,17.1
2026-01-10T02:00,33.5,33.4,455,15.6
2026-01-10T03:00,28.6,28.6,457,15.4
2026-01-10T04:00,23.3,23.3,458,15.5
2026-01-10T05:00,22.6,22.4,459,16.2
2026-01-10T06:00,25.0,24.5,458,17.2
2026-01-10T07:00,32.6,31.9,457,18.6
2026-01-10T08:00,27.8,27.8,453,16.1
2026-01-10T09:00,23.6,23.5,448,12.6
2026-01-10T10:00,20.8,20.8,443,9.5
2026-01-10T11:00,20.1,20.1,440,7.0
2026-01-10T12:00,17.9,17.9,438,4.9
2026-01-10T13:00,18.7,18.6,437,4.3
2026-01-10T14:00,21.1,21.0,436,5.7
2026-01-10T15:00,19.2,19.0,435,8.6
2026-01-10T16:00,19.2,19.2,436,11.9
2026-01-10T17:00,24.0,23.9,440,16.0
2026-01-10T18:00,31.4,31.3,445,20.5
2026-01-10T19:00,45.1,44.9,449,23.2
2026-01-10T20:00,49.4,49.2,451,24.5
2026-01-10T21:00,55.6,55.6,452,26.1
2026-01-10T22:00,54.7,54.7,453,26.9
2026-01-10T23:00,53.6,53.1,454,25.9
2026-01-11T00:00,50.3,49.7,455,24.1
2026-01-11T01:00,45.6,45.2,456,22.7
2026-01-11T02:00,44.4,43.7,457,22.7
2026-01-11T03:00,44.8,43.9,458,23.1
2026-01-11T04:00,45.2,44.1,458,23.1
2026-01-11T05:00,46.4,45.5,458,22.4
2026-01-11T06:00,50.2,49.1,457,21.2
2026-01-11T07:00,36.4,36.2,455,18.5
2026-01-11T08:00,26.1,26.0,451,15.1
2026-01-11T09:00,21.1,20.9,447,10.4
2026-01-11T10:00,20.0,19.9,443,7.1
2026-01-11T11:00,22.4,22.2,441,6.4
2026-01-11T12:00,19.3,19.1,440,7.0
2026-01-11T13:00,17.3,17.0,439,8.2
2026-01-11T14:00,15.9,15.7,438,9.8
2026-01-11T15:00,15.6,15.3,437,11.9
2026-01-11T16:00,14.4,14.1,437,14.2
2026-01-11T17:00,14.6,14.3,440,16.9
2026-01-11T18:00,17.2,16.8,445,19.9
2026-01-11T19:00,20.2,19.4,449,22.2
2026-01-11T20:00,21.1,20.4,451,23.5
2026-01-11T21:00,22.8,22.2,452,24.1
2026-01-11T22:00,23.5,22.9,453,24.2
2026-01-11T23:00,22.3,21.7,454,23.9
2026-01-12T00:00,19.7,19.2,454,23.1
2026-01-12T01:00,17.1,16.5,454,22.1
2026-01-12T02:00,15.0,14.4,455,20.6
2026-01-12T03:00,13.9,13.4,456,18.9
2026-01-12T04:00,14.2,13.7,456,18.0
2026-01-12T05:00,18.6,18.0,455,19.0
2026-01-12T06:00,26.0,25.3,453,20.7
2026-01-12T07:00,21.8,20.8,451,17.1
2026-01-12T08:00,19.8,19.0,448,14.5
2026-01-12T09:00,18.0,17.2,445,11.0
2026-01-12T10:00,12.9,12.7,442,8.3
2026-01-12T11:00,9.5,9.3,440,7.1
2026-01-12T12:00,10.9,10.6,439,6.7
2026-01-12T13:00,12.4,12.2,438,7.0
2026-01-12T14:00,12.5,12.3,437,8.2
2026-01-12T15:00,13.3,13.1,436,10.2
2026-01-12T16:00,16.0,15.7,437,12.2
2026-01-12T17:00,16.9,16.6,439,14.0
2026-01-12T18:00,16.9,16.7,443,15.9
2026-01-12T19:00,21.4,21.0,446,19.0
2026-01-12T20:00,23.3,23.0,449,19.5
2026-01-12T21:00,25.6,25.4,451,20.1
2026-01-12T22:00,27.4,27.2,453,20.6
2026-01-12T23:00,28.3,28.1,453,20.8
2026-01-13T00:00,28.5,28.3,452,21.0
2026-01-13T01:00,29.7,29.5,452,21.0
2026-01-13T02:00,28.9,28.6,456,21.1
2026-01-13T03:00,26.5,26.2,461,21.1
2026-01-13T04:00,24.7,24.4,463,20.8
2026-01-13T05:00,24.4,24.3,460,20.4
2026-01-13T06:00,27.0,26.8,453,19.7
2026-01-13T07:00,34.5,33.9,448,18.7
2026-01-13T08:00,30.4,30.0,445,15.5
2026-01-13T09:00,26.8,26.4,442,11.1
2026-01-13T10:00,23.1,22.7,440,7.7
2026-01-13T11:00,19.8,19.4,439,6.0
2026-01-13T12:00,19.6,19.3,438,5.3
2026-01-13T13:00,20.0,19.6,437,5.2
2026-01-13T14:00,16.3,16.1,437,5.5
2026-01-13T15:00,16.8,16.5,436,6.5
2026-01-13T16:00,17.8,17.4,437,8.1
2026-01-13T17:00,21.0,20.7,439,10.9
2026-01-13T18:00,23.1,22.9,442,14.3
2026-01-13T19:00,27.1,26.7,444,18.1
2026-01-13T20:00,29.7,29.5,446,18.4
2026-01-13T21:00,31.0,30.7,447,18.8
2026-01-13T22:00,29.6,29.3,448,19.1
2026-01-13T23:00,26.6,26.3,449,19.1
2026-01-14T00:00,25.3,25.0,450,19.0
2026-01-14T01:00,25.9,25.6,451,18.8
2026-01-14T02:00,25.6,25.3,451,18.4
2026-01-14T03:00,24.9,24.5,451,17.9
2026-01-14T04:00,24.1,23.8,451,17.3
2026-01-14T05:00,23.5,23.3,450,16.8
2026-01-14T06:00,23.9,23.7,449,16.2
2026-01-14T07:00,22.6,22.4,447,16.4
2026-01-14T08:00,20.2,19.8,444,13.8
2026-01-14T09:00,17.4,17.0,440,10.2
2026-01-14T10:00,16.3,16.0,437,7.6
2026-01-14T11:00,16.1,15.9,436,6.8
2026-01-14T12:00,16.1,15.9,436,7.0
2026-01-14T13:00,17.0,16.8,437,8.1
2026-01-14T14:00,16.1,15.9,437,10.7
2026-01-14T15:00,15.8,15.7,438,14.1
2026-01-14T16:00,20.7,20.5,439,16.8
2026-01-14T17:00,26.3,26.1,440,17.7
2026-01-14T18:00,24.6,24.4,442,17.8
2026-01-14T19:00,36.9,36.2,443,19.0
2026-01-14T20:00,36.2,35.9,444,18.4
2026-01-14T21:00,33.8,33.5,446,17.5
2026-01-14T22:00,30.0,29.7,447,16.9
2026-01-14T23:00,26.0,25.7,448,16.8
2026-01-15T00:00,23.0,22.8,449,16.9
2026-01-15T01:00,20.1,20.0,450,16.9
2026-01-15T02:00,18.0,17.9,452,16.6
2026-01-15T03:00,17.4,17.3,453,16.2
2026-01-15T04:00,16.2,16.2,454,15.9
2026-01-15T05:00,16.6,16.5,453,16.0
2026-01-15T06:00,18.9,18.8,451,16.3
2026-01-15T07:00,32.0,31.7,449,17.5
2026-01-15T08:00,23.5,23.2,446,15.8
2026-01-15T09:00,24.9,24.6,442,13.4
2026-01-15T10:00,25.7,25.4,439,11.3
2026-01-15T11:00,26.4,26.1,438,9.4
2026-01-15T12:00,26.5,26.1,438,7.9
2026-01-15T13:00,22.9,22.6,438,7.6
2026-01-15T14:00,19.8,19.6,437,9.5
2026-01-15T15:00,15.9,15.7,435,12.8
2026-01-15T16:00,17.8,17.7,435,15.8
2026-01-15T17:00,21.0,20.8,437,18.2
2026-01-15T18:00,25.0,24.9,441,20.3
2026-01-15T19:00,30.9,30.7,444,23.5
2026-01-15T20:00,32.7,32.6,447,23.7
2026-01-15T21:00,32.8,32.6,449,23.9
2026-01-15T22:00,33.5,33.1,451,23.8
2026-01-15T23:00,30.5,30.0,452,23.2
2026-01-16T00:00,27.1,26.6,453,22.2
2026-01-16T01:00,24.9,24.2,454,21.6
2026-01-16T02:00,24.3,23.4,455,21.8
2026-01-16T03:00,24.4,23.5,455,22.2
2026-01-16T04:00,24.7,24.0,455,22.0
2026-01-16T05:00,27.4,26.8,453,20.8
2026-01-16T06:00,31.7,30.7,451,18.9
2026-01-16T07:00,32.5,30.7,448,16.5
2026-01-16T08:00,29.0,27.2,446,13.5
2026-01-16T09:00,24.2,22.8,443,9.4
2026-01-16T10:00,20.4,19.7,441,6.4
2026-01-16T11:00,17.9,17.1,439,5.7
2026-01-16T12:00,18.6,17.8,438,6.2
2026-01-16T13:00,19.8,19.3,437,6.7
2026-01-16T14:00,20.9,20.3,436,6.4
2026-01-16T15:00,20.7,20.3,435,6.2
2026-01-16T16:00,22.5,22.1,435,7.3
2026-01-16T17:00,26.7,26.3,437,10.8
2026-01-16T18:00,31.2,31.0,439,15.6
2026-01-16T19:00,27.6,27.6,442,21.5
2026-01-16T20:00,32.7,32.6,445,22.3
2026-01-16T21:00,33.3,32.9,447,23.4
2026-01-16T22:00,35.6,35.0,449,23.6
2026-01-16T23:00,34.7,33.8,450,22.1
2026-01-17T00:00,28.9,28.2,450,19.6
2026-01-17T01:00,25.6,25.3,450,17.7
2026-01-17T02:00,24.6,24.4,451,16.8
2026-01-17T03:00,23.9,23.7,453,16.5
2026-01-17T04:00,23.7,23.6,454,16.2
2026-01-17T05:00,26.0,25.8,454,16.3
2026-01-17T06:00,31.3,31.2,453,16.6
2026-01-17T07:00,22.4,22.2,451,15.3
2026-01-17T08:00,18.5,18.5,447,12.5
2026-01-17T09:00,16.9,16.9,442,8.6
2026-01-17T10:00,18.9,18.7,439,5.6
2026-01-17T11:00,21.2,21.0,439,4.0
2026-01-17T12:00,22.5,22.1,440,3.2
2026-01-17T13:00,23.3,22.9,440,3.3
2026-01-17T14:00,20.8,20.5,438,4.0
2026-01-17T15:00,20.7,20.4,436,5.6
2026-01-17T16:00,22.9,22.7,435,8.5
2026-01-17T17:00,24.9,24.6,438,13.9
2026-01-17T18:00,31.4,31.2,443,20.6
2026-01-17T19:00,33.2,32.7,447,26.6
2026-01-17T20:00,37.1,36.8,450,29.7
2026-01-17T21:00,43.2,42.5,453,33.9
2026-01-17T22:00,50.1,49.0,455,35.5
2026-01-17T23:00,42.4,41.3,455,32.3
2026-01-18T00:00,31.7,31.1,454,26.6
2026-01-18T01:00,24.2,24.0,453,22.0
2026-01-18T02:00,20.1,20.0,453,20.0
2026-01-18T03:00,19.8,19.7,453,19.0
2026-01-18T04:00,19.9,19.8,452,18.2
2026-01-18T05:00,21.2,21.1,451,17.6
2026-01-18T06:00,26.6,26.2,450,17.2
2026-01-18T07:00,29.1,28.6,448,18.4
2026-01-18T08:00,29.0,28.9,445,16.9
2026-01-18T09:00,28.3,28.2,443,14.6
2026-01-18T10:00,23.7,23.6,440,12.4
2026-01-18T11:00,22.2,22.0,438,9.7
2026-01-18T12:00,21.7,21.4,437,6.9
2026-01-18T13:00,20.5,20.2,436,6.1
2026-01-18T14:00,16.4,16.1,435,8.5
2026-01-18T15:00,18.0,17.9,435,12.9
2026-01-18T16:00,19.4,19.3,436,17.4
2026-01-18T17:00,24.9,24.8,438,21.8
2026-01-18T18:00,31.3,31.2,440,26.4
2026-01-18T19:00,32.7,32.5,443,28.8
2026-01-18T20:00,35.2,34.5,446,29.5
2026-01-18T21:00,38.2,37.5,449,30.3
2026-01-18T22:00,39.6,39.0,452,30.4
2026-01-18T23:00,38.2,37.6,455,29.1
2026-01-19T00:00,34.7,34.1,457,27.1
2026-01-19T01:00,31.8,31.1,458,25.6
2026-01-19T02:00,30.6,29.8,458,25.6
2026-01-19T03:00,30.4,29.5,456,26.2
2026-01-19T04:00,31.4,30.4,455,26.0
2026-01-19T05:00,31.8,30.6,455,24.7
2026-01-19T06:00,33.3,32.1,456,22.7
2026-01-19T07:00,45.1,43.4,455,24.6
2026-01-19T08:00,44.4,42.7,451,19.1
2026-01-19T09:00,30.5,30.2,445,11.5
2026-01-19T10:00,28.2,28.0,440,5.9
2026-01-19T11:00,28.3,28.1,438,4.1
2026-01-19T12:00,31.7,31.4,438,4.2
2026-01-19T13:00,34.9,34.6,438,5.1
2026-01-19T14:00,36.0,35.6,437,6.4
2026-01-19T15:00,38.9,38.6,436,8.4
2026-01-19T16:00,38.1,37.7,436,11.1
2026-01-19T17:00,35.3,35.2,438,15.0
2026-01-19T18:00,42.1,42.0,442,19.5
2026-01-19T19:00,38.8,38.8,445,21.4
2026-01-19T20:00,44.5,44.4,447,22.0
2026-01-19T21:00,45.9,45.8,448,22.7
2026-01-19T22:00,47.0,47.0,449,22.7
2026-01-19T23:00,44.1,44.0,451,21.2
2026-01-20T00:00,39.6,39.5,452,19.0
2026-01-20T01:00,38.5,38.3,454,17.9
2026-01-20T02:00,40.0,39.8,456,19.0
2026-01-20T03:00,42.6,42.4,458,21.0
2026-01-20T04:00,44.0,43.8,459,22.5
2026-01-20T05:00,45.6,45.4,457,23.1
2026-01-20T06:00,48.4,48.2,453,23.0
2026-01-20T07:00,63.8,63.6,449,21.9
2026-01-20T08:00,53.3,53.0,445,16.9
2026-01-20T09:00,39.6,39.1,441,10.0
2026-01-20T10:00,37.5,37.0,438,5.0
2026-01-20T11:00,39.0,38.6,437,3.3
2026-01-20T12:00,39.6,39.2,438,3.5
2026-01-20T13:00,40.0,39.7,438,4.7
2026-01-20T14:00,36.2,35.9,438,6.9
2026-01-20T15:00,32.0,31.9,438,10.2
2026-01-20T16:00,34.3,34.2,439,13.4
2026-01-20T17:00,37.5,37.3,440,16.6
2026-01-20T18:00,38.5,38.4,441,19.7
2026-01-20T19:00,30.7,30.3,443,21.0
2026-01-20T20:00,32.0,31.5,446,21.3
2026-01-20T21:00,34.5,34.0,449,21.6
2026-01-20T22:00,35.9,35.4,452,21.3
2026-01-20T23:00,33.6,33.1,453,19.9
2026-01-21T00:00,28.8,28.2,452,17.9
2026-01-21T01:00,27.8,27.4,452,16.4
2026-01-21T02:00,30.4,30.0,452,15.9
2026-01-21T03:00,31.2,31.0,453,16.0
2026-01-21T04:00,30.7,30.5,453,16.3
2026-01-21T05:00,30.9,30.7,453,17.3
2026-01-21T06:00,32.1,32.0,452,18.5
2026-01-21T07:00,29.6,29.4,451,16.9
2026-01-21T08:00,24.2,23.9,448,14.2
2026-01-21T09:00,21.1,20.7,443,10.5
2026-01-21T10:00,19.2,18.8,440,7.7
2026-01-21T11:00,16.4,16.1,438,6.3
2026-01-21T12:00,16.1,15.8,437,5.8
2026-01-21T13:00,17.6,17.2,437,6.3
2026-01-21T14:00,17.1,16.7,437,8.0
2026-01-21T15:00,18.5,18.2,437,10.7
2026-01-21T16:00,20.9,20.7,438,13.4
2026-01-21T17:00,25.6,25.4,440,16.3
2026-01-21T18:00,27.9,27.8,443,19.3
2026-01-21T19:00,37.5,37.4,446,17.5
2026-01-21T20:00,38.3,38.2,449,18.0
2026-01-21T21:00,38.3,38.2,451,18.8
2026-01-21T22:00,40.0,39.9,453,19.3
2026-01-21T23:00,39.9,39.8,453,19.4
2026-01-22T00:00,35.4,35.2,452,19.4
2026-01-22T01:00,27.5,27.0,452,19.4
2026-01-22T02:00,22.3,21.2,453,19.6
2026-01-22T03:00,19.8,18.9,455,19.8
2026-01-22T04:00,19.4,18.5,455,20.0
2026-01-22T05:00,20.3,19.3,454,20.3
2026-01-22T06:00,23.5,22.5,452,20.5
2026-01-22T07:00,21.1,20.4,449,18.1
2026-01-22T08:00,22.5,21.2,446,16.9
2026-01-22T09:00,21.2,20.1,443,15.2
2026-01-22T10:00,20.6,20.0,440,13.1
2026-01-22T11:00,21.6,21.1,438,9.8
2026-01-22T12:00,21.9,21.5,438,6.2
2026-01-22T13:00,23.1,22.7,437,4.5
2026-01-22T14:00,22.5,22.2,436,6.4
2026-01-22T15:00,18.2,18.0,436,10.3
2026-01-22T16:00,16.5,16.3,437,13.9
2026-01-22T17:00,16.9,16.8,440,16.5
2026-01-22T18:00,18.5,18.3,445,18.8
2026-01-22T19:00,23.2,22.9,449,18.6
2026-01-22T20:00,22.4,21.9,452,18.5
2026-01-22T21:00,22.7,21.8,455,18.5
2026-01-22T22:00,22.8,21.8,457,18.3
2026-01-22T23:00,21.9,20.8,458,18.0
2026-01-23T00:00,21.1,19.8,457,17.6
2026-01-23T01:00,20.7,19.3,457,17.4
2026-01-23T02:00,20.0,18.7,457,17.5
2026-01-23T03:00,20.3,19.0,457,17.6
2026-01-23T04:00,19.5,18.4,456,17.5
2026-01-23T05:00,19.1,18.1,455,17.1
2026-01-23T06:00,23.0,21.9,453,16.4
2026-01-23T07:00,28.7,26.4,451,15.2
2026-01-23T08:00,27.0,24.7,448,12.7
2026-01-23T09:00,24.8,22.5,444,9.3
2026-01-23T10:00,21.4,19.8,441,6.5
2026-01-23T11:00,20.4,18.8,440,4.9
2026-01-23T12:00,20.1,18.9,440,3.9
2026-01-23T13:00,22.9,21.4,440,3.6
2026-01-23T14:00,24.9,23.2,440,3.5
2026-01-23T15:00,27.3,25.5,441,4.1
2026-01-23T16:00,21.1,19.9,442,6.2
2026-01-23T17:00,21.9,20.8,445,11.2
2026-01-23T18:00,26.5,25.3,448,17.7
2026-01-23T19:00,41.7,39.5,452,29.8
2026-01-23T20:00,38.5,36.4,456,29.6
2026-01-23T21:00,44.4,41.9,460,29.4
2026-01-23T22:00,46.7,44.4,463,28.7
2026-01-23T23:00,42.7,40.5,463,27.3
2026-01-24T00:00,38.4,36.3,461,25.4
2026-01-24T01:00,37.3,35.2,460,24.3
2026-01-24T02:00,38.6,36.4,460,24.6
2026-01-24T03:00,41.1,38.6,460,25.6
2026-01-24T04:00,42.0,39.6,459,25.9
2026-01-24T05:00,45.4,42.7,457,25.4
2026-01-24T06:00,55.5,52.5,453,24.3
2026-01-24T07:00,51.3,48.4,450,24.3
2026-01-24T08:00,37.7,34.2,447,19.0
2026-01-24T09:00,32.2,28.6,444,11.7
2026-01-24T10:00,26.7,23.0,442,6.1
2026-01-24T11:00,24.2,20.5,441,3.8
2026-01-24T12:00,21.0,17.9,442,3.1
2026-01-24T13:00,20.8,17.9,442,3.0
2026-01-24T14:00,20.5,18.2,442,2.6
2026-01-24T15:00,20.9,18.1,441,2.6
2026-01-24T16:00,20.4,17.9,442,4.6
2026-01-24T17:00,21.2,19.8,445,10.1
2026-01-24T18:00,27.3,25.7,450,17.4
2026-01-24T19:00,33.6,31.4,453,21.3
2026-01-24T20:00,32.9,30.9,455,22.1
2026-01-24T21:00,35.0,32.9,456,23.2
2026-01-24T22:00,36.3,34.3,456,23.6
2026-01-24T23:00,34.1,32.2,455,22.4
2026-01-25T00:00,31.1,29.1,454,20.6
2026-01-25T01:00,30.0,27.9,453,19.3
2026-01-25T02:00,30.0,27.9,454,19.5
2026-01-25T03:00,30.7,28.5,456,20.3
2026-01-25T04:00,32.5,30.3,457,20.7
2026-01-25T05:00,36.8,34.6,457,20.8
2026-01-25T06:00,43.2,41.0,457,20.5
2026-01-25T07:00,30.7,27.9,456,14.0
2026-01-25T08:00,29.0,25.9,452,11.5
2026-01-25T09:00,26.2,22.7,447,8.0
2026-01-25T10:00,25.4,21.7,443,5.2
2026-01-25T11:00,22.0,19.9,441,3.8
2026-01-25T12:00,21.9,20.5,440,3.1
2026-01-25T13:00,23.0,21.8,439,2.8
2026-01-25T14:00,23.8,22.6,437,2.6
2026-01-25T15:00,24.0,22.8,436,2.9
2026-01-25T16:00,23.0,21.8,436,4.6
2026-01-25T17:00,25.3,24.3,439,8.8
2026-01-25T18:00,28.2,27.2,443,14.3
2026-01-25T19:00,36.6,35.2,447,20.5
2026-01-25T20:00,35.7,34.1,449,20.4
2026-01-25T21:00,35.2,33.2,451,20.2
2026-01-25T22:00,32.6,30.6,453,19.9
2026-01-25T23:00,29.5,27.5,454,19.5
2026-01-26T00:00,27.1,25.0,456,19.1
2026-01-26T01:00,25.7,23.7,457,18.9
2026-01-26T02:00,25.0,22.9,459,19.1
2026-01-26T03:00,24.8,22.7,461,19.5
2026-01-26T04:00,24.7,22.6,462,19.4
2026-01-26T05:00,24.9,22.8,461,18.5
2026-01-26T06:00,26.5,24.4,460,17.0
2026-01-26T07:00,36.6,34.1,457,20.5
2026-01-26T08:00,31.4,28.6,453,16.5
2026-01-26T09:00,26.3,23.3,447,11.0
2026-01-26T10:00,21.2,20.2,443,6.6
2026-01-26T11:00,20.9,20.2,440,4.4
2026-01-26T12:00,21.3,20.7,438,3.3
2026-01-26T13:00,22.3,21.7,437,3.0
2026-01-26T14:00,25.1,24.6,437,3.3
2026-01-26T15:00,23.6,23.3,439,4.4
2026-01-26T16:00,24.4,24.0,440,6.6
2026-01-26T17:00,26.6,26.3,440,10.3
2026-01-26T18:00,29.5,29.3,440,15.1
2026-01-26T19:00,30.0,30.0,441,21.4
2026-01-26T20:00,34.7,34.7,443,23.7
2026-01-26T21:00,42.6,42.6,446,26.9
2026-01-26T22:00,47.8,47.6,449,28.6
2026-01-26T23:00,45.3,45.1,451,27.6
2026-01-27T00:00,41.3,40.9,453,25.2
2026-01-27T01:00,38.8,37.7,455,23.3
2026-01-27T02:00,36.3,35.2,456,22.6
2026-01-27T03:00,33.9,32.6,458,22.3
2026-01-27T04:00,33.4,31.9,458,22.2
2026-01-27T05:00,35.9,34.1,458,22.8
2026-01-27T06:00,43.1,41.1,457,23.5
2026-01-27T07:00,36.4,33.9,455,20.9
2026-01-27T08:00,31.3,28.7,451,18.3
2026-01-27T09:00,27.5,25.1,447,14.8
2026-01-27T10:00,22.8,21.5,443,12.3
2026-01-27T11:00,20.8,19.8,441,11.8
2026-01-27T12:00,23.2,22.5,440,12.3
2026-01-27T13:00,25.8,25.2,439,13.1
2026-01-27T14:00,29.5,29.0,438,13.7
2026-01-27T15:00,29.3,28.9,436,14.5
2026-01-27T16:00,25.1,24.8,436,16.3
2026-01-27T17:00,33.6,33.3,438,20.0
2026-01-27T18:00,38.3,38.0,441,24.7
2026-01-27T19:00,35.5,35.3,444,28.3
2026-01-27T20:00,37.1,36.7,447,28.9
2026-01-27T21:00,40.3,39.5,449,29.6
2026-01-27T22:00,43.0,41.9,451,29.6
2026-01-27T23:00,42.7,41.7,453,28.1
2026-01-28T00:00,38.1,36.9,454,25.8
2026-01-28T01:00,32.8,31.5,455,24.1
2026-01-28T02:00,28.1,26.8,457,23.5
2026-01-28T03:00,25.9,24.6,459,23.5
2026-01-28T04:00,26.1,24.7,460,23.2
2026-01-28T05:00,29.0,27.5,460,22.8
2026-01-28T06:00,34.1,32.6,458,22.3
2026-01-28T07:00,38.1,36.2,456,21.8
2026-01-28T08:00,31.4,28.9,452,19.1
2026-01-28T09:00,30.0,27.3,448,15.3
2026-01-28T10:00,28.8,27.5,444,11.9
2026-01-28T11:00,27.0,26.0,442,9.3
2026-01-28T12:00,26.2,25.2,441,7.2
2026-01-28T13:00,27.2,26.0,440,5.9
2026-01-28T14:00,29.4,28.1,438,4.3
2026-01-28T15:00,35.5,33.6,436,3.6
2026-01-28T16:00,29.8,28.6,436,7.7
2026-01-28T17:00,29.1,28.2,438,21.7
2026-01-28T18:00,53.8,53.0,442,40.6
2026-01-28T19:00,32.4,31.7,445,20.7
2026-01-28T20:00,35.7,34.9,447,21.6
2026-01-28T21:00,36.3,35.0,449,22.9
2026-01-28T22:00,37.8,36.6,451,23.9
2026-01-28T23:00,38.5,37.1,453,24.4
2026-01-29T00:00,38.2,36.7,455,24.6
2026-01-29T01:00,37.5,35.9,457,24.7
2026-01-29T02:00,37.1,35.4,460,25.0
2026-01-29T03:00,37.3,35.3,462,25.3
2026-01-29T04:00,38.1,36.0,463,25.1
2026-01-29T05:00,39.6,37.3,460,24.5
2026-01-29T06:00,47.0,44.2,455,23.4
2026-01-29T07:00,58.7,56.1,451,26.0
2026-01-29T08:00,38.1,34.1,448,21.2
2026-01-29T09:00,31.5,28.3,444,14.6
2026-01-29T10:00,27.6,26.1,442,9.1
2026-01-29T11:00,28.0,27.0,441,6.0
2026-01-29T12:00,29.1,28.1,440,4.0
2026-01-29T13:00,27.4,26.4,440,3.1
2026-01-29T14:00,27.6,26.7,439,2.5
2026-01-29T15:00,27.3,26.3,438,2.9
2026-01-29T16:00,27.6,26.5,438,5.9
2026-01-29T17:00,30.7,29.9,438,13.0
2026-01-29T18:00,38.3,37.6,438,22.6
2026-01-29T19:00,49.1,47.6,439,24.0
2026-01-29T20:00,50.8,49.7,443,26.9
2026-01-29T21:00,62.2,60.8,449,30.8
2026-01-29T22:00,72.6,71.5,453,33.3
2026-01-29T23:00,70.8,69.4,454,33.0
2026-01-30T00:00,63.8,62.6,453,31.2
2026-01-30T01:00,56.9,55.8,453,29.7
2026-01-30T02:00,50.6,49.5,455,29.3
2026-01-30T03:00,45.6,43.5,457,29.1
2026-01-30T04:00,42.6,40.6,458,28.3
2026-01-30T05:00,47.0,44.6,457,26.7
2026-01-30T06:00,62.4,59.6,455,24.5
2026-01-30T07:00,54.0,50.9,452,23.0
2026-01-30T08:00,38.4,34.3,449,17.9
2026-01-30T09:00,33.8,29.7,445,10.9
2026-01-30T10:00,27.4,26.0,442,5.5
2026-01-30T11:00,28.7,27.5,439,3.3
2026-01-30T12:00,28.9,27.8,437,2.8
2026-01-30T13:00,32.7,31.7,436,3.2
2026-01-30T14:00,31.2,30.3,435,3.9
2026-01-30T15:00,33.3,32.5,436,5.6
2026-01-30T16:00,31.4,30.9,437,9.4
2026-01-30T17:00,35.9,35.3,440,17.1
2026-01-30T18:00,55.8,55.2,444,27.0
2026-01-30T19:00,38.8,38.6,447,22.0
2026-01-30T20:00,53.7,53.6,449,26.1
2026-01-30T21:00,66.8,66.8,450,31.7
2026-01-30T22:00,68.0,68.0,450,35.6
2026-01-30T23:00,68.5,68.5,449,36.2
2026-01-31T00:00,66.6,66.6,448,35.1
2026-01-31T01:00,65.7,65.7,448,34.5
2026-01-31T02:00,60.1,59.8,451,35.6
2026-01-31T03:00,67.8,67.1,455,37.2
2026-01-31T04:00,73.1,72.2,458,37.3
2026-01-31T05:00,78.9,77.8,459,35.1
2026-01-31T06:00,69.4,68.5,459,31.4
2026-01-31T07:00,82.9,80.8,457,30.7
2026-01-31T08:00,46.2,46.2,452,23.5
2026-01-31T09:00,35.3,35.2,446,13.7
2026-01-31T10:00,31.2,31.0,441,6.2
2026-01-31T11:00,27.0,26.5,439,3.4
2026-01-31T12:00,26.3,25.7,439,3.0
2026-01-31T13:00,28.4,27.9,438,3.5
2026-01-31T14:00,29.3,28.8,435,4.3
2026-01-31T15:00,26.8,26.5,432,5.9
2026-01-31T16:00,27.5,27.2,431,8.7
2026-01-31T17:00,30.2,29.8,432,13.6
2026-01-31T18:00,36.2,36.0,435,19.7
2026-01-31T19:00,42.1,41.8,438,22.6
2026-01-31T20:00,50.8,50.5,442,22.0
2026-01-31T21:00,49.2,49.1,447,21.0
2026-01-31T22:00,39.9,39.8,450,19.6
2026-01-31T23:00,35.4,35.3,451,17.0
2026-02-01T00:00,32.9,32.9,452,13.9
2026-02-01T01:00,27.4,27.3,452,12.1
2026-02-01T02:00,28.2,28.1,453,12.9
2026-02-01T03:00,29.6,29.5,453,15.0
2026-02-01T04:00,30.7,30.5,453,16.6
2026-02-01T05:00,30.9,30.6,452,17.5
2026-02-01T06:00,36.0,35.7,451,17.9
2026-02-01T07:00,44.1,43.5,449,20.5
2026-02-01T08:00,34.6,34.3,446,15.9
2026-02-01T09:00,32.0,31.9,442,9.5
2026-02-01T10:00,30.9,30.7,439,4.7
2026-02-01T11:00,29.0,28.9,437,2.8
2026-02-01T12:00,27.9,27.8,435,2.5
2026-02-01T13:00,28.5,28.5,434,3.4
2026-02-01T14:00,30.4,30.4,432,5.4
2026-02-01T15:00,31.3,31.2,430,8.6
2026-02-01T16:00,36.1,36.0,430,12.2
2026-02-01T17:00,37.5,37.4,432,16.6
2026-02-01T18:00,40.9,40.7,436,21.3
2026-02-01T19:00,36.8,36.8,439,22.8
2026-02-01T20:00,45.3,44.9,442,23.3
2026-02-01T21:00,47.7,47.7,445,24.0
2026-02-01T22:00,49.7,49.7,447,24.0
2026-02-01T23:00,48.4,48.4,448,22.7
2026-02-02T00:00,45.8,45.6,448,20.8
2026-02-02T01:00,42.8,42.8,448,19.0
2026-02-02T02:00,38.4,38.4,449,17.5
2026-02-02T03:00,34.3,34.3,450,16.2
2026-02-02T04:00,34.1,34.0,451,15.4
2026-02-02T05:00,32.0,31.9,452,15.8
2026-02-02T06:00,34.7,34.6,454,16.7
2026-02-02T07:00,73.6,73.1,453,21.7
2026-02-02T08:00,55.2,54.8,449,16.8
2026-02-02T09:00,42.3,41.9,444,9.9
2026-02-02T10:00,38.0,37.6,439,4.8
2026-02-02T11:00,33.8,33.4,436,2.8
2026-02-02T12:00,30.2,29.7,435,2.4
2026-02-02T13:00,29.2,28.9,434,3.0
2026-02-02T14:00,27.9,27.7,434,4.5
2026-02-02T15:00,29.8,29.5,434,6.9
2026-02-02T16:00,28.6,28.4,435,10.0
2026-02-02T17:00,29.1,28.9,437,14.3
2026-02-02T18:00,32.6,32.5,439,19.3
2026-02-02T19:00,30.0,29.9,442,25.6
2026-02-02T20:00,38.8,38.6,446,26.0
2026-02-02T21:00,42.3,42.1,450,26.5
2026-02-02T22:00,44.1,44.0,453,26.4
2026-02-02T23:00,44.0,43.9,453,25.0
2026-02-03T00:00,41.7,41.6,452,23.1
2026-02-03T01:00,40.7,40.6,451,21.6
2026-02-03T02:00,41.2,41.0,453,21.3
2026-02-03T03:00,41.9,41.8,455,21.4
2026-02-03T04:00,43.7,43.5,457,21.4
2026-02-03T05:00,46.6,46.4,457,21.4
2026-02-03T06:00,52.0,51.9,456,21.1
2026-02-03T07:00,66.1,65.4,454,19.2
2026-02-03T08:00,61.2,61.0,449,14.9
2026-02-03T09:00,46.0,45.8,443,9.1
2026-02-03T10:00,41.2,40.9,438,4.7
2026-02-03T11:00,40.2,39.8,437,3.0
2026-02-03T12:00,41.0,40.7,437,2.8
2026-02-03T13:00,42.1,41.9,436,3.6
2026-02-03T14:00,42.8,42.6,433,5.1
2026-02-03T15:00,34.6,34.3,429,7.6
2026-02-03T16:00,34.0,33.8,428,11.0
2026-02-03T17:00,39.6,39.3,433,16.2
2026-02-03T18:00,42.8,42.8,441,22.3
2026-02-03T19:00,40.7,40.7,448,25.0
2026-02-03T20:00,43.2,43.2,453,24.6
2026-02-03T21:00,44.7,44.7,456,24.0
2026-02-03T22:00,45.1,44.9,458,23.4
2026-02-03T23:00,44.2,44.1,458,22.6
2026-02-04T00:00,40.9,40.7,456,21.7
2026-02-04T01:00,37.7,37.7,454,21.3
2026-02-04T02:00,36.8,36.4,454,22.1
2026-02-04T03:00,36.6,36.1,454,23.4
2026-02-04T04:00,36.8,36.3,453,23.7
2026-02-04T05:00,38.5,38.2,452,22.2
2026-02-04T06:00,42.5,42.0,450,19.6
2026-02-04T07:00,43.8,42.6,448,18.1
2026-02-04T08:00,34.2,32.8,445,13.9
2026-02-04T09:00,22.5,21.5,441,8.1
2026-02-04T10:00,16.7,16.3,438,3.8
2026-02-04T11:00,15.7,15.4,437,2.3
2026-02-04T12:00,17.8,17.6,436,2.3
2026-02-04T13:00,23.1,23.0,436,3.0
2026-02-04T14:00,31.7,31.5,435,4.3
2026-02-04T15:00,40.6,40.3,434,6.3
2026-02-04T16:00,39.5,39.1,434,9.0
2026-02-04T17:00,41.6,41.2,436,12.9
2026-02-04T18:00,43.7,43.5,440,17.4
2026-02-04T19:00,49.0,48.8,443,18.5
2026-02-04T20:00,44.5,44.5,446,18.6
2026-02-04T21:00,42.3,42.1,449,18.8
2026-02-04T22:00,41.6,41.4,451,18.6
2026-02-04T23:00,39.1,39.0,451,17.6
2026-02-05T00:00,37.5,37.5,451,16.3
2026-02-05T01:00,38.8,38.6,451,15.6
2026-02-05T02:00,41.3,41.1,452,15.9
2026-02-05T03:00,43.9,43.7,453,16.7
2026-02-05T04:00,46.7,46.3,454,17.6
2026-02-05T05:00,49.8,49.5,453,18.9
2026-02-05T06:00,54.6,54.2,451,20.2
2026-02-05T07:00,53.8,53.2,449,14.6
2026-02-05T08:00,44.9,44.4,446,13.5
2026-02-05T09:00,29.3,29.0,441,12.0
2026-02-05T10:00,27.2,26.9,438,10.2
2026-02-05T11:00,25.8,25.5,436,7.9
2026-02-05T12:00,27.2,27.0,435,5.4
2026-02-05T13:00,29.3,29.1,434,3.9
2026-02-05T14:00,32.2,32.0,432,3.7
2026-02-05T15:00,31.5,31.3,431,4.4
2026-02-05T16:00,30.7,30.5,431,6.4
2026-02-05T17:00,35.9,35.6,434,10.5
2026-02-05T18:00,39.7,39.6,438,15.8
2026-02-05T19:00,54.4,54.4,442,29.2
2026-02-05T20:00,57.7,57.7,444,28.5
2026-02-05T21:00,60.1,60.1,446,27.4
2026-02-05T22:00,60.1,59.8,448,25.7
2026-02-05T23:00,54.2,54.1,449,23.0
2026-02-06T00:00,46.8,46.6,450,19.7
2026-02-06T01:00,40.0,39.7,451,16.7
2026-02-06T02:00,31.4,31.2,451,13.9
2026-02-06T03:00,23.8,23.6,451,11.5
2026-02-06T04:00,19.7,19.5,451,10.5
2026-02-06T05:00,20.5,20.4,451,12.5
2026-02-06T06:00,26.5,26.4,451,16.0
2026-02-06T07:00,34.6,34.5,450,17.8
2026-02-06T08:00,19.6,19.6,446,14.2
2026-02-06T09:00,15.5,15.5,442,9.3
2026-02-06T10:00,16.1,16.0,438,5.4
2026-02-06T11:00,17.3,17.3,436,3.6
2026-02-06T12:00,18.0,18.0,436,2.9
2026-02-06T13:00,19.5,19.4,435,3.0
2026-02-06T14:00,21.9,21.8,433,3.8
2026-02-06T15:00,22.7,22.5,431,5.5
2026-02-06T16:00,21.1,20.9,431,7.9
2026-02-06T17:00,26.3,26.1,434,11.5
2026-02-06T18:00,29.5,29.4,438,15.8
2026-02-06T19:00,30.2,30.0,442,18.7
2026-02-06T20:00,33.2,33.1,446,19.5
2026-02-06T21:00,37.8,37.7,450,20.6
2026-02-06T22:00,38.8,38.6,453,21.3
2026-02-06T23:00,36.1,35.9,454,21.1
2026-02-07T00:00,33.4,33.2,454,20.4
2026-02-07T01:00,31.8,31.4,454,19.7
2026-02-07T02:00,31.0,30.5,455,18.9
2026-02-07T03:00,29.5,29.0,455,18.1
2026-02-07T04:00,28.2,27.7,455,17.4
2026-02-07T05:00,28.8,28.3,453,17.3
2026-02-07T06:00,29.9,29.5,451,17.2
2026-02-07T07:00,25.8,24.9,448,15.5
2026-02-07T08:00,26.8,25.9,444,12.9
2026-02-07T09:00,26.3,25.5,440,9.3
2026-02-07T10:00,27.5,26.8,437,6.6
2026-02-07T11:00,29.9,29.0,437,5.4
2026-02-07T12:00,26.2,25.6,438,5.0
2026-02-07T13:00,25.3,24.8,438,5.3
2026-02-07T14:00,23.1,22.7,436,6.5
2026-02-07T15:00,20.4,20.2,432,8.4
2026-02-07T16:00,22.9,22.7,431,10.7
2026-02-07T17:00,26.6,26.4,433,13.5
2026-02-07T18:00,29.8,29.7,436,16.5
2026-02-07T19:00,36.3,36.1,440,20.7
2026-02-07T20:00,38.4,38.2,443,21.1
2026-02-07T21:00,41.4,41.2,447,21.5
2026-02-07T22:00,45.6,45.5,449,21.5
2026-02-07T23:00,46.9,46.8,450,20.5
2026-02-08T00:00,43.1,42.8,449,19.0
2026-02-08T01:00,39.8,39.5,449,17.8
2026-02-08T02:00,38.1,37.7,450,17.3
2026-02-08T03:00,36.3,36.0,451,17.1
2026-02-08T04:00,34.6,34.2,452,16.9
2026-02-08T05:00,34.1,33.8,451,16.8
2026-02-08T06:00,35.0,34.7,450,16.6
2026-02-08T07:00,30.0,29.6,448,15.4
2026-02-08T08:00,25.6,25.1,445,13.0
2026-02-08T09:00,23.8,23.3,442,9.7
2026-02-08T10:00,22.3,21.8,439,7.0
2026-02-08T11:00,21.8,21.3,438,5.5
2026-02-08T12:00,21.4,21.0,437,4.5
2026-02-08T13:00,21.8,21.3,437,4.4
2026-02-08T14:00,22.5,21.9,436,4.9
2026-02-08T15:00,21.5,20.8,435,6.2
2026-02-08T16:00,19.8,19.3,436,8.6
2026-02-08T17:00,21.5,21.0,439,12.6
2026-02-08T18:00,26.4,26.0,442,17.8
2026-02-08T19:00,44.1,43.5,446,25.7
2026-02-08T20:00,55.6,55.3,450,27.9
2026-02-08T21:00,60.1,59.8,453,30.9
2026-02-08T22:00,64.7,64.5,456,32.5
2026-02-08T23:00,67.5,67.3,458,31.6
2026-02-09T00:00,64.7,64.3,459,29.4
2026-02-09T01:00,58.0,57.6,460,27.2
2026-02-09T02:00,52.7,52.4,460,25.3
2026-02-09T03:00,49.2,48.7,459,23.5
2026-02-09T04:00,47.3,46.7,457,22.5
2026-02-09T05:00,46.1,45.5,455,23.7
2026-02-09T06:00,46.6,46.0,453,25.8
2026-02-09T07:00,58.6,57.5,450,25.6
2026-02-09T08:00,37.5,36.0,447,19.9
2026-02-09T09:00,30.5,29.2,444,12.0
2026-02-09T10:00,23.9,23.1,442,6.0
2026-02-09T11:00,21.5,20.8,441,3.6
2026-02-09T12:00,20.0,19.4,440,3.0
2026-02-09T13:00,20.6,20.1,439,3.6
2026-02-09T14:00,20.9,20.4,436,5.3
2026-02-09T15:00,22.5,22.2,432,8.0
2026-02-09T16:00,24.4,24.2,431,11.2
2026-02-09T17:00,30.4,30.2,433,15.0
2026-02-09T18:00,35.2,35.0,438,19.1
2026-02-09T19:00,33.2,33.2,442,20.9
2026-02-09T20:00,37.1,37.1,446,21.7
2026-02-09T21:00,42.8,42.8,450,22.8
2026-02-09T22:00,41.6,41.6,453,23.5
2026-02-09T23:00,41.8,41.7,453,23.1
2026-02-10T00:00,41.8,41.7,453,22.3
2026-02-10T01:00,39.0,38.9,452,21.9
2026-02-10T02:00,37.8,37.7,453,22.5
2026-02-10T03:00,40.3,40.0,454,23.5
2026-02-10T04:00,43.0,42.7,454,23.9
2026-02-10T05:00,44.7,44.4,452,23.4
2026-02-10T06:00,50.8,50.3,449,22.3
2026-02-10T07:00,66.1,64.7,446,23.5
2026-02-10T08:00,48.9,48.8,442,18.9
2026-02-10T09:00,39.5,39.3,436,12.6
2026-02-10T10:00,32.0,31.8,433,7.6
2026-02-10T11:00,30.0,29.6,432,5.1
2026-02-10T12:00,30.3,29.8,433,3.9
2026-02-10T13:00,31.1,30.6,434,3.8
2026-02-10T14:00,32.4,31.9,433,4.5
2026-02-10T15:00,29.1,28.7,431,6.4
2026-02-10T16:00,26.2,25.7,432,9.9
2026-02-10T17:00,26.1,25.6,436,16.7
2026-02-10T18:00,34.2,33.5,443,25.2
2026-02-10T19:00,34.2,34.0,449,17.7
2026-02-10T20:00,46.0,45.8,454,27.3
2026-02-10T21:00,72.2,71.9,459,40.5
2026-02-10T22:00,96.2,95.9,461,49.3
2026-02-10T23:00,107.3,106.9,458,49.7
2026-02-11T00:00,94.3,94.1,452,45.8
2026-02-11T01:00,86.4,86.1,449,41.8
2026-02-11T02:00,80.1,79.9,450,39.3
2026-02-11T03:00,78.5,78.2,454,36.8
2026-02-11T04:00,75.4,75.2,456,34.2
2026-02-11T05:00,71.2,71.0,455,31.7
2026-02-11T06:00,75.4,75.2,453,29.0
2026-02-11T07:00,83.6,83.4,450,29.6
2026-02-11T08:00,63.6,63.3,446,22.5
2026-02-11T09:00,45.4,45.1,441,12.7
2026-02-11T10:00,32.6,32.2,438,5.3
2026-02-11T11:00,25.8,25.6,437,2.7
2026-02-11T12:00,25.4,25.1,438,2.5
2026-02-11T13:00,26.3,26.0,438,2.9
2026-02-11T14:00,28.3,28.1,437,3.2
2026-02-11T15:00,32.5,32.0,435,4.1
2026-02-11T16:00,32.9,32.4,435,6.0
2026-02-11T17:00,35.0,34.5,438,10.0
2026-02-11T18:00,38.3,38.1,444,15.0
2026-02-11T19:00,46.9,46.3,448,23.3
2026-02-11T20:00,48.2,47.8,451,23.7
2026-02-11T21:00,49.5,49.4,454,24.3
2026-02-11T22:00,50.3,50.2,455,25.8
2026-02-11T23:00,62.2,62.2,454,29.1
2026-02-12T00:00,65.0,65.0,451,33.1
2026-02-12T01:00,70.1,69.8,450,35.7
2026-02-12T02:00,72.2,71.9,452,35.6
2026-02-12T03:00,68.9,68.9,456,33.9
2026-02-12T04:00,65.9,65.9,458,31.9
2026-02-12T05:00,66.1,65.7,457,30.3
2026-02-12T06:00,69.2,69.2,455,28.4
2026-02-12T07:00,106.4,104.5,452,28.4
2026-02-12T08:00,74.5,74.0,448,21.4
2026-02-12T09:00,53.0,52.3,443,11.8
2026-02-12T10:00,43.9,43.2,439,4.7
2026-02-12T11:00,41.7,41.1,437,2.3
2026-02-12T12:00,39.9,39.5,437,2.4
2026-02-12T13:00,40.4,39.9,436,3.3
2026-02-12T14:00,40.3,39.9,434,4.5
2026-02-12T15:00,35.2,34.8,432,6.5
2026-02-12T16:00,33.6,33.4,432,9.3
2026-02-12T17:00,40.7,40.5,435,13.4
2026-02-12T18:00,48.9,48.8,440,18.3
2026-02-12T19:00,50.8,50.8,444,19.7
2026-02-12T20:00,47.8,47.7,448,19.2
2026-02-12T21:00,44.7,44.7,451,18.4
2026-02-12T22:00,43.8,43.7,453,17.6
2026-02-12T23:00,41.6,41.3,453,16.6
2026-02-13T00:00,39.2,39.1,452,15.5
2026-02-13T01:00,37.3,37.1,452,15.0
2026-02-13T02:00,39.5,39.3,453,15.6
2026-02-13T03:00,40.6,40.4,454,16.8
2026-02-13T04:00,40.5,40.4,454,18.1
2026-02-13T05:00,40.5,40.4,454,20.1
2026-02-13T06:00,42.7,42.6,453,22.2
2026-02-13T07:00,60.5,60.3,452,28.3
2026-02-13T08:00,56.0,55.9,449,22.8
2026-02-13T09:00,46.7,46.6,445,15.1
2026-02-13T10:00,27.4,27.1,441,9.3
2026-02-13T11:00,24.2,24.1,439,7.1
2026-02-13T12:00,24.6,24.5,437,6.8
2026-02-13T13:00,25.6,25.4,436,7.1
2026-02-13T14:00,28.8,28.6,434,7.4
2026-02-13T15:00,30.6,30.5,432,8.2
2026-02-13T16:00,35.2,35.0,432,10.4
2026-02-13T17:00,38.1,37.8,435,15.0
2026-02-13T18:00,43.4,43.2,439,20.9
2026-02-13T19:00,55.3,55.2,443,30.3
2026-02-13T20:00,60.3,60.3,445,30.9
2026-02-13T21:00,64.0,64.0,447,31.5
2026-02-13T22:00,64.0,63.8,449,31.2
2026-02-13T23:00,57.9,57.6,451,28.9
2026-02-14T00:00,53.2,53.0,453,25.7
2026-02-14T01:00,51.2,51.0,455,23.5
2026-02-14T02:00,51.1,50.8,455,23.2
2026-02-14T03:00,51.2,50.8,455,23.9
2026-02-14T04:00,50.6,50.1,455,24.7
2026-02-14T05:00,52.0,51.1,456,26.0
2026-02-14T06:00,55.8,54.4,456,27.4
2026-02-14T07:00,80.6,78.2,455,27.4
2026-02-14T08:00,56.2,55.1,450,20.6
2026-02-14T09:00,37.1,36.6,444,11.2
2026-02-14T10:00,29.8,29.3,439,4.3
2026-02-14T11:00,28.8,28.3,437,2.2
2026-02-14T12:00,28.6,28.1,437,2.7
2026-02-14T13:00,30.7,30.3,437,3.9
2026-02-14T14:00,31.8,31.3,436,5.4
2026-02-14T15:00,33.6,33.3,434,7.6
2026-02-14T16:00,34.2,34.0,434,10.5
2026-02-14T17:00,35.9,35.6,437,14.1
2026-02-14T18:00,40.5,40.4,441,18.3
2026-02-14T19:00,41.0,41.0,445,20.3
2026-02-14T20:00,39.6,39.6,447,23.0
2026-02-14T21:00,45.4,45.3,448,26.6
2026-02-14T22:00,59.5,59.5,449,29.2
2026-02-14T23:00,58.8,58.8,449,29.8
2026-02-15T00:00,53.9,53.8,448,29.2
2026-02-15T01:00,57.4,57.3,450,28.5
2026-02-15T02:00,62.6,62.6,457,28.0
2026-02-15T03:00,61.7,61.5,467,27.4
2026-02-15T04:00,49.5,49.2,472,25.8
2026-02-15T05:00,39.5,39.5,470,22.8
2026-02-15T06:00,38.1,38.1,465,19.0
2026-02-15T07:00,62.2,61.2,458,25.1
2026-02-15T08:00,39.3,39.3,450,19.0
2026-02-15T09:00,25.3,25.3,442,10.6
2026-02-15T10:00,22.2,22.2,436,4.4
2026-02-15T11:00,22.4,22.4,435,2.4
2026-02-15T12:00,25.4,25.3,436,2.5
2026-02-15T13:00,30.7,30.6,437,3.3
2026-02-15T14:00,36.9,36.8,436,4.3
2026-02-15T15:00,39.7,39.6,434,5.9
2026-02-15T16:00,43.1,42.8,433,8.4
2026-02-15T17:00,46.1,45.9,434,12.7
2026-02-15T18:00,48.8,48.5,437,17.9
2026-02-15T19:00,43.4,43.4,442,23.6
2026-02-15T20:00,56.3,56.3,451,30.3
2026-02-15T21:00,75.7,75.7,462,39.5
2026-02-15T22:00,82.0,82.0,467,45.9
2026-02-15T23:00,92.0,91.7,461,47.1
2026-02-16T00:00,83.8,83.6,449,45.5
2026-02-16T01:00,72.4,72.4,442,43.4
2026-02-16T02:00,62.4,62.4,444,41.1
2026-02-16T03:00,60.1,60.1,451,38.2
2026-02-16T04:00,62.9,62.9,456,35.8
2026-02-16T05:00,71.5,71.2,457,35.1
2026-02-16T06:00,75.2,75.2,456,34.9
2026-02-16T07:00,49.1,49.0,454,23.2
2026-02-16T08:00,36.3,36.2,450,18.4
2026-02-16T09:00,29.5,29.3,444,11.7
2026-02-16T10:00,29.3,29.2,440,6.7
2026-02-16T11:00,29.3,29.1,438,4.8
2026-02-16T12:00,30.5,30.3,438,4.6
2026-02-16T13:00,31.0,30.6,437,5.2
2026-02-16T14:00,29.2,28.8,436,6.0
2026-02-16T15:00,26.5,26.1,435,7.5
2026-02-16T16:00,26.8,26.4,435,10.4
2026-02-16T17:00,32.5,32.2,438,15.7
2026-02-16T18:00,42.7,42.5,442,22.3
2026-02-16T19:00,40.2,40.2,446,26.1
2026-02-16T20:00,52.2,52.2,450,29.7
2026-02-16T21:00,58.4,58.4,454,34.8
2026-02-16T22:00,75.4,75.0,457,39.2
2026-02-16T23:00,90.8,90.1,460,42.3
2026-02-17T00:00,89.6,88.5,462,44.6
2026-02-17T01:00,89.9,88.7,464,45.6
2026-02-17T02:00,92.0,90.6,465,44.7
2026-02-17T03:00,81.0,79.6,464,42.4
2026-02-17T04:00,81.3,80.1,463,40.0
2026-02-17T05:00,88.0,86.8,460,38.6
2026-02-17T06:00,98.3,96.9,456,37.2
2026-02-17T07:00,100.8,98.5,452,32.9
2026-02-17T08:00,51.8,51.2,448,25.1
2026-02-17T09:00,36.8,36.1,444,14.3
2026-02-17T10:00,33.2,32.2,441,6.2
2026-02-17T11:00,38.8,37.7,440,3.4
2026-02-17T12:00,39.6,38.6,440,3.2
2026-02-17T13:00,45.5,44.4,440,4.0
2026-02-17T14:00,35.2,34.2,440,4.0
2026-02-17T15:00,29.6,28.6,439,4.9
2026-02-17T16:00,25.3,24.6,440,9.8
2026-02-17T17:00,26.3,25.6,442,23.2
2026-02-17T18:00,47.0,46.4,444,40.7
2026-02-17T19:00,77.3,76.8,447,53.0
2026-02-17T20:00,94.3,92.4,449,59.7
2026-02-17T21:00,117.3,115.3,452,68.6
2026-02-17T22:00,121.5,119.7,454,71.8
2026-02-17T23:00,111.5,109.4,457,64.5
2026-02-18T00:00,90.1,88.0,459,51.5
2026-02-18T01:00,55.2,53.6,461,40.1
2026-02-18T02:00,39.6,38.2,463,32.5
2026-02-18T03:00,32.5,31.3,463,26.4
2026-02-18T04:00,26.7,25.5,463,22.4
2026-02-18T05:00,30.0,28.6,460,21.9
2026-02-18T06:00,51.7,49.9,456,23.4
2026-02-18T07:00,57.9,54.6,452,26.0
2026-02-18T08:00,40.0,36.8,448,20.7
2026-02-18T09:00,29.6,26.2,445,13.4
2026-02-18T10:00,24.2,21.4,442,7.9
2026-02-18T11:00,19.7,18.7,440,5.8
2026-02-18T12:00,21.0,20.2,439,5.6
2026-02-18T13:00,22.0,21.5,439,6.0
2026-02-18T14:00,19.8,19.3,439,6.0
2026-02-18T15:00,16.0,15.5,439,6.7
2026-02-18T16:00,16.4,16.1,440,10.0
2026-02-18T17:00,18.3,18.0,443,17.8
2026-02-18T18:00,35.7,35.4,447,28.3
2026-02-18T19:00,39.1,38.4,451,29.4
2026-02-18T20:00,41.3,40.4,453,30.8
2026-02-18T21:00,50.5,49.1,455,32.6
2026-02-18T22:00,53.4,52.0,456,33.6
2026-02-18T23:00,56.7,55.1,456,33.1
2026-02-19T00:00,51.6,49.8,455,31.8
2026-02-19T01:00,51.0,49.2,455,30.5
2026-02-19T02:00,49.9,48.2,455,29.1
2026-02-19T03:00,49.2,47.5,456,27.6
2026-02-19T04:00,45.6,44.1,456,27.3
2026-02-19T05:00,42.8,41.4,455,30.0
2026-02-19T06:00,49.6,48.0,452,33.8
2026-02-19T07:00,65.2,63.1,450,29.3
2026-02-19T08:00,52.7,49.2,448,23.1
2026-02-19T09:00,36.6,34.3,446,14.4
2026-02-19T10:00,27.1,26.3,444,7.8
2026-02-19T11:00,26.1,25.4,444,5.0
2026-02-19T12:00,27.8,27.2,444,4.2
2026-02-19T13:00,31.0,30.3,444,4.5
2026-02-19T14:00,23.8,23.5,443,5.6
2026-02-19T15:00,22.6,22.3,442,7.8
2026-02-19T16:00,24.3,24.1,442,10.8
2026-02-19T17:00,28.5,28.3,442,14.6
2026-02-19T18:00,32.9,32.8,443,19.3
2026-02-19T19:00,34.5,34.5,444,22.9
2026-02-19T20:00,37.6,37.5,446,25.7
2026-02-19T21:00,42.0,41.9,448,29.4
2026-02-19T22:00,54.1,53.3,451,31.4
2026-02-19T23:00,56.7,55.6,454,29.8
2026-02-20T00:00,41.7,40.9,456,26.4
2026-02-20T01:00,35.2,34.3,458,23.8
2026-02-20T02:00,32.8,31.9,458,23.2
2026-02-20T03:00,31.7,30.9,457,23.2
2026-02-20T04:00,28.5,27.6,456,22.9
2026-02-20T05:00,24.6,23.7,456,21.8
2026-02-20T06:00,26.7,25.7,455,20.3
2026-02-20T07:00,21.1,19.7,453,14.5
2026-02-20T08:00,19.7,18.1,448,12.1
2026-02-20T09:00,18.6,17.4,442,8.7
2026-02-20T10:00,16.6,16.1,438,6.0
2026-02-20T11:00,14.6,13.9,437,4.6
2026-02-20T12:00,15.3,14.7,437,3.9
2026-02-20T13:00,18.5,17.9,437,3.7
2026-02-20T14:00,18.5,17.9,434,3.7
2026-02-20T15:00,19.9,19.3,431,4.2
2026-02-20T16:00,18.6,18.1,430,6.2
2026-02-20T17:00,22.7,22.5,433,11.0
2026-02-20T18:00,29.7,29.5,439,17.2
2026-02-20T19:00,31.2,30.6,444,15.9
2026-02-20T20:00,32.9,32.5,448,17.3
2026-02-20T21:00,35.3,34.7,451,19.1
2026-02-20T22:00,37.3,36.6,453,20.3
2026-02-20T23:00,32.7,31.9,454,20.1
2026-02-21T00:00,27.9,26.8,455,19.1
2026-02-21T01:00,25.0,23.9,455,18.5
2026-02-21T02:00,23.3,22.1,456,18.5
2026-02-21T03:00,21.9,20.7,457,18.9
2026-02-21T04:00,21.9,20.7,457,19.6
2026-02-21T05:00,25.7,24.4,457,21.7
2026-02-21T06:00,33.6,32.2,458,24.1
2026-02-21T07:00,48.9,47.0,456,25.2
2026-02-21T08:00,36.1,34.6,451,20.4
2026-02-21T09:00,27.9,27.2,445,13.7
2026-02-21T10:00,27.6,27.2,440,8.5
2026-02-21T11:00,27.7,27.4,438,6.2
2026-02-21T12:00,27.4,27.0,437,5.5
2026-02-21T13:00,28.3,27.9,436,5.7
2026-02-21T14:00,26.3,26.0,436,7.0
2026-02-21T15:00,22.2,22.0,436,9.2
2026-02-21T16:00,23.5,23.3,437,11.9
2026-02-21T17:00,27.6,27.5,439,15.2
2026-02-21T18:00,30.3,30.0,442,18.8
2026-02-21T19:00,34.6,34.3,445,20.5
2026-02-21T20:00,36.9,36.7,447,21.7
2026-02-21T21:00,40.7,40.5,449,23.3
2026-02-21T22:00,46.0,45.9,451,23.9
2026-02-21T23:00,45.3,45.1,452,22.6
2026-02-22T00:00,43.5,43.3,453,20.2
2026-02-22T01:00,43.5,43.2,454,18.5
2026-02-22T02:00,44.9,44.5,455,17.8
2026-02-22T03:00,45.8,45.4,455,17.8
2026-02-22T04:00,45.6,45.1,455,18.5
2026-02-22T05:00,47.0,46.6,455,21.2
2026-02-22T06:00,52.6,52.0,455,24.7
2026-02-22T07:00,55.8,54.7,454,26.2
2026-02-22T08:00,51.7,50.8,451,20.8
2026-02-22T09:00,44.7,43.7,447,13.2
2026-02-22T10:00,35.0,34.0,443,7.4
2026-02-22T11:00,32.5,31.7,440,4.5
2026-02-22T12:00,32.9,32.2,437,3.3
2026-02-22T13:00,32.0,31.3,435,3.7
2026-02-22T14:00,29.6,29.1,435,6.0
2026-02-22T15:00,30.5,30.2,436,9.8
2026-02-22T16:00,31.9,31.7,438,13.9
2026-02-22T17:00,34.1,33.9,443,18.2
2026-02-22T18:00,39.8,39.6,449,22.7
2026-02-22T19:00,73.1,73.1,454,37.3
2026-02-22T20:00,68.9,68.9,455,33.9
2026-02-22T21:00,63.3,63.3,455,29.1
2026-02-22T22:00,59.1,59.1,454,25.1
2026-02-22T23:00,55.3,55.2,454,22.7
2026-02-23T00:00,49.6,49.5,454,21.0
2026-02-23T01:00,44.2,44.1,453,19.9
2026-02-23T02:00,40.4,40.4,451,19.2
2026-02-23T03:00,37.8,37.8,449,19.1
2026-02-23T04:00,35.9,35.7,448,19.1
2026-02-23T05:00,34.3,34.2,448,19.5
2026-02-23T06:00,34.3,34.3,449,20.2
2026-02-23T07:00,30.9,30.9,449,18.5
2026-02-23T08:00,25.4,25.4,446,15.5
2026-02-23T09:00,21.2,21.2,441,11.4
2026-02-23T10:00,19.6,19.5,437,8.0
2026-02-23T11:00,17.7,17.7,436,5.7
2026-02-23T12:00,19.4,19.4,435,4.2
2026-02-23T13:00,20.8,20.7,435,3.8
2026-02-23T14:00,22.8,22.8,434,5.0
2026-02-23T15:00,22.6,22.5,434,7.3
2026-02-23T16:00,22.6,22.6,434,10.3
2026-02-23T17:00,28.9,28.9,435,14.4
2026-02-23T18:00,33.9,33.8,437,19.0
2026-02-23T19:00,32.8,32.8,439,20.0
2026-02-23T20:00,40.5,40.5,442,19.6
2026-02-23T21:00,40.4,40.4,445,19.0
2026-02-23T22:00,38.3,38.2,447,18.8
2026-02-23T23:00,37.3,37.3,447,19.1
2026-02-24T00:00,38.1,38.0,447,19.7
2026-02-24T01:00,40.2,40.0,446,20.8
2026-02-24T02:00,41.8,41.8,445,22.5
2026-02-24T03:00,43.4,43.4,445,24.7
2026-02-24T04:00,44.2,44.0,445,26.5
2026-02-24T05:00,44.6,44.1,447,28.6
2026-02-24T06:00,49.4,48.5,450,30.3
2026-02-24T07:00,74.7,73.1,450,40.0
2026-02-24T08:00,59.3,57.7,444,32.3
2026-02-24T09:00,44.5,44.1,436,21.6
2026-02-24T10:00,29.8,29.8,430,13.1
2026-02-24T11:00,26.5,26.5,430,8.8
2026-02-24T12:00,23.3,23.3,433,6.7
2026-02-24T13:00,22.4,22.4,434,5.9
2026-02-24T14:00,22.5,22.5,432,5.6
2026-02-24T15:00,22.6,22.5,429,6.8
2026-02-24T16:00,24.5,24.4,428,10.9
2026-02-24T17:00,40.5,40.4,430,21.3
2026-02-24T18:00,60.8,59.8,434,34.7
2026-02-24T19:00,129.5,127.1,438,83.0
2026-02-24T20:00,117.6,115.7,443,71.5
2026-02-24T21:00,99.0,97.6,449,55.6
2026-02-24T22:00,88.9,87.5,454,42.7
2026-02-24T23:00,77.5,76.4,457,36.0
2026-02-25T00:00,70.3,69.2,459,32.3
2026-02-25T01:00,64.5,63.3,461,29.6
2026-02-25T02:00,58.7,57.7,462,27.5
2026-02-25T03:00,55.6,54.6,462,26.3
2026-02-25T04:00,54.4,53.4,462,25.5
2026-02-25T05:00,52.9,51.9,461,25.5
2026-02-25T06:00,56.0,54.9,459,25.7
2026-02-25T07:00,74.5,72.6,456,25.3
2026-02-25T08:00,49.4,47.8,452,19.1
2026-02-25T09:00,34.0,33.3,446,10.6
2026-02-25T10:00,28.9,28.2,442,4.2
2026-02-25T11:00,24.7,24.0,440,1.9
2026-02-25T12:00,21.6,21.0,438,1.8
2026-02-25T13:00,20.0,19.5,437,2.7
2026-02-25T14:00,19.7,19.2,434,4.5
2026-02-25T15:00,17.7,16.9,432,7.3
2026-02-25T16:00,19.3,18.5,433,10.9
2026-02-25T17:00,28.3,27.5,442,15.8
2026-02-25T18:00,31.1,30.4,455,21.4
2026-02-25T19:00,38.5,38.4,465,21.1
2026-02-25T20:00,46.9,46.6,469,23.0
2026-02-25T21:00,52.2,51.5,471,25.5
2026-02-25T22:00,53.2,52.3,472,26.9
2026-02-25T23:00,50.8,49.8,474,25.9
2026-02-26T00:00,46.8,45.8,477,23.8
2026-02-26T01:00,44.4,43.4,476,22.7
2026-02-26T02:00,43.9,43.1,470,23.6
2026-02-26T03:00,45.3,44.5,461,25.4
2026-02-26T04:00,46.7,45.9,455,27.0
2026-02-26T05:00,49.2,48.3,454,28.6
2026-02-26T06:00,56.9,55.9,456,29.9
2026-02-26T07:00,51.8,50.6,455,29.6
2026-02-26T08:00,48.0,46.3,449,24.9
2026-02-26T09:00,41.0,39.1,440,18.2
2026-02-26T10:00,33.9,32.0,434,12.6
2026-02-26T11:00,23.9,22.9,432,8.8
2026-02-26T12:00,18.4,18.0,432,6.1
2026-02-26T13:00,16.5,16.1,432,4.8
2026-02-26T14:00,15.7,15.2,431,5.2
2026-02-26T15:00,16.2,15.4,431,7.0
2026-02-26T16:00,18.3,17.8,432,9.7
2026-02-26T17:00,21.5,21.0,436,13.7
2026-02-26T18:00,25.0,24.5,442,18.6
2026-02-26T19:00,37.3,36.4,447,25.8
2026-02-26T20:00,40.4,39.6,449,26.5
2026-02-26T21:00,43.0,42.3,450,27.3
2026-02-26T22:00,43.1,42.4,451,27.8
2026-02-26T23:00,40.3,39.6,454,27.5
2026-02-27T00:00,38.3,37.6,457,26.9
2026-02-27T01:00,36.6,35.9,459,26.2
2026-02-27T02:00,34.6,34.1,460,25.6
2026-02-27T03:00,33.5,33.1,459,25.0
2026-02-27T04:00,34.1,33.6,458,24.5
2026-02-27T05:00,36.0,35.5,455,25.0
2026-02-27T06:00,40.7,40.3,450,25.5
2026-02-27T07:00,55.2,53.9,446,25.6
2026-02-27T08:00,38.1,36.7,442,20.0
2026-02-27T09:00,31.1,29.7,438,12.3
2026-02-27T10:00,28.2,26.4,435,6.3
2026-02-27T11:00,20.4,19.2,433,3.8
2026-02-27T12:00,16.8,15.8,432,3.1
2026-02-27T13:00,15.4,14.5,431,3.0
2026-02-27T14:00,14.0,13.1,430,2.7
2026-02-27T15:00,12.6,11.7,429,3.1
2026-02-27T16:00,13.6,12.8,430,5.5
2026-02-27T17:00,17.2,16.5,433,12.1
2026-02-27T18:00,26.0,25.4,436,20.8
2026-02-27T19:00,70.1,68.7,440,45.2
2026-02-27T20:00,64.0,62.9,443,40.2
2026-02-27T21:00,53.6,52.7,445,33.3
2026-02-27T22:00,49.8,49.0,447,28.2
2026-02-27T23:00,48.0,47.0,449,26.9
2026-02-28T00:00,47.0,46.1,451,27.4
2026-02-28T01:00,47.4,46.4,452,27.8
2026-02-28T02:00,47.1,46.2,453,27.7
2026-02-28T03:00,44.0,43.2,453,27.4
2026-02-28T04:00,41.3,40.5,453,26.8
2026-02-28T05:00,40.5,39.8,453,25.9
2026-02-28T06:00,46.2,45.4,453,24.6
2026-02-28T07:00,68.7,66.8,452,36.7
2026-02-28T08:00,52.7,50.4,448,27.2
2026-02-28T09:00,33.1,31.2,443,14.1
2026-02-28T10:00,21.5,20.4,439,4.4
2026-02-28T11:00,18.9,18.3,438,1.5
2026-02-28T12:00,20.8,20.4,439,2.0
2026-02-28T13:00,25.8,25.6,439,3.1
2026-02-28T14:00,32.4,31.8,439,3.7
2026-02-28T15:00,38.5,37.6,438,4.8
2026-02-28T16:00,38.4,37.6,438,7.3
2026-02-28T17:00,41.7,40.7,438,12.1
2026-02-28T18:00,46.2,45.2,439,18.3
2026-02-28T19:00,52.4,51.6,441,23.4
2026-02-28T20:00,55.5,54.7,444,23.3
2026-02-28T21:00,59.6,58.8,447,23.0
2026-02-28T22:00,56.7,55.8,450,22.4
2026-02-28T23:00,53.4,52.5,453,21.0
2026-03-01T00:00,50.5,49.6,455,19.2
2026-03-01T01:00,49.5,48.5,457,18.2
2026-03-01T02:00,51.2,50.2,458,18.5
2026-03-01T03:00,51.8,50.8,458,19.6
2026-03-01T04:00,52.2,51.1,457,20.8
2026-03-01T05:00,53.2,52.0,455,22.5
2026-03-01T06:00,57.3,56.1,451,24.3
2026-03-01T07:00,62.2,61.0,448,20.6
2026-03-01T08:00,47.7,46.8,444,16.0
2026-03-01T09:00,36.3,35.6,441,9.6
2026-03-01T10:00,29.7,29.1,438,4.8
2026-03-01T11:00,25.4,24.8,437,3.0
2026-03-01T12:00,23.2,22.6,436,2.7
2026-03-01T13:00,22.2,21.6,436,3.2
2026-03-01T14:00,21.7,21.1,435,4.0
2026-03-01T15:00,21.8,21.4,434,5.5
2026-03-01T16:00,26.4,25.9,434,7.9
2026-03-01T17:00,32.2,31.9,437,11.9
2026-03-01T18:00,35.2,34.8,442,16.7
2026-03-01T19:00,36.0,35.7,447,18.2
2026-03-01T20:00,39.2,39.0,451,19.3
2026-03-01T21:00,42.6,42.4,454,20.8
2026-03-01T22:00,47.4,47.0,457,21.9
2026-03-01T23:00,49.5,49.0,459,22.3
2026-03-02T00:00,48.9,48.4,460,22.4
2026-03-02T01:00,49.2,48.9,461,22.5
2026-03-02T02:00,50.5,50.3,462,22.9
2026-03-02T03:00,52.6,52.4,462,23.4
2026-03-02T04:00,56.1,55.8,462,23.8
2026-03-02T05:00,61.2,60.8,461,24.9
2026-03-02T06:00,68.0,67.1,458,26.1
2026-03-02T07:00,87.5,85.4,455,29.6
2026-03-02T08:00,69.4,67.1,450,22.7
2026-03-02T09:00,53.3,52.5,445,13.3
2026-03-02T10:00,50.8,49.6,441,6.3
2026-03-02T11:00,51.8,50.6,439,3.8
2026-03-02T12:00,53.2,52.0,439,3.7
2026-03-02T13:00,52.7,51.8,438,4.9
2026-03-02T14:00,49.4,48.7,436,7.6
2026-03-02T15:00,43.7,43.2,434,11.6
2026-03-02T16:00,43.1,42.7,434,15.4
2026-03-02T17:00,44.4,44.1,436,18.4
2026-03-02T18:00,46.2,46.0,440,21.2
2026-03-02T19:00,72.2,71.9,443,32.9
2026-03-02T20:00,81.7,81.3,446,33.5
2026-03-02T21:00,84.1,83.6,450,34.1
2026-03-02T22:00,82.9,82.4,452,33.6
2026-03-02T23:00,76.4,75.9,453,30.7
2026-03-03T00:00,70.8,70.3,453,26.7
2026-03-03T01:00,65.4,65.0,453,23.8
2026-03-03T02:00,60.8,60.3,454,23.1
2026-03-03T03:00,58.4,58.0,454,23.5
2026-03-03T04:00,60.8,60.1,455,24.1
2026-03-03T05:00,71.7,71.0,456,25.6
2026-03-03T06:00,88.7,88.0,456,27.3
2026-03-03T07:00,75.7,75.2,455,27.9
2026-03-03T08:00,53.2,52.7,451,21.8
2026-03-03T09:00,33.5,33.3,446,13.4
2026-03-03T10:00,27.9,27.6,442,7.0
2026-03-03T11:00,27.2,26.8,441,4.5
2026-03-03T12:00,27.9,27.4,441,4.0
2026-03-03T13:00,29.6,29.0,441,4.4
2026-03-03T14:00,31.1,30.4,440,4.8
2026-03-03T15:00,27.5,26.8,438,6.1
2026-03-03T16:00,25.5,24.9,437,9.5
2026-03-03T17:00,31.7,31.1,438,16.9
2026-03-03T18:00,54.7,54.2,440,26.4
2026-03-03T19:00,68.2,67.3,443,44.4
2026-03-03T20:00,83.1,82.0,447,44.3
2026-03-03T21:00,86.4,85.0,451,43.9
2026-03-03T22:00,80.6,78.9,455,42.4
2026-03-03T23:00,76.1,73.8,457,38.6
2026-03-04T00:00,60.3,58.3,457,33.7
2026-03-04T01:00,50.3,49.0,458,29.8
2026-03-04T02:00,48.2,47.5,459,28.1
2026-03-04T03:00,48.3,47.8,460,27.4
2026-03-04T04:00,48.3,47.8,460,26.3
2026-03-04T05:00,47.5,46.9,457,24.6
2026-03-04T06:00,45.9,45.3,453,22.6
2026-03-04T07:00,35.6,34.9,449,18.8
2026-03-04T08:00,28.6,28.1,447,15.1
2026-03-04T09:00,21.8,21.4,447,9.9
2026-03-04T10:00,17.6,17.2,446,6.0
2026-03-04T11:00,17.2,16.7,445,4.5
2026-03-04T12:00,19.2,18.6,443,4.2
2026-03-04T13:00,20.4,19.8,441,4.8
2026-03-04T14:00,22.2,21.5,439,6.2
2026-03-04T15:00,20.2,19.7,436,8.4
2026-03-04T16:00,19.6,19.2,435,11.1
2026-03-04T17:00,29.4,29.0,437,14.8
2026-03-04T18:00,36.2,35.7,440,19.1
2026-03-04T19:00,28.1,27.6,443,19.0
2026-03-04T20:00,26.9,26.5,447,19.3
2026-03-04T21:00,25.5,25.1,450,19.7
2026-03-04T22:00,23.4,22.9,453,19.8
2026-03-04T23:00,20.2,19.4,454,19.2
2026-03-05T00:00,18.3,17.6,453,18.3
2026-03-05T01:00,18.7,18.2,453,17.4
2026-03-05T02:00,20.7,20.2,453,16.8
2026-03-05T03:00,23.2,22.6,454,16.3
2026-03-05T04:00,25.4,24.8,454,15.9
2026-03-05T05:00,28.3,27.6,453,16.1
2026-03-05T06:00,34.3,33.6,451,16.4
2026-03-05T07:00,36.6,35.4,449,13.9
2026-03-05T08:00,35.5,34.5,445,11.4
2026-03-05T09:00,35.2,34.1,440,7.8
2026-03-05T10:00,35.0,34.1,436,5.1
2026-03-05T11:00,35.6,34.9,434,3.7
2026-03-05T12:00,34.1,33.6,434,3.1
2026-03-05T13:00,35.7,35.3,434,3.4
2026-03-05T14:00,38.9,38.5,434,4.7
2026-03-05T15:00,33.2,32.9,435,6.8
2026-03-05T16:00,29.9,29.7,436,9.5
2026-03-05T17:00,33.3,33.2,439,13.1
2026-03-05T18:00,38.1,38.0,442,17.2
2026-03-05T19:00,38.5,38.4,445,18.1
2026-03-05T20:00,39.9,39.8,447,18.0
2026-03-05T21:00,41.2,41.0,449,17.9
2026-03-05T22:00,41.9,41.7,450,17.2
2026-03-05T23:00,38.9,38.6,450,15.5
2026-03-06T00:00,32.7,32.6,450,13.3
2026-03-06T01:00,27.4,27.3,450,11.8
2026-03-06T02:00,26.4,26.3,451,11.7
2026-03-06T03:00,26.5,26.4,452,12.4
2026-03-06T04:00,23.5,23.5,453,13.3
2026-03-06T05:00,20.1,20.0,453,14.7
2026-03-06T06:00,27.9,27.8,452,16.3
2026-03-06T07:00,18.5,18.4,450,14.4
2026-03-06T08:00,18.0,17.9,446,12.2
2026-03-06T09:00,17.6,17.5,441,9.1
2026-03-06T10:00,18.3,18.1,437,6.6
2026-03-06T11:00,19.8,19.6,437,5.0
2026-03-06T12:00,21.0,20.7,438,4.1
2026-03-06T13:00,21.2,20.9,439,3.8
2026-03-06T14:00,21.4,21.1,437,4.5
2026-03-06T15:00,21.8,21.5,435,5.9
2026-03-06T16:00,22.6,22.4,434,7.7
2026-03-06T17:00,24.4,24.2,436,10.1
2026-03-06T18:00,22.5,22.3,440,12.9
2026-03-06T19:00,36.3,35.4,443,16.5
2026-03-06T20:00,41.6,41.3,446,17.1
2026-03-06T21:00,42.7,42.4,448,17.9
2026-03-06T22:00,40.9,40.5,450,18.5
2026-03-06T23:00,38.9,38.5,451,18.8
2026-03-07T00:00,34.8,34.3,452,18.8
2026-03-07T01:00,30.0,29.5,453,18.7
2026-03-07T02:00,24.9,24.4,453,18.4
2026-03-07T03:00,21.5,21.1,453,17.9
2026-03-07T04:00,20.1,19.8,453,17.4
2026-03-07T05:00,19.7,19.4,453,17.2
2026-03-07T06:00,21.1,20.8,453,16.9
2026-03-07T07:00,19.6,19.3,452,15.2
2026-03-07T08:00,18.5,18.3,447,12.5
2026-03-07T09:00,17.3,17.1,441,8.9
2026-03-07T10:00,16.5,16.4,437,6.1
2026-03-07T11:00,17.6,17.4,436,5.0
2026-03-07T12:00,17.3,17.1,437,4.8
2026-03-07T13:00,17.9,17.6,438,4.9
2026-03-07T14:00,17.5,17.2,439,5.1
2026-03-07T15:00,17.2,16.9,439,5.7
2026-03-07T16:00,18.3,17.9,440,6.9
2026-03-07T17:00,20.3,19.9,441,9.1
2026-03-07T18:00,22.8,22.6,442,11.9
2026-03-07T19:00,26.5,26.3,443,18.7
2026-03-07T20:00,31.7,31.4,445,22.6
2026-03-07T21:00,41.9,41.6,448,27.7
2026-03-07T22:00,53.0,51.9,450,30.3
2026-03-07T23:00,50.1,49.1,452,27.8
2026-03-08T00:00,37.7,36.9,454,22.8
2026-03-08T01:00,26.3,25.4,455,19.0
2026-03-08T02:00,21.9,21.1,455,18.2
2026-03-08T03:00,23.1,22.6,454,18.5
2026-03-08T04:00,24.3,23.9,453,18.6
2026-03-08T05:00,25.0,24.7,452,18.1
2026-03-08T06:00,27.2,27.0,450,17.3
2026-03-08T07:00,28.1,27.9,448,21.8
2026-03-08T08:00,27.9,27.7,445,18.3
2026-03-08T09:00,23.4,23.2,441,13.4
2026-03-08T10:00,20.0,19.8,438,9.2
2026-03-08T11:00,20.2,20.0,437,6.2
2026-03-08T12:00,21.5,21.3,436,3.9
2026-03-08T13:00,20.1,20.0,436,3.3
2026-03-08T14:00,20.1,20.0,435,4.8
2026-03-08T15:00,17.8,17.7,435,8.0
2026-03-08T16:00,21.8,21.6,435,12.0
2026-03-08T17:00,26.3,26.1,436,16.7
2026-03-08T18:00,34.9,34.7,438,22.2
2026-03-08T19:00,38.8,38.3,440,20.1
2026-03-08T20:00,46.3,45.9,444,24.4
2026-03-08T21:00,59.0,58.6,449,30.2
2026-03-08T22:00,74.5,74.0,453,33.4
2026-03-08T23:00,75.0,74.3,454,31.3
2026-03-09T00:00,61.0,60.5,453,26.6
2026-03-09T01:00,51.1,50.6,453,22.9
2026-03-09T02:00,47.3,46.8,454,21.4
2026-03-09T03:00,48.2,47.6,456,20.8
2026-03-09T04:00,50.9,50.4,457,21.1
2026-03-09T05:00,55.3,54.7,458,23.5
2026-03-09T06:00,62.2,61.7,458,26.8
2026-03-09T07:00,90.8,90.1,457,25.5
2026-03-09T08:00,79.2,78.2,452,19.5
2026-03-09T09:00,64.0,63.1,445,11.2
2026-03-09T10:00,56.8,55.8,440,5.1
2026-03-09T11:00,50.2,49.2,438,3.1
2026-03-09T12:00,47.4,46.6,437,3.2
2026-03-09T13:00,46.7,45.8,437,3.9
2026-03-09T14:00,46.7,45.9,436,4.0
2026-03-09T15:00,45.8,44.8,435,4.7
2026-03-09T16:00,47.6,46.8,436,7.7
2026-03-09T17:00,46.8,46.4,442,14.7
2026-03-09T18:00,50.9,50.6,450,24.0
2026-03-09T19:00,41.2,41.2,457,26.7
2026-03-09T20:00,53.8,53.8,462,34.6
2026-03-09T21:00,66.8,66.8,465,45.3
2026-03-09T22:00,95.0,94.8,465,52.5
2026-03-09T23:00,102.4,101.3,461,52.7
2026-03-10T00:00,94.1,92.9,454,49.3
2026-03-10T01:00,85.9,84.8,449,46.5
2026-03-10T02:00,86.6,85.4,448,46.2
2026-03-10T03:00,90.3,89.2,449,46.4
2026-03-10T04:00,91.3,90.1,450,45.1
2026-03-10T05:00,87.3,86.4,450,41.3
2026-03-10T06:00,87.3,86.1,449,35.9
2026-03-10T07:00,97.1,94.8,447,30.5
2026-03-10T08:00,60.5,58.9,444,23.3
2026-03-10T09:00,38.5,37.6,439,13.3
2026-03-10T10:00,30.5,29.2,436,5.8
2026-03-10T11:00,26.1,24.7,435,3.1
2026-03-10T12:00,23.5,22.4,435,2.8
2026-03-10T13:00,22.6,21.7,435,3.2
2026-03-10T14:00,21.9,21.1,434,3.4
2026-03-10T15:00,21.7,21.0,433,4.3
2026-03-10T16:00,23.5,22.9,433,6.6
2026-03-10T17:00,32.9,32.6,435,11.4
2026-03-10T18:00,39.9,39.7,438,17.6
2026-03-10T19:00,60.1,59.4,441,34.7
2026-03-10T20:00,64.0,63.6,444,32.8
2026-03-10T21:00,62.9,62.4,447,30.0
2026-03-10T22:00,61.0,60.8,449,27.2
2026-03-10T23:00,57.6,57.4,450,24.3
2026-03-11T00:00,54.0,53.9,450,21.3
2026-03-11T01:00,53.7,53.4,450,19.6
2026-03-11T02:00,55.3,54.9,451,20.0
2026-03-11T03:00,57.3,56.8,452,21.5
2026-03-11T04:00,59.5,58.9,453,22.9
2026-03-11T05:00,61.9,61.2,453,24.3
2026-03-11T06:00,67.5,66.8,451,25.6
2026-03-11T07:00,73.3,71.2,449,26.8
2026-03-11T08:00,60.8,57.0,444,20.2
2026-03-11T09:00,40.9,36.0,437,11.1
2026-03-11T10:00,29.9,25.9,433,4.3
2026-03-11T11:00,25.6,22.2,433,2.0
2026-03-11T12:00,23.1,20.0,435,1.9
2026-03-11T13:00,20.7,17.9,436,2.5
2026-03-11T14:00,19.8,17.2,434,2.6
2026-03-11T15:00,21.9,19.3,430,3.3
2026-03-11T16:00,19.4,17.6,429,6.1
2026-03-11T17:00,23.2,22.0,431,13.0
2026-03-11T18:00,34.2,33.2,436,22.1
2026-03-11T19:00,47.7,46.0,440,34.3
2026-03-11T20:00,55.6,54.0,444,34.8
2026-03-11T21:00,61.2,59.6,448,35.3
2026-03-11T22:00,64.0,62.6,451,34.8
2026-03-11T23:00,57.7,56.3,451,32.4
2026-03-12T00:00,51.0,49.7,449,29.0
2026-03-12T01:00,45.3,44.1,447,26.4
2026-03-12T02:00,41.2,40.2,447,25.4
2026-03-12T03:00,41.2,40.0,448,25.2
2026-03-12T04:00,45.5,44.4,448,25.1
2026-03-12T05:00,52.4,51.1,448,25.5
2026-03-12T06:00,62.9,61.2,447,26.0
2026-03-12T07:00,74.3,72.2,445,27.1
2026-03-12T08:00,52.6,49.9,441,20.4
2026-03-12T09:00,29.2,27.0,437,11.1
2026-03-12T10:00,20.9,18.9,434,4.2
2026-03-12T11:00,16.8,15.1,434,1.9
2026-03-12T12:00,15.4,13.8,435,2.0
2026-03-12T13:00,16.2,14.7,436,2.8
2026-03-12T14:00,18.3,16.5,434,3.5
2026-03-12T15:00,19.7,18.5,431,4.8
2026-03-12T16:00,23.3,22.4,431,7.4
2026-03-12T17:00,32.5,32.0,437,12.4
2026-03-12T18:00,40.6,40.3,447,18.6
2026-03-12T19:00,45.2,44.7,454,22.7
2026-03-12T20:00,51.9,51.6,456,23.9
2026-03-12T21:00,57.0,56.7,456,25.6
2026-03-12T22:00,62.6,62.4,456,26.7
2026-03-12T23:00,63.6,63.3,456,26.5
2026-03-13T00:00,61.9,61.7,457,25.6
2026-03-13T01:00,61.9,61.7,457,25.2
2026-03-13T02:00,63.6,63.1,458,25.9
2026-03-13T03:00,66.4,65.7,459,27.0
2026-03-13T04:00,68.0,67.5,460,27.7
2026-03-13T05:00,70.8,70.3,460,28.4
2026-03-13T06:00,77.5,76.8,460,28.8
2026-03-13T07:00,81.7,81.3,458,28.7
2026-03-13T08:00,68.0,66.8,452,21.7
2026-03-13T09:00,41.7,40.0,444,12.0
2026-03-13T10:00,31.7,29.0,438,4.8
2026-03-13T11:00,26.7,23.8,436,2.4
2026-03-13T12:00,22.9,20.4,437,2.5
2026-03-13T13:00,20.8,18.6,437,3.1
2026-03-13T14:00,20.1,17.9,435,3.2
2026-03-13T15:00,19.8,17.6,432,3.7
2026-03-13T16:00,20.5,19.2,432,5.6
2026-03-13T17:00,22.1,21.3,437,10.0
2026-03-13T18:00,25.0,24.1,446,15.7
2026-03-13T19:00,48.3,45.8,453,25.9
2026-03-13T20:00,62.2,59.3,458,28.7
2026-03-13T21:00,68.9,65.7,463,32.5
2026-03-13T22:00,75.2,72.2,467,35.3
2026-03-13T23:00,83.8,80.8,472,36.1
2026-03-14T00:00,82.4,79.4,476,35.9
2026-03-14T01:00,82.7,80.1,478,35.4
2026-03-14T02:00,82.0,79.4,477,34.8
2026-03-14T03:00,80.8,78.2,473,33.9
2026-03-14T04:00,80.6,78.0,469,32.5
2026-03-14T05:00,80.1,77.3,466,30.7
2026-03-14T06:00,82.9,80.3,462,28.4
2026-03-14T07:00,89.9,89.2,458,25.7
2026-03-14T08:00,65.7,65.0,452,19.6
2026-03-14T09:00,48.2,47.3,446,11.2
2026-03-14T10:00,39.9,38.9,442,4.9
2026-03-14T11:00,36.1,35.0,440,2.7
2026-03-14T12:00,35.3,34.2,441,2.6
2026-03-14T13:00,35.5,34.6,441,3.3
2026-03-14T14:00,38.8,38.0,441,4.0
2026-03-14T15:00,43.1,42.4,441,5.4
2026-03-14T16:00,44.2,43.7,443,8.1
2026-03-14T17:00,41.3,41.0,450,13.5
2026-03-14T18:00,46.7,46.3,460,20.1
2026-03-14T19:00,53.9,53.9,466,26.5
2026-03-14T20:00,67.3,67.3,466,29.8
2026-03-14T21:00,79.4,79.2,464,34.2
2026-03-14T22:00,81.5,81.3,462,36.8
2026-03-14T23:00,70.3,70.3,462,35.5
2026-03-15T00:00,61.9,61.9,462,32.2
2026-03-15T01:00,60.8,60.8,463,30.4
2026-03-15T02:00,66.1,66.1,465,32.1
2026-03-15T03:00,67.8,67.5,466,35.1
2026-03-15T04:00,73.1,72.9,467,36.2
2026-03-15T05:00,79.2,78.5,466,33.9
2026-03-15T06:00,87.3,85.9,463,29.6
2026-03-15T07:00,60.8,60.8,459,23.9
2026-03-15T08:00,42.3,42.0,453,18.3
2026-03-15T09:00,36.6,36.4,445,10.6
2026-03-15T10:00,34.1,33.9,440,4.9
2026-03-15T11:00,32.6,32.4,439,2.8
2026-03-15T12:00,32.4,32.2,439,2.7
2026-03-15T13:00,33.9,33.8,439,3.3
2026-03-15T14:00,35.3,35.2,436,3.7
2026-03-15T15:00,40.9,40.7,433,4.9
2026-03-15T16:00,41.4,41.2,432,8.4
2026-03-15T17:00,40.6,40.5,435,16.1
2026-03-15T18:00,48.9,48.9,439,26.1
2026-03-15T19:00,58.7,58.4,444,23.5
2026-03-15T20:00,66.6,66.6,448,25.6
2026-03-15T21:00,67.3,67.3,451,28.5
2026-03-15T22:00,65.0,64.7,454,31.1
2026-03-15T23:00,66.4,66.4,456,33.1
2026-03-16T00:00,66.4,66.1,457,34.8
2026-03-16T01:00,63.8,63.6,458,36.3
2026-03-16T02:00,67.5,67.3,458,37.8
2026-03-16T03:00,73.3,73.1,458,39.0
2026-03-16T04:00,77.8,76.8,457,39.2
2026-03-16T05:00,78.9,78.0,455,38.4
2026-03-16T06:00,86.6,85.7,452,36.5
2026-03-16T07:00,64.7,62.6,449,30.1
2026-03-16T08:00,42.6,40.0,445,23.3
2026-03-16T09:00,31.7,29.6,441,13.9
2026-03-16T10:00,25.1,24.3,438,6.7
2026-03-16T11:00,24.2,23.5,438,3.9
2026-03-16T12:00,26.1,25.7,441,3.3
2026-03-16T13:00,27.3,27.1,442,3.5
2026-03-16T14:00,29.0,28.8,442,3.4
2026-03-16T15:00,31.5,31.2,440,4.1
2026-03-16T16:00,30.5,30.0,440,7.0
2026-03-16T17:00,33.8,33.4,440,13.6
2026-03-16T18:00,50.4,50.1,441,22.5
2026-03-16T19:00,53.7,53.4,444,33.7
2026-03-16T20:00,56.0,55.8,451,32.9
2026-03-16T21:00,50.1,50.1,461,31.9
2026-03-16T22:00,42.1,42.1,468,31.6
2026-03-16T23:00,41.9,41.9,470,32.7
2026-03-17T00:00,49.2,49.1,470,34.5
2026-03-17T01:00,51.1,51.1,470,36.2
2026-03-17T02:00,57.2,57.0,471,38.3
2026-03-17T03:00,61.9,61.7,471,40.3
2026-03-17T04:00,67.3,66.4,470,40.3
2026-03-17T05:00,72.4,71.0,466,37.3
2026-03-17T06:00,81.3,79.9,460,32.3
2026-03-17T07:00,81.7,79.9,454,35.3
2026-03-17T08:00,43.0,42.8,448,26.8
2026-03-17T09:00,30.2,29.7,442,15.2
2026-03-17T10:00,24.5,24.0,437,6.4
2026-03-17T11:00,22.9,22.4,434,3.2
2026-03-17T12:00,21.9,21.2,433,2.9
2026-03-17T13:00,22.5,21.9,432,3.6
2026-03-17T14:00,22.9,22.2,430,4.7
2026-03-17T15:00,22.5,21.9,428,6.9
2026-03-17T16:00,25.5,25.0,429,10.0
2026-03-17T17:00,29.0,28.6,434,14.2
2026-03-17T18:00,32.1,31.9,442,19.3
2026-03-17T19:00,48.7,48.0,449,37.0
2026-03-17T20:00,60.5,60.3,452,43.5
2026-03-17T21:00,77.3,76.1,453,52.7
2026-03-17T22:00,84.3,83.1,457,60.6
2026-03-17T23:00,90.6,89.6,465,66.2
2026-03-18T00:00,92.0,91.5,476,70.4
2026-03-18T01:00,104.3,103.1,483,72.7
2026-03-18T02:00,114.3,113.2,485,72.6
2026-03-18T03:00,106.9,106.6,483,70.5
2026-03-18T04:00,101.0,100.6,480,66.7
2026-03-18T05:00,101.5,101.0,475,61.2
2026-03-18T06:00,106.4,105.9,469,54.0
2026-03-18T07:00,117.3,116.9,462,53.0
2026-03-18T08:00,68.7,68.5,455,40.3
2026-03-18T09:00,47.3,46.9,448,22.8
2026-03-18T10:00,35.4,35.0,442,9.6
2026-03-18T11:00,30.9,30.3,439,4.6
2026-03-18T12:00,28.5,27.8,437,3.8
2026-03-18T13:00,27.0,26.3,436,4.6
2026-03-18T14:00,27.5,26.8,433,5.7
2026-03-18T15:00,27.5,26.8,430,8.3
2026-03-18T16:00,33.1,32.4,432,13.7
2026-03-18T17:00,38.6,38.3,443,23.7
2026-03-18T18:00,49.0,48.5,459,36.5
2026-03-18T19:00,53.6,53.3,473,42.5
2026-03-18T20:00,59.3,58.9,482,45.8
2026-03-18T21:00,69.4,68.9,488,50.5
2026-03-18T22:00,83.4,82.9,491,55.1
2026-03-18T23:00,87.5,86.8,491,59.5
2026-03-19T00:00,93.6,92.7,489,63.8
2026-03-19T01:00,105.2,104.3,485,67.0
2026-03-19T02:00,124.3,123.4,480,69.0
2026-03-19T03:00,123.9,122.5,475,69.8
2026-03-19T04:00,115.7,114.1,470,68.3
2026-03-19T05:00,117.6,115.0,466,64.2
2026-03-19T06:00,125.3,122.9,463,57.8
2026-03-19T07:00,127.1,122.0,460,59.0
2026-03-19T08:00,54.5,53.7,457,44.2
2026-03-19T09:00,30.3,29.5,454,23.7
2026-03-19T10:00,27.7,27.0,451,8.4
2026-03-19T11:00,30.3,29.5,448,3.2
2026-03-19T12:00,33.3,32.6,445,3.1
2026-03-19T13:00,34.3,33.6,443,4.5
2026-03-19T14:00,30.2,29.5,442,5.8
2026-03-19T15:00,31.4,30.9,442,8.6
2026-03-19T16:00,33.2,32.8,445,13.8
2026-03-19T17:00,37.3,36.9,452,24.0
2026-03-19T18:00,49.8,49.5,462,36.7
2026-03-19T19:00,62.9,61.9,471,34.5
2026-03-19T20:00,67.5,67.1,480,37.0
2026-03-19T21:00,75.4,74.5,489,40.5
2026-03-19T22:00,82.4,81.5,494,44.1
2026-03-19T23:00,93.6,92.7,492,48.2
2026-03-20T00:00,83.8,83.1,485,52.3
2026-03-20T01:00,88.5,87.5,480,54.1
2026-03-20T02:00,80.6,79.6,478,52.0
2026-03-20T03:00,70.8,70.1,477,47.7
2026-03-20T04:00,63.6,62.6,474,43.5
2026-03-20T05:00,61.7,59.8,467,40.9
2026-03-20T06:00,72.6,70.3,457,38.4
2026-03-20T07:00,57.0,55.8,450,36.9
2026-03-20T08:00,44.8,43.9,447,28.7
2026-03-20T09:00,31.5,30.7,446,17.5
2026-03-20T10:00,26.5,26.0,445,8.8
2026-03-20T11:00,26.5,26.1,442,5.0
2026-03-20T12:00,27.1,26.5,440,3.9
2026-03-20T13:00,26.5,26.0,438,4.4
2026-03-20T14:00,24.5,23.9,438,6.5
2026-03-20T15:00,28.6,28.1,439,10.3
2026-03-20T16:00,31.9,31.4,442,14.8
2026-03-20T17:00,37.3,36.7,450,20.1
2026-03-20T18:00,44.4,43.9,460,26.1
2026-03-20T19:00,45.2,44.4,469,24.2
2026-03-20T20:00,47.3,46.6,478,27.5
2026-03-20T21:00,61.0,60.3,486,32.3
2026-03-20T22:00,68.2,67.5,490,37.3
2026-03-20T23:00,70.1,69.4,487,42.9
2026-03-21T00:00,79.4,77.8,480,48.8
2026-03-21T01:00,90.6,88.5,474,52.2
2026-03-21T02:00,95.0,92.9,471,51.4
2026-03-21T03:00,83.8,81.7,469,48.1
2026-03-21T04:00,74.5,72.6,467,45.2
2026-03-21T05:00,78.2,76.4,464,44.6
2026-03-21T06:00,88.9,86.8,460,44.4
2026-03-21T07:00,65.9,64.5,456,42.0
2026-03-21T08:00,49.7,48.4,451,34.5
2026-03-21T09:00,40.7,39.8,445,23.9
2026-03-21T10:00,37.0,36.3,441,15.2
2026-03-21T11:00,39.7,38.9,440,9.8
2026-03-21T12:00,41.3,40.3,440,6.1
2026-03-21T13:00,44.2,43.0,440,4.5
2026-03-21T14:00,41.6,40.6,438,5.5
2026-03-21T15:00,37.6,36.9,436,8.6
2026-03-21T16:00,41.3,40.7,436,12.4
2026-03-21T17:00,47.4,46.8,440,17.3
2026-03-21T18:00,56.3,55.9,445,23.0
2026-03-21T19:00,49.4,49.2,450,27.0
2026-03-21T20:00,44.7,44.6,452,27.6
2026-03-21T21:00,51.1,50.8,454,28.4
2026-03-21T22:00,57.3,56.9,455,29.0
2026-03-21T23:00,60.8,60.1,457,28.8
2026-03-22T00:00,55.8,54.6,458,28.4
2026-03-22T01:00,56.7,55.4,459,29.3
2026-03-22T02:00,65.2,63.8,458,32.9
2026-03-22T03:00,78.5,77.1,455,37.7
2026-03-22T04:00,83.8,82.2,453,41.3
2026-03-22T05:00,89.9,87.8,451,43.5
2026-03-22T06:00,94.8,92.7,450,44.5
2026-03-22T07:00,104.8,101.3,448,41.3
2026-03-22T08:00,58.0,54.5,445,31.2
2026-03-22T09:00,40.6,38.6,442,17.2
2026-03-22T10:00,33.6,32.4,439,6.7
2026-03-22T11:00,30.7,29.4,437,3.2
2026-03-22T12:00,28.5,27.1,436,3.2
2026-03-22T13:00,26.4,25.0,435,3.9
2026-03-22T14:00,24.9,23.4,434,4.2
2026-03-22T15:00,23.9,22.2,432,5.3
2026-03-22T16:00,27.0,24.9,434,7.9
2026-03-22T17:00,33.9,33.1,440,13.0
2026-03-22T18:00,43.7,43.1,449,19.7
2026-03-22T19:00,51.1,49.5,457,33.6
2026-03-22T20:00,67.1,65.4,462,36.7
2026-03-22T21:00,73.8,71.7,466,41.2
2026-03-22T22:00,74.7,72.9,469,45.1
2026-03-22T23:00,82.4,80.3,469,48.3
2026-03-23T00:00,85.2,83.4,468,51.0
2026-03-23T01:00,94.5,92.7,467,52.3
2026-03-23T02:00,94.3,92.4,466,51.8
2026-03-23T03:00,92.7,90.8,465,49.8
2026-03-23T04:00,93.6,92.0,464,46.8
2026-03-23T05:00,93.4,91.7,463,42.9
2026-03-23T06:00,101.0,98.7,463,37.9
2026-03-23T07:00,100.6,97.3,460,34.7
2026-03-23T08:00,48.4,45.6,454,26.0
2026-03-23T09:00,31.9,29.6,445,14.0
2026-03-23T10:00,25.1,23.8,439,5.1
2026-03-23T11:00,23.6,22.3,437,2.2
2026-03-23T12:00,22.7,21.5,436,2.3
2026-03-23T13:00,21.4,20.4,436,3.3
2026-03-23T14:00,21.2,20.6,435,4.4
2026-03-23T15:00,23.8,23.3,434,6.5
2026-03-23T16:00,31.4,31.0,436,9.3
2026-03-23T17:00,40.5,40.3,443,13.3
2026-03-23T18:00,47.5,47.3,453,18.2
2026-03-23T19:00,58.3,57.6,460,23.4
2026-03-23T20:00,61.9,61.7,463,25.9
2026-03-23T21:00,71.7,71.2,463,29.2
2026-03-23T22:00,87.1,86.6,462,31.3
2026-03-23T23:00,98.7,98.3,461,31.0
2026-03-24T00:00,93.1,92.9,459,29.3
2026-03-24T01:00,82.2,82.0,457,27.7
2026-03-24T02:00,80.1,79.9,456,26.4
2026-03-24T03:00,76.1,75.9,455,25.2
2026-03-24T04:00,73.3,73.1,455,24.1
2026-03-24T05:00,73.1,72.6,456,24.0
2026-03-24T06:00,76.1,75.7,457,24.1
2026-03-24T07:00,76.1,75.9,456,25.3
2026-03-24T08:00,56.0,55.5,451,19.3
2026-03-24T09:00,41.2,40.6,443,11.0
2026-03-24T10:00,38.1,37.6,437,4.9
2026-03-24T11:00,36.7,36.2,435,2.9
2026-03-24T12:00,37.1,36.9,434,3.1
2026-03-24T13:00,37.8,37.6,434,3.9
2026-03-24T14:00,37.1,36.9,433,4.5
2026-03-24T15:00,33.3,33.2,433,5.7
2026-03-24T16:00,28.2,28.0,434,8.3
2026-03-24T17:00,32.4,32.2,437,13.5
2026-03-24T18:00,41.0,40.9,441,20.2
2026-03-24T19:00,55.2,55.1,444,31.8
2026-03-24T20:00,55.5,55.4,447,31.3
2026-03-24T21:00,57.4,57.2,449,30.4
2026-03-24T22:00,65.9,65.7,451,28.8
2026-03-24T23:00,63.1,62.9,452,25.7
2026-03-25T00:00,58.0,57.7,453,21.9
2026-03-25T01:00,53.9,53.8,454,19.0
2026-03-25T02:00,52.0,51.9,454,18.1
2026-03-25T03:00,51.8,51.7,454,18.1
2026-03-25T04:00,52.5,52.3,453,18.2
2026-03-25T05:00,49.2,49.0,453,18.4
2026-03-25T06:00,46.7,46.6,452,18.5
2026-03-25T07:00,75.9,75.7,450,24.4
2026-03-25T08:00,67.5,67.1,446,19.1
2026-03-25T09:00,52.9,52.4,441,11.7
2026-03-25T10:00,41.1,40.6,437,6.2
2026-03-25T11:00,32.0,31.7,436,4.4
2026-03-25T12:00,52.6,52.0,436,4.4
2026-03-25T13:00,38.3,38.0,436,4.9
2026-03-25T14:00,32.7,32.4,436,5.1
2026-03-25T15:00,30.7,30.4,437,5.6
2026-03-25T16:00,30.4,29.8,438,7.3
2026-03-25T17:00,30.5,30.0,438,10.7
2026-03-25T18:00,37.7,37.5,438,15.2
2026-03-25T19:00,52.3,52.3,439,25.4
2026-03-25T20:00,51.8,51.7,443,27.6
2026-03-25T21:00,58.6,58.6,448,30.5
2026-03-25T22:00,75.2,75.2,452,32.0
2026-03-25T23:00,78.5,78.5,456,30.9
2026-03-26T00:00,74.7,74.5,459,28.5
2026-03-26T01:00,69.4,69.2,461,26.2
2026-03-26T02:00,66.8,66.6,461,24.5
2026-03-26T03:00,64.7,64.3,459,22.9
2026-03-26T04:00,61.0,60.5,457,22.2
2026-03-26T05:00,61.7,61.5,456,23.6
2026-03-26T06:00,72.9,72.4,456,25.7
2026-03-26T07:00,88.2,87.8,454,32.3
2026-03-26T08:00,47.7,47.0,450,25.1
2026-03-26T09:00,39.1,38.3,446,15.1
2026-03-26T10:00,32.5,31.5,442,7.5
2026-03-26T11:00,29.3,28.3,440,4.3
2026-03-26T12:00,37.8,36.4,439,3.5
2026-03-26T13:00,27.0,26.1,438,3.9
2026-03-26T14:00,25.0,24.1,436,5.4
2026-03-26T15:00,24.7,24.0,434,8.2
2026-03-26T16:00,25.8,25.1,434,11.7
2026-03-26T17:00,29.9,29.5,438,15.8
2026-03-26T18:00,32.2,31.9,445,20.7
2026-03-26T19:00,53.7,53.2,452,35.4
2026-03-26T20:00,71.7,71.2,458,43.2
2026-03-26T21:00,81.7,81.0,464,53.4
2026-03-26T22:00,95.0,93.4,467,57.8
2026-03-26T23:00,91.3,89.4,467,50.7
2026-03-27T00:00,64.7,63.3,466,37.8
2026-03-27T01:00,44.8,44.4,463,27.7
2026-03-27T02:00,38.3,38.1,459,23.9
2026-03-27T03:00,33.2,32.9,454,23.0
2026-03-27T04:00,33.5,33.4,450,23.4
2026-03-27T05:00,37.1,36.6,449,25.9
2026-03-27T06:00,41.6,40.4,448,29.7
2026-03-27T07:00,41.2,39.8,448,26.4
2026-03-27T08:00,17.9,17.7,447,21.1
2026-03-27T09:00,17.5,17.3,446,13.8
2026-03-27T10:00,20.6,20.4,445,8.2
2026-03-27T11:00,21.7,21.6,444,5.8
2026-03-27T12:00,21.6,21.5,442,5.1
2026-03-27T13:00,21.8,21.7,441,5.1
2026-03-27T14:00,21.7,21.6,440,5.0
2026-03-27T15:00,22.1,21.9,440,5.7
2026-03-27T16:00,23.2,23.1,441,8.5
2026-03-27T17:00,28.8,28.6,445,15.3
2026-03-27T18:00,43.8,43.5,451,24.3
2026-03-27T19:00,43.9,43.9,455,23.8
2026-03-27T20:00,50.2,50.2,455,25.1
2026-03-27T21:00,57.2,57.0,452,26.9
2026-03-27T22:00,65.4,65.2,452,29.2
2026-03-27T23:00,77.1,76.8,456,32.4
2026-03-28T00:00,84.8,84.8,463,36.1
2026-03-28T01:00,86.1,86.1,469,38.6
2026-03-28T02:00,87.8,87.8,475,39.4
2026-03-28T03:00,83.8,83.6,479,39.1
2026-03-28T04:00,74.5,74.3,480,38.1
2026-03-28T05:00,60.1,59.8,473,36.7
2026-03-28T06:00,57.0,56.7,461,34.5
2026-03-28T07:00,94.1,94.1,452,39.2
2026-03-28T08:00,42.4,42.3,448,29.9
2026-03-28T09:00,32.9,32.8,448,17.2
2026-03-28T10:00,33.3,33.2,447,7.7
2026-03-28T11:00,36.4,36.2,446,4.6
2026-03-28T12:00,39.8,39.7,446,4.8
2026-03-28T13:00,38.5,38.3,446,5.8
2026-03-28T14:00,41.0,40.6,445,6.4
2026-03-28T15:00,41.3,41.0,444,7.8
2026-03-28T16:00,36.3,35.9,446,11.5
2026-03-28T17:00,37.6,37.3,454,19.8
2026-03-28T18:00,43.0,42.5,464,30.3
2026-03-28T19:00,72.4,71.9,470,40.4
2026-03-28T20:00,62.2,61.7,465,36.2
2026-03-28T21:00,54.9,54.7,456,30.5
2026-03-28T22:00,48.2,48.1,449,26.9
2026-03-28T23:00,48.4,48.3,449,27.3
2026-03-29T00:00,50.2,50.1,453,29.8
2026-03-29T01:00,51.3,51.2,456,32.3
2026-03-29T02:00,49.2,49.1,459,34.4
2026-03-29T03:00,49.5,49.4,461,36.5
2026-03-29T04:00,48.3,48.2,462,37.7
2026-03-29T05:00,49.0,48.9,460,37.7
2026-03-29T06:00,62.9,62.6,457,36.8
2026-03-29T07:00,49.2,49.2,455,35.4
2026-03-29T08:00,29.9,28.9,455,31.1
2026-03-29T09:00,23.8,23.5,455,25.1
2026-03-29T10:00,21.0,21.0,455,19.3
2026-03-29T11:00,22.8,22.8,455,13.9
2026-03-29T12:00,24.7,24.6,455,8.9
2026-03-29T13:00,25.6,25.6,454,5.9
2026-03-29T14:00,24.2,24.1,451,5.6
2026-03-29T15:00,21.6,21.5,448,7.5
2026-03-29T16:00,19.7,19.6,449,11.5
2026-03-29T17:00,19.8,19.7,458,19.7
2026-03-29T18:00,40.6,40.5,472,30.2
2026-03-29T19:00,50.2,50.1,480,36.2
2026-03-29T20:00,48.9,48.9,477,35.9
2026-03-29T21:00,54.6,54.6,469,35.4
2026-03-29T22:00,67.3,67.3,464,34.6
2026-03-29T23:00,65.4,65.2,467,33.4
2026-03-30T00:00,67.8,67.8,473,31.9
2026-03-30T01:00,65.2,65.2,477,30.5
2026-03-30T02:00,57.5,57.5,477,29.4
2026-03-30T03:00,53.6,53.6,475,28.3
2026-03-30T04:00,53.8,53.7,472,27.5
2026-03-30T05:00,53.8,53.8,469,27.2
2026-03-30T06:00,63.8,63.8,465,27.0
2026-03-30T07:00,39.8,39.8,461,22.8
2026-03-30T08:00,24.6,24.5,456,19.6
2026-03-30T09:00,20.0,19.9,452,15.1
2026-03-30T10:00,20.5,20.5,448,11.2
2026-03-30T11:00,21.4,21.2,447,8.3
2026-03-30T12:00,24.4,24.3,446,5.9
2026-03-30T13:00,25.6,25.4,446,4.6
2026-03-30T14:00,25.3,25.1,445,4.3
2026-03-30T15:00,27.6,27.4,444,5.1
2026-03-30T16:00,28.7,28.6,444,8.0
2026-03-30T17:00,31.8,31.7,443,14.6
2026-03-30T18:00,41.4,41.4,443,23.2
2026-03-30T19:00,46.0,45.9,445,25.2
2026-03-30T20:00,44.6,44.5,453,28.3
2026-03-30T21:00,50.3,50.2,464,32.5
2026-03-30T22:00,59.0,59.0,472,35.8
2026-03-30T23:00,64.7,64.7,476,36.9
2026-03-31T00:00,68.0,68.0,477,37.1
2026-03-31T01:00,72.6,72.6,478,37.3
2026-03-31T02:00,75.9,75.9,481,38.5
2026-03-31T03:00,82.4,82.4,484,39.7
2026-03-31T04:00,84.5,84.5,484,39.8
2026-03-31T05:00,95.0,95.0,477,38.0
2026-03-31T06:00,106.2,105.5,467,35.0
2026-03-31T07:00,129.9,129.9,459,52.5
2026-03-31T08:00,52.7,52.7,456,43.7
2026-03-31T09:00,34.2,34.2,456,31.3
2026-03-31T10:00,26.1,26.0,455,20.9
2026-03-31T11:00,25.2,25.0,452,14.1
2026-03-31T12:00,25.1,25.0,448,9.3
2026-03-31T13:00,27.0,26.7,444,6.6
2026-03-31T14:00,26.9,26.7,440,5.8
2026-03-31T15:00,27.3,27.0,437,7.1
2026-03-31T16:00,35.4,34.9,437,11.5
2026-03-31T17:00,27.8,27.5,441,21.4
2026-03-31T18:00,45.4,45.2,449,34.4
2026-03-31T19:00,58.3,58.0,455,39.0
2026-03-31T20:00,65.7,65.4,460,42.0
2026-03-31T21:00,74.7,74.5,464,46.2
2026-03-31T22:00,80.1,79.9,467,49.6
2026-03-31T23:00,81.0,80.6,470,51.4
2026-04-01T00:00,85.4,85.0,473,52.5
2026-04-01T01:00,91.0,90.1,474,53.3
2026-04-01T02:00,96.6,94.5,472,54.5
2026-04-01T03:00,95.5,93.1,469,55.4
2026-04-01T04:00,95.2,92.7,466,54.5
2026-04-01T05:00,98.7,96.4,463,51.1
2026-04-01T06:00,105.7,103.1,461,45.9
2026-04-01T07:00,101.7,99.7,457,44.1
2026-04-01T08:00,42.5,42.1,452,34.6
2026-04-01T09:00,25.2,24.9,446,21.4
2026-04-01T10:00,20.9,20.6,441,11.1
2026-04-01T11:00,19.2,18.9,439,6.4
2026-04-01T12:00,17.5,17.2,438,4.7
2026-04-01T13:00,15.6,15.3,438,4.4
2026-04-01T14:00,14.2,13.9,437,4.3
2026-04-01T15:00,13.4,13.1,436,5.6
2026-04-01T16:00,14.6,14.3,436,10.7
2026-04-01T17:00,21.1,20.8,438,22.8
2026-04-01T18:00,50.3,49.0,442,38.7
2026-04-01T19:00,62.6,61.0,444,51.3
2026-04-01T20:00,68.7,67.3,444,52.8
2026-04-01T21:00,72.9,71.5,443,54.5
2026-04-01T22:00,77.5,76.1,444,54.3
2026-04-01T23:00,76.8,75.4,449,50.4
2026-04-02T00:00,71.0,69.4,456,44.5
2026-04-02T01:00,61.2,59.8,461,39.1
2026-04-02T02:00,52.3,51.6,460,34.9
2026-04-02T03:00,49.4,49.2,457,31.3
2026-04-02T04:00,46.7,46.7,454,28.6
2026-04-02T05:00,44.0,43.9,453,27.6
2026-04-02T06:00,52.2,52.0,452,27.4
2026-04-02T07:00,63.8,62.2,451,28.8
2026-04-02T08:00,43.1,42.3,449,24.4
2026-04-02T09:00,31.2,30.7,446,18.2
2026-04-02T10:00,27.1,26.8,443,12.9
2026-04-02T11:00,29.2,29.0,440,9.2
2026-04-02T12:00,32.1,31.9,438,6.5
2026-04-02T13:00,32.1,31.9,436,5.0
2026-04-02T14:00,29.8,29.6,435,4.5
2026-04-02T15:00,28.5,28.2,436,5.4
2026-04-02T16:00,23.7,23.4,438,8.8
2026-04-02T17:00,25.5,25.1,443,17.1
2026-04-02T18:00,42.8,42.4,450,28.0
2026-04-02T19:00,56.3,54.1,456,34.5
2026-04-02T20:00,48.1,47.7,460,32.8
2026-04-02T21:00,53.4,53.0,462,30.3
2026-04-02T22:00,46.4,46.1,463,28.2
2026-04-02T23:00,43.7,43.4,462,27.0
2026-04-03T00:00,44.1,43.9,460,26.1
2026-04-03T01:00,43.1,43.0,459,24.7
2026-04-03T02:00,38.1,38.0,461,21.5
2026-04-03T03:00,30.6,30.5,465,17.7
2026-04-03T04:00,26.4,26.3,465,16.0
2026-04-03T05:00,24.7,24.7,459,18.7
2026-04-03T06:00,26.1,26.0,450,23.4
2026-04-03T07:00,33.4,33.2,444,22.0
2026-04-03T08:00,22.1,21.9,445,20.9
2026-04-03T09:00,20.2,20.1,449,19.1
2026-04-03T10:00,19.1,19.0,451,16.7
2026-04-03T11:00,17.9,17.9,448,12.7
2026-04-03T12:00,17.1,17.1,442,8.0
2026-04-03T13:00,16.3,16.2,438,5.3
2026-04-03T14:00,16.4,16.3,436,4.8
2026-04-03T15:00,16.9,16.8,435,6.4
2026-04-03T16:00,17.1,17.0,436,12.4
2026-04-03T17:00,21.7,21.6,438,26.6
2026-04-03T18:00,44.6,44.2,442,45.3
2026-04-03T19:00,60.8,59.5,445,53.0
2026-04-03T20:00,60.8,59.6,448,53.4
2026-04-03T21:00,65.0,63.8,450,53.9
2026-04-03T22:00,66.6,65.4,452,54.1
2026-04-03T23:00,65.2,64.0,452,53.7
2026-04-04T00:00,67.1,65.9,451,53.0
2026-04-04T01:00,70.1,68.7,450,52.7
2026-04-04T02:00,73.1,71.9,448,53.5
2026-04-04T03:00,80.1,78.7,446,54.7
2026-04-04T04:00,85.9,84.3,444,54.2
2026-04-04T05:00,86.1,84.5,444,51.4
2026-04-04T06:00,94.3,92.2,445,47.0
2026-04-04T07:00,75.0,73.3,445,37.4
2026-04-04T08:00,34.3,33.9,443,29.5
2026-04-04T09:00,20.4,20.1,441,18.7
2026-04-04T10:00,16.2,16.1,439,10.2
2026-04-04T11:00,15.4,15.3,438,6.3
2026-04-04T12:00,15.2,15.1,438,4.7
2026-04-04T13:00,15.2,15.1,438,4.6
2026-04-04T14:00,15.4,15.3,437,5.4
2026-04-04T15:00,12.6,12.5,436,7.7
2026-04-04T16:00,15.5,15.3,438,11.9
2026-04-04T17:00,21.4,21.3,446,19.0
2026-04-04T18:00,46.7,46.7,457,28.1
2026-04-04T19:00,65.0,65.0,466,51.3
2026-04-04T20:00,69.8,69.8,471,53.6
2026-04-04T21:00,79.2,79.2,473,57.0
2026-04-04T22:00,99.4,98.3,472,60.7
2026-04-04T23:00,118.7,116.9,466,65.9
2026-04-05T00:00,129.9,128.1,457,71.4
2026-04-05T01:00,136.9,135.5,451,73.6
2026-04-05T02:00,141.1,140.2,450,69.7
2026-04-05T03:00,132.7,131.8,452,62.4
2026-04-05T04:00,129.9,129.9,454,56.1
2026-04-05T05:00,132.7,132.7,454,53.6
2026-04-05T06:00,140.2,140.2,453,52.2
2026-04-05T07:00,120.1,119.0,452,50.2
2026-04-05T08:00,57.5,57.5,449,39.3
2026-04-05T09:00,32.5,32.5,446,24.3
2026-04-05T10:00,28.3,28.3,443,12.6
2026-04-05T11:00,26.1,26.0,441,7.5
2026-04-05T12:00,25.7,25.6,440,5.9
2026-04-05T13:00,25.1,25.0,439,5.4
2026-04-05T14:00,24.0,24.0,438,4.0
2026-04-05T15:00,21.1,21.0,438,3.8
2026-04-05T16:00,20.6,20.5,439,9.1
2026-04-05T17:00,27.4,27.2,444,25.4
2026-04-05T18:00,72.6,71.5,450,47.3
2026-04-05T19:00,90.3,89.2,454,59.2
2026-04-05T20:00,125.7,123.4,454,61.1
2026-04-05T21:00,128.5,126.2,451,63.7
2026-04-05T22:00,111.3,109.4,451,65.2
2026-04-05T23:00,115.5,113.2,455,65.0
2026-04-06T00:00,122.5,120.1,460,63.7
2026-04-06T01:00,124.3,122.0,464,61.2
2026-04-06T02:00,114.6,112.5,465,56.7
2026-04-06T03:00,106.6,104.8,464,51.0
2026-04-06T04:00,91.7,90.1,462,46.0
2026-04-06T05:00,90.3,88.5,459,43.2
2026-04-06T06:00,99.7,97.6,455,41.1
2026-04-06T07:00,87.3,86.8,451,42.1
2026-04-06T08:00,57.6,57.5,447,35.0
2026-04-06T09:00,43.4,43.3,443,25.0
2026-04-06T10:00,33.1,32.9,440,16.8
2026-04-06T11:00,27.2,27.1,439,11.9
2026-04-06T12:00,26.6,26.4,439,8.8
2026-04-06T13:00,26.5,26.4,439,7.2
2026-04-06T14:00,25.3,25.2,438,7.0
2026-04-06T15:00,26.8,26.7,436,8.3
2026-04-06T16:00,27.2,27.0,436,11.4
2026-04-06T17:00,30.3,30.0,438,18.0
2026-04-06T18:00,55.6,55.4,442,26.5
2026-04-06T19:00,52.3,52.0,445,34.9
2026-04-06T20:00,55.4,55.2,448,36.8
2026-04-06T21:00,61.0,60.8,451,39.4
2026-04-06T22:00,65.0,64.7,454,41.4
2026-04-06T23:00,66.8,66.6,457,42.0
2026-04-07T00:00,71.0,71.0,460,42.0
2026-04-07T01:00,75.9,75.7,463,41.9
2026-04-07T02:00,81.0,80.8,467,42.1
2026-04-07T03:00,87.3,87.3,472,42.1
2026-04-07T04:00,88.9,88.9,473,41.5
2026-04-07T05:00,95.0,95.0,468,40.3
2026-04-07T06:00,108.0,108.0,459,38.4
2026-04-07T07:00,125.7,125.7,452,47.9
2026-04-07T08:00,74.7,74.7,450,39.4
2026-04-07T09:00,53.2,53.1,450,27.5
2026-04-07T10:00,34.7,34.6,449,17.8
2026-04-07T11:00,30.6,30.5,446,12.4
2026-04-07T12:00,30.0,30.0,441,9.3
2026-04-07T13:00,29.2,29.0,438,7.4
2026-04-07T14:00,26.4,26.1,435,5.8
2026-04-07T15:00,26.3,25.9,434,5.5
2026-04-07T16:00,20.8,20.4,436,8.6
2026-04-07T17:00,23.8,23.5,445,17.8
2026-04-07T18:00,41.6,41.2,457,30.4
2026-04-07T19:00,44.5,44.1,467,30.9
2026-04-07T20:00,40.4,40.2,471,31.6
2026-04-07T21:00,46.8,46.6,473,32.8
2026-04-07T22:00,52.4,52.0,473,35.0
2026-04-07T23:00,56.2,55.6,471,39.1
2026-04-08T00:00,59.5,58.8,466,44.1
2026-04-08T01:00,63.1,61.9,465,47.8
2026-04-08T02:00,65.4,63.8,470,49.5
2026-04-08T03:00,71.2,68.9,477,49.9
2026-04-08T04:00,76.6,74.5,480,48.9
2026-04-08T05:00,81.5,79.6,475,46.6
2026-04-08T06:00,79.2,77.1,466,43.0
2026-04-08T07:00,58.3,57.4,458,35.4
2026-04-08T08:00,30.9,30.7,454,29.8
2026-04-08T09:00,24.0,23.8,450,22.0
2026-04-08T10:00,24.3,24.0,447,15.2
2026-04-08T11:00,24.0,23.8,443,10.4
2026-04-08T12:00,22.5,22.3,439,6.7
2026-04-08T13:00,19.8,19.6,436,4.5
2026-04-08T14:00,17.5,17.3,434,2.5
2026-04-08T15:00,15.3,15.0,434,2.2
2026-04-08T16:00,14.5,14.1,436,7.9
2026-04-08T17:00,20.6,20.1,443,25.7
2026-04-08T18:00,55.6,53.2,454,49.6
2026-04-08T19:00,46.4,44.9,462,32.8
2026-04-08T20:00,55.1,53.4,468,32.1
2026-04-08T21:00,57.6,56.1,471,31.1
2026-04-08T22:00,49.1,48.0,472,29.1
2026-04-08T23:00,36.2,35.4,467,25.0
2026-04-09T00:00,28.5,28.4,459,20.0
2026-04-09T01:00,27.7,27.6,454,17.2
2026-04-09T02:00,29.3,29.2,457,18.3
2026-04-09T03:00,33.3,33.2,464,21.6
2026-04-09T04:00,37.0,36.9,467,24.5
2026-04-09T05:00,42.3,41.9,464,26.7
2026-04-09T06:00,53.3,52.4,458,28.6
2026-04-09T07:00,51.9,50.5,453,31.8
2026-04-09T08:00,30.5,30.4,450,26.9
2026-04-09T09:00,22.8,22.8,449,20.0
2026-04-09T10:00,21.8,21.7,448,14.0
2026-04-09T11:00,22.4,22.4,448,9.6
2026-04-09T12:00,25.1,25.0,449,6.1
2026-04-09T13:00,27.8,27.7,449,4.3
2026-04-09T14:00,26.5,26.5,447,4.4
2026-04-09T15:00,25.4,25.3,444,6.3
2026-04-09T16:00,24.0,23.9,443,9.9
2026-04-09T17:00,32.7,32.6,445,16.6
2026-04-09T18:00,44.4,44.2,449,25.0
2026-04-09T19:00,51.7,51.7,454,34.1
2026-04-09T20:00,47.3,47.3,459,34.0
2026-04-09T21:00,54.0,54.0,464,34.1
2026-04-09T22:00,59.8,59.8,468,35.2
2026-04-09T23:00,66.4,66.4,472,38.2
2026-04-10T00:00,67.3,67.3,475,42.4
2026-04-10T01:00,71.0,71.0,477,46.3
2026-04-10T02:00,70.8,70.8,479,50.1
2026-04-10T03:00,77.5,77.5,480,53.6
2026-04-10T04:00,84.3,84.3,479,55.0
2026-04-10T05:00,92.2,92.2,473,53.6
2026-04-10T06:00,106.2,106.2,464,50.1
2026-04-10T07:00,116.9,116.2,457,51.4
2026-04-10T08:00,68.9,68.9,454,43.6
2026-04-10T09:00,44.2,44.2,452,32.7
2026-04-10T10:00,39.7,39.6,450,23.0
2026-04-10T11:00,39.3,39.2,446,15.6
2026-04-10T12:00,38.2,38.0,441,9.5
2026-04-10T13:00,39.3,39.2,438,6.2
2026-04-10T14:00,39.1,38.9,437,6.2
2026-04-10T15:00,36.1,35.9,437,8.9
2026-04-10T16:00,35.0,34.8,438,14.4
2026-04-10T17:00,54.0,53.8,442,24.3
2026-04-10T18:00,76.4,76.1,447,37.0
2026-04-10T19:00,59.3,58.9,452,24.5
2026-04-10T20:00,60.8,60.5,455,26.2
2026-04-10T21:00,65.4,65.4,458,28.4
2026-04-10T22:00,52.9,52.7,460,29.4
2026-04-10T23:00,42.5,42.4,461,27.9
2026-04-11T00:00,36.1,36.0,462,25.2
2026-04-11T01:00,29.8,29.7,461,23.8
2026-04-11T02:00,29.4,29.3,459,25.1
2026-04-11T03:00,29.8,29.8,455,27.7
2026-04-11T04:00,32.5,32.4,452,29.9
2026-04-11T05:00,38.3,38.3,450,31.8
2026-04-11T06:00,49.7,49.1,448,33.3
2026-04-11T07:00,54.7,54.6,446,35.7
2026-04-11T08:00,33.8,33.8,445,31.9
2026-04-11T09:00,24.5,24.5,444,26.6
2026-04-11T10:00,24.1,24.1,443,21.4
2026-04-11T11:00,26.2,26.2,443,16.2
2026-04-11T12:00,29.7,29.7,444,11.2
2026-04-11T13:00,32.7,32.7,444,8.6
2026-04-11T14:00,33.5,33.4,444,9.5
2026-04-11T15:00,34.7,34.7,443,12.9
2026-04-11T16:00,43.3,43.2,443,18.2
2026-04-11T17:00,53.0,53.0,445,26.3
2026-04-11T18:00,71.2,71.2,448,36.3
2026-04-11T19:00,72.4,72.2,450,39.0
2026-04-11T20:00,70.5,70.5,452,40.9
2026-04-11T21:00,75.7,75.7,453,43.6
2026-04-11T22:00,82.0,82.0,455,45.5
2026-04-11T23:00,70.1,70.1,457,46.1
2026-04-12T00:00,65.7,65.4,459,46.0
2026-04-12T01:00,70.1,69.8,461,45.3
2026-04-12T02:00,70.5,70.3,462,43.7
2026-04-12T03:00,58.3,58.2,462,41.5
2026-04-12T04:00,51.6,51.5,461,39.3
2026-04-12T05:00,58.2,58.0,460,37.7
2026-04-12T06:00,71.9,71.5,459,36.1
2026-04-12T07:00,42.3,42.1,457,27.7
2026-04-12T08:00,29.4,29.3,454,24.8
2026-04-12T09:00,23.8,23.7,449,20.6
2026-04-12T10:00,22.8,22.7,446,16.8
2026-04-12T11:00,23.7,23.7,444,13.6
2026-04-12T12:00,25.7,25.7,442,10.7
2026-04-12T13:00,26.3,26.3,441,9.2
2026-04-12T14:00,26.6,26.6,440,9.3
2026-04-12T15:00,25.0,25.0,438,10.7
2026-04-12T16:00,28.8,28.8,438,13.5
2026-04-12T17:00,36.2,36.2,439,18.5
2026-04-12T18:00,42.3,42.3,440,24.9
2026-04-12T19:00,53.9,53.9,442,26.6
2026-04-12T20:00,55.5,55.5,444,29.7
2026-04-12T21:00,62.4,62.2,446,34.2
2026-04-12T22:00,77.1,77.1,448,39.1
2026-04-12T23:00,80.6,80.6,449,45.0
2026-04-13T00:00,92.4,92.2,450,51.3
2026-04-13T01:00,103.4,102.9,453,55.8
2026-04-13T02:00,107.3,107.1,460,57.3
2026-04-13T03:00,110.6,110.1,469,57.0
2026-04-13T04:00,112.7,112.2,473,55.4
2026-04-13T05:00,105.2,104.8,469,53.1
2026-04-13T06:00,108.7,108.3,460,49.7
2026-04-13T07:00,130.9,129.9,453,51.3
2026-04-13T08:00,71.5,69.8,449,41.6
2026-04-13T09:00,40.6,39.2,447,28.1
2026-04-13T10:00,31.7,30.9,445,17.1
2026-04-13T11:00,28.2,27.5,443,11.1
2026-04-13T12:00,25.7,25.0,441,7.6
2026-04-13T13:00,23.2,22.6,439,5.8
2026-04-13T14:00,20.3,19.8,438,5.1
2026-04-13T15:00,18.4,17.9,437,6.1
2026-04-13T16:00,17.8,17.4,438,9.9
2026-04-13T17:00,23.2,22.9,441,19.0
2026-04-13T18:00,37.1,36.2,446,30.9
2026-04-13T19:00,30.3,28.9,449,33.1
2026-04-13T20:00,30.9,29.6,451,34.1
2026-04-13T21:00,30.3,29.2,451,35.5
2026-04-13T22:00,32.2,31.2,451,36.3
2026-04-13T23:00,33.9,32.7,449,35.6
2026-04-14T00:00,34.8,33.6,446,34.3
2026-04-14T01:00,32.9,31.8,445,33.7
2026-04-14T02:00,33.5,32.2,447,35.0
2026-04-14T03:00,40.0,38.5,450,37.0
2026-04-14T04:00,49.7,48.0,452,37.9
2026-04-14T05:00,58.4,56.5,451,37.4
2026-04-14T06:00,69.2,66.8,448,35.7
2026-04-14T07:00,54.6,52.5,445,30.6
2026-04-14T08:00,25.8,23.1,442,24.4
2026-04-14T09:00,20.5,17.7,440,15.7
2026-04-14T10:00,16.8,14.6,438,9.0
2026-04-14T11:00,14.4,12.6,437,5.9
2026-04-14T12:00,12.9,11.5,437,4.8
2026-04-14T13:00,11.9,10.9,437,4.7
2026-04-14T14:00,11.1,10.4,436,4.6
2026-04-14T15:00,11.1,10.7,436,5.7
2026-04-14T16:00,12.8,12.5,436,10.0
2026-04-14T17:00,18.7,18.4,438,20.7
2026-04-14T18:00,38.8,37.6,441,34.8
2026-04-14T19:00,55.2,51.8,444,42.2
2026-04-14T20:00,46.6,44.1,446,42.0
2026-04-14T21:00,42.4,40.7,447,41.7
2026-04-14T22:00,46.6,45.1,448,41.1
2026-04-14T23:00,50.8,49.1,450,40.3
2026-04-15T00:00,56.5,54.6,452,39.3
2026-04-15T01:00,54.6,52.9,454,37.7
2026-04-15T02:00,51.3,49.7,455,34.8
2026-04-15T03:00,49.1,47.8,455,31.3
2026-04-15T04:00,50.8,49.6,455,29.3
2026-04-15T05:00,56.2,54.5,453,31.1
2026-04-15T06:00,74.0,71.9,451,34.4
2026-04-15T07:00,85.0,82.2,448,38.8
2026-04-15T08:00,42.3,41.6,446,31.1
2026-04-15T09:00,29.1,28.4,444,20.4
2026-04-15T10:00,26.3,25.7,442,11.9
2026-04-15T11:00,24.6,24.1,441,7.7
2026-04-15T12:00,21.8,21.5,440,5.7
2026-04-15T13:00,19.4,19.0,439,5.0
2026-04-15T14:00,17.5,17.3,438,4.5
2026-04-15T15:00,15.5,15.3,437,5.3
2026-04-15T16:00,15.5,15.3,438,10.0
2026-04-15T17:00,21.5,21.3,441,21.6
2026-04-15T18:00,41.7,41.4,445,37.1
2026-04-15T19:00,52.3,51.6,448,43.1
2026-04-15T20:00,52.6,52.4,448,45.5
2026-04-15T21:00,55.9,55.1,447,48.9
2026-04-15T22:00,63.8,62.4,446,52.7
2026-04-15T23:00,70.8,68.9,444,57.1
2026-04-16T00:00,75.7,73.8,441,61.8
2026-04-16T01:00,79.6,77.5,442,65.7
2026-04-16T02:00,85.9,83.8,449,68.7
2026-04-16T03:00,100.1,97.8,458,70.8
2026-04-16T04:00,120.6,118.0,464,70.7
2026-04-16T05:00,139.2,137.4,463,68.4
2026-04-16T06:00,156.0,155.1,459,64.0
2026-04-16T07:00,129.0,124.3,455,51.8
2026-04-16T08:00,43.7,41.9,451,39.8
2026-04-16T09:00,26.8,26.3,447,23.3
2026-04-16T10:00,24.5,24.0,443,10.7
2026-04-16T11:00,23.6,23.2,441,5.8
2026-04-16T12:00,22.3,21.9,440,4.9
2026-04-16T13:00,20.8,20.5,439,5.3
2026-04-16T14:00,18.7,18.4,438,5.8
2026-04-16T15:00,16.7,16.4,437,7.6
2026-04-16T16:00,20.1,19.9,438,12.1
2026-04-16T17:00,31.0,30.9,442,22.0
2026-04-16T18:00,47.0,46.9,447,34.6
2026-04-16T19:00,40.3,40.3,450,39.0
2026-04-16T20:00,40.6,40.6,450,40.4
2026-04-16T21:00,45.2,44.8,448,42.4
2026-04-16T22:00,54.5,53.4,446,44.7
2026-04-16T23:00,61.7,60.3,444,47.4
2026-04-17T00:00,68.0,66.1,442,50.4
2026-04-17T01:00,70.5,68.7,441,53.3
2026-04-17T02:00,78.2,76.1,441,56.8
2026-04-17T03:00,92.9,90.6,441,60.1
2026-04-17T04:00,99.0,96.6,443,60.6
2026-04-17T05:00,95.7,93.8,447,56.9
2026-04-17T06:00,103.1,100.6,453,50.3
2026-04-17T07:00,94.8,91.7,455,38.3
2026-04-17T08:00,36.3,35.6,451,30.3
2026-04-17T09:00,26.9,26.4,445,19.2
2026-04-17T10:00,23.3,22.9,440,10.6
2026-04-17T11:00,21.0,20.7,439,6.8
2026-04-17T12:00,19.3,19.0,440,5.5
2026-04-17T13:00,18.9,18.6,440,5.2
2026-04-17T14:00,17.8,17.6,439,4.3
2026-04-17T15:00,16.6,16.4,438,4.6
2026-04-17T16:00,16.6,16.4,439,9.5
2026-04-17T17:00,27.0,26.8,445,23.4
2026-04-17T18:00,56.2,55.8,453,42.0
2026-04-17T19:00,81.3,80.1,459,54.4
2026-04-17T20:00,86.6,86.1,460,58.0
2026-04-17T21:00,97.1,95.7,459,63.0
2026-04-17T22:00,114.6,111.8,457,66.7
2026-04-17T23:00,117.8,115.0,456,68.0
2026-04-18T00:00,122.0,118.5,454,68.2
2026-04-18T01:00,108.7,105.7,453,68.1
2026-04-18T02:00,100.8,98.0,454,69.2
2026-04-18T03:00,102.9,100.1,456,70.1
2026-04-18T04:00,115.3,112.2,457,67.8
2026-04-18T05:00,114.3,112.2,454,60.1
2026-04-18T06:00,88.7,87.8,450,49.3
2026-04-18T07:00,102.9,99.2,447,44.4
2026-04-18T08:00,56.0,53.9,445,35.5
2026-04-18T09:00,44.1,42.6,444,23.1
2026-04-18T10:00,41.1,39.7,443,13.4
2026-04-18T11:00,40.3,39.0,442,8.8
2026-04-18T12:00,38.8,37.5,441,6.7
2026-04-18T13:00,36.3,35.2,441,6.0
2026-04-18T14:00,33.6,32.7,440,6.2
2026-04-18T15:00,30.5,29.7,440,7.6
2026-04-18T16:00,28.2,27.4,441,10.2
2026-04-18T17:00,41.8,41.1,446,14.6
2026-04-18T18:00,53.7,53.1,452,20.1
2026-04-18T19:00,125.7,122.5,457,70.3
2026-04-18T20:00,107.6,105.0,457,62.1
2026-04-18T21:00,73.8,71.7,456,50.7
2026-04-18T22:00,51.9,49.6,455,41.7
2026-04-18T23:00,45.9,43.8,456,37.5
2026-04-19T00:00,51.0,48.5,457,35.8
2026-04-19T01:00,48.1,46.4,458,34.5
2026-04-19T02:00,50.4,49.8,458,33.2
2026-04-19T03:00,55.9,55.1,458,32.5
2026-04-19T04:00,62.6,61.7,457,32.1
2026-04-19T05:00,70.8,69.8,454,32.9
2026-04-19T06:00,88.9,87.8,450,34.0
2026-04-19T07:00,75.7,75.0,446,34.0
2026-04-19T08:00,46.0,44.7,443,27.6
2026-04-19T09:00,33.9,32.0,441,18.8
2026-04-19T10:00,28.9,27.7,439,11.8
2026-04-19T11:00,29.7,28.6,437,8.4
2026-04-19T12:00,32.1,31.1,436,6.8
2026-04-19T13:00,38.3,37.1,436,6.2
2026-04-19T14:00,37.3,36.2,438,5.7
2026-04-19T15:00,38.0,37.0,441,6.2
2026-04-19T16:00,39.5,38.5,444,10.0
2026-04-19T17:00,41.6,40.7,447,18.8
2026-04-19T18:00,78.2,77.5,451,30.9
2026-04-19T19:00,119.7,117.6,454,62.3
2026-04-19T20:00,124.3,122.5,457,67.2
2026-04-19T21:00,125.7,122.5,461,73.9
2026-04-19T22:00,134.1,128.1,464,78.6
2026-04-19T23:00,141.1,135.0,468,79.8
2026-04-20T00:00,136.0,130.9,472,79.0
2026-04-20T01:00,126.7,122.9,475,77.0
2026-04-20T02:00,116.4,113.9,475,73.7
2026-04-20T03:00,114.8,112.5,473,69.2
2026-04-20T04:00,119.2,115.9,470,65.0
2026-04-20T05:00,123.4,119.0,467,62.8
2026-04-20T06:00,138.8,134.6,463,61.0
2026-04-20T07:00,117.3,112.5,459,46.2
2026-04-20T08:00,79.6,75.9,453,37.1
2026-04-20T09:00,59.8,56.3,446,24.5
2026-04-20T10:00,52.9,49.9,442,14.5
2026-04-20T11:00,52.2,49.6,444,9.6
2026-04-20T12:00,51.8,49.5,448,7.3
2026-04-20T13:00,48.8,46.7,451,6.3
2026-04-20T14:00,45.8,43.8,449,4.5
2026-04-20T15:00,43.9,42.0,445,4.0
2026-04-20T16:00,43.1,41.2,444,9.6
2026-04-20T17:00,55.3,53.4,451,26.8
2026-04-20T18:00,103.4,101.0,461,50.1
2026-04-20T19:00,139.7,133.6,467,74.0
2026-04-20T20:00,129.0,123.4,465,74.4
2026-04-20T21:00,122.9,117.1,458,75.1
2026-04-20T22:00,121.5,115.7,453,76.4
2026-04-20T23:00,121.1,114.8,449,79.2
2026-04-21T00:00,126.2,119.7,446,82.5
2026-04-21T01:00,128.5,122.5,447,83.8
2026-04-21T02:00,127.6,121.5,458,82.1
2026-04-21T03:00,122.0,116.2,474,78.4
2026-04-21T04:00,112.5,106.9,483,73.0
2026-04-21T05:00,109.9,104.5,481,65.8
2026-04-21T06:00,120.6,115.3,472,56.9
2026-04-21T07:00,120.1,115.9,464,49.5
2026-04-21T08:00,76.1,74.3,458,39.9
2026-04-21T09:00,51.1,48.8,451,26.5
2026-04-21T10:00,45.6,43.2,447,15.8
2026-04-21T11:00,46.7,44.2,445,10.1
2026-04-21T12:00,48.3,46.1,446,7.0
2026-04-21T13:00,49.7,47.6,446,5.7
2026-04-21T14:00,50.2,48.1,445,5.7
2026-04-21T15:00,48.7,46.7,443,7.6
2026-04-21T16:00,49.0,47.1,445,11.9
2026-04-21T17:00,56.7,55.1,453,21.1
2026-04-21T18:00,74.5,73.1,463,32.7
2026-04-21T19:00,44.9,44.2,471,28.1
2026-04-21T20:00,37.3,36.6,475,28.6
2026-04-21T21:00,38.4,37.8,476,29.3
2026-04-21T22:00,39.8,39.5,474,29.4
2026-04-21T23:00,31.5,31.3,467,28.5
2026-04-22T00:00,23.9,23.8,458,27.0
2026-04-22T01:00,25.3,25.1,451,25.6
2026-04-22T02:00,26.7,26.5,450,24.3
2026-04-22T03:00,24.7,24.6,452,23.0
2026-04-22T04:00,18.4,18.3,453,22.4
2026-04-22T05:00,19.3,19.2,451,23.2
2026-04-22T06:00,23.1,22.6,448,24.6
2026-04-22T07:00,43.5,42.3,446,29.8
2026-04-22T08:00,35.0,34.5,445,28.4
2026-04-22T09:00,32.4,32.1,444,26.4
2026-04-22T10:00,28.2,28.0,443,23.6
2026-04-22T11:00,20.1,19.8,442,19.0
2026-04-22T12:00,19.7,19.4,441,13.7
2026-04-22T13:00,21.6,21.2,441,10.6
2026-04-22T14:00,21.3,20.9,442,10.6
2026-04-22T15:00,22.4,22.1,443,12.8
2026-04-22T16:00,27.6,27.2,446,17.4
2026-04-22T17:00,40.5,40.0,452,26.0
2026-04-22T18:00,42.4,42.0,459,37.1
2026-04-22T19:00,52.0,51.5,464,46.1
2026-04-22T20:00,47.6,47.3,464,47.7
2026-04-22T21:00,46.6,46.2,460,49.9
2026-04-22T22:00,48.1,46.9,458,51.6
2026-04-22T23:00,49.9,47.6,458,52.4
2026-04-23T00:00,56.1,53.3,459,52.8
2026-04-23T01:00,59.1,56.2,459,52.5
2026-04-23T02:00,59.3,56.5,458,51.5
2026-04-23T03:00,61.2,58.6,456,50.0
2026-04-23T04:00,65.9,63.6,454,48.1
2026-04-23T05:00,75.0,72.9,452,46.5
2026-04-23T06:00,91.0,88.5,449,44.6
2026-04-23T07:00,84.8,81.3,447,40.0
2026-04-23T08:00,41.3,38.3,445,32.8
2026-04-23T09:00,23.9,22.6,443,22.9
2026-04-23T10:00,21.6,20.8,442,15.3
2026-04-23T11:00,20.9,20.3,441,11.9
2026-04-23T12:00,22.0,21.3,440,10.7
2026-04-23T13:00,19.8,19.2,440,10.9
2026-04-23T14:00,17.0,16.6,441,11.4
2026-04-23T15:00,17.6,17.3,442,13.2
2026-04-23T16:00,18.9,18.5,444,18.2
2026-04-23T17:00,29.7,29.3,448,29.3
2026-04-23T18:00,51.3,50.4,454,43.6
2026-04-23T19:00,58.0,55.6,458,55.5
2026-04-23T20:00,63.6,61.2,460,57.2
2026-04-23T21:00,64.0,61.7,460,59.6
2026-04-23T22:00,68.0,65.7,460,61.1
2026-04-23T23:00,67.1,64.7,458,61.0
2026-04-24T00:00,66.6,64.3,455,59.9
2026-04-24T01:00,71.9,69.6,453,58.7
2026-04-24T02:00,78.9,76.6,452,58.2
2026-04-24T03:00,85.0,82.7,451,57.5
2026-04-24T04:00,75.2,72.9,449,54.4
2026-04-24T05:00,37.7,36.3,446,47.2
2026-04-24T06:00,41.6,40.3,443,37.6
2026-04-24T07:00,47.3,45.4,441,33.7
2026-04-24T08:00,23.5,21.7,440,27.1
2026-04-24T09:00,15.5,14.2,441,18.0
2026-04-24T10:00,14.5,13.6,441,10.9
2026-04-24T11:00,12.5,12.0,441,7.7
2026-04-24T12:00,13.3,12.8,442,6.6
2026-04-24T13:00,13.9,13.4,442,6.8
2026-04-24T14:00,14.2,13.7,442,7.7
2026-04-24T15:00,14.0,13.5,442,10.0
2026-04-24T16:00,16.4,16.1,444,14.9
2026-04-24T17:00,19.5,19.3,450,24.7
2026-04-24T18:00,32.1,31.1,457,37.1
2026-04-24T19:00,50.4,48.1,462,47.9
2026-04-24T20:00,60.1,57.9,460,52.2
2026-04-24T21:00,70.5,68.2,456,58.0
2026-04-24T22:00,80.1,77.8,452,61.8
2026-04-24T23:00,82.4,80.3,450,61.8
2026-04-25T00:00,78.5,76.1,450,59.7
2026-04-25T01:00,76.1,74.0,450,57.6
2026-04-25T02:00,79.4,77.3,452,56.3
2026-04-25T03:00,80.1,78.0,455,54.9
2026-04-25T04:00,77.1,75.0,457,52.8
2026-04-25T05:00,79.2,77.3,457,50.0
2026-04-25T06:00,91.0,89.2,455,46.5
2026-04-25T07:00,85.4,82.0,453,36.3
2026-04-25T08:00,47.7,45.4,449,28.9
2026-04-25T09:00,27.6,26.7,444,18.7
2026-04-25T10:00,22.2,21.4,440,10.7
2026-04-25T11:00,18.8,18.1,439,7.0
2026-04-25T12:00,17.0,16.4,439,5.6
2026-04-25T13:00,17.0,16.4,439,5.2
2026-04-25T14:00,15.8,15.2,438,4.9
2026-04-25T15:00,15.0,14.4,438,5.8
2026-04-25T16:00,14.8,14.3,441,9.5
2026-04-25T17:00,21.1,20.7,451,18.5
2026-04-25T18:00,29.6,29.3,464,30.5
2026-04-25T19:00,44.2,42.7,471,41.6
2026-04-25T20:00,47.5,46.2,465,43.2
2026-04-25T21:00,45.9,44.8,452,45.2
2026-04-25T22:00,40.6,39.7,443,46.2
2026-04-25T23:00,34.7,34.0,441,44.9
2026-04-26T00:00,33.6,32.9,443,42.5
2026-04-26T01:00,37.4,36.6,445,41.0
2026-04-26T02:00,43.2,42.3,445,41.5
2026-04-26T03:00,53.0,51.8,446,42.9
2026-04-26T04:00,65.9,64.7,446,43.5
2026-04-26T05:00,79.9,78.7,446,43.4
2026-04-26T06:00,104.3,102.4,446,42.6
2026-04-26T07:00,58.8,57.0,445,35.5
2026-04-26T08:00,18.7,18.6,443,29.5
2026-04-26T09:00,14.1,14.0,441,21.1
2026-04-26T10:00,13.0,12.9,440,14.1
2026-04-26T11:00,11.6,11.5,441,9.7
2026-04-26T12:00,10.4,10.3,442,6.6
2026-04-26T13:00,11.5,11.4,443,5.2
2026-04-26T14:00,13.2,13.0,442,5.6
2026-04-26T15:00,14.6,14.4,441,7.7
2026-04-26T16:00,14.9,14.8,440,10.6
2026-04-26T17:00,18.2,18.1,441,14.9
2026-04-26T18:00,32.1,32.0,443,20.0
2026-04-26T19:00,31.4,31.4,445,23.0
2026-04-26T20:00,32.2,32.2,447,22.5
2026-04-26T21:00,35.2,35.2,449,21.9
2026-04-26T22:00,32.5,32.5,451,22.0
2026-04-26T23:00,30.5,30.5,452,23.3
2026-04-27T00:00,27.9,27.9,453,25.5
2026-04-27T01:00,28.3,28.3,455,27.9
2026-04-27T02:00,32.2,32.2,459,30.9
2026-04-27T03:00,35.9,35.9,464,34.1
2026-04-27T04:00,39.3,39.3,467,36.7
2026-04-27T05:00,46.9,46.8,468,38.7
2026-04-27T06:00,55.1,54.7,468,39.9
2026-04-27T07:00,83.1,80.1,466,45.0
2026-04-27T08:00,46.8,46.4,462,40.4
2026-04-27T09:00,38.9,38.5,455,33.9
2026-04-27T10:00,32.2,31.9,451,27.5
2026-04-27T11:00,32.4,32.0,450,21.0
2026-04-27T12:00,31.9,31.4,450,14.6
2026-04-27T13:00,32.9,32.6,450,11.3
2026-04-27T14:00,34.5,34.0,448,12.5
2026-04-27T15:00,35.0,34.7,446,16.8
2026-04-27T16:00,51.1,50.8,445,22.9
2026-04-27T17:00,56.8,56.6,446,31.7
2026-04-27T18:00,67.3,67.1,448,42.4
2026-04-27T19:00,75.2,75.2,451,56.8
2026-04-27T20:00,68.5,68.2,454,56.0
2026-04-27T21:00,62.4,61.9,457,54.8
2026-04-27T22:00,57.0,56.0,460,53.4
2026-04-27T23:00,48.4,47.1,462,51.8
2026-04-28T00:00,43.8,42.4,465,50.1
2026-04-28T01:00,42.4,40.7,466,48.5
2026-04-28T02:00,42.5,40.6,467,47.1
2026-04-28T03:00,41.1,39.3,467,45.9
2026-04-28T04:00,39.9,38.2,465,44.9
2026-04-28T05:00,41.6,39.8,460,44.9
2026-04-28T06:00,51.6,49.7,453,45.0
2026-04-28T07:00,78.9,76.1,447,45.4
2026-04-28T08:00,44.6,42.8,445,37.5
2026-04-28T09:00,29.3,28.9,444,26.6
2026-04-28T10:00,25.1,24.8,444,17.6
2026-04-28T11:00,25.2,25.0,443,12.1
2026-04-28T12:00,23.3,23.1,442,8.6
2026-04-28T13:00,17.7,17.5,442,7.4
2026-04-28T14:00,19.0,18.7,442,8.9
2026-04-28T15:00,21.9,21.7,442,12.8
2026-04-28T16:00,26.7,26.3,443,18.4
2026-04-28T17:00,45.2,44.7,446,26.6
2026-04-28T18:00,58.1,57.2,449,36.4
2026-04-28T19:00,49.8,48.8,451,45.1
2026-04-28T20:00,47.0,46.6,451,45.3
2026-04-28T21:00,49.0,48.5,449,45.4
2026-04-28T22:00,51.6,50.5,447,45.2
2026-04-28T23:00,51.6,49.9,445,44.2
2026-04-29T00:00,50.5,48.7,444,42.8
2026-04-29T01:00,40.7,39.3,443,41.8
2026-04-29T02:00,37.8,36.6,444,41.8
2026-04-29T03:00,48.5,46.8,445,42.1
2026-04-29T04:00,58.6,57.6,447,41.8
2026-04-29T05:00,59.8,59.5,449,40.5
2026-04-29T06:00,55.8,55.3,451,38.6
2026-04-29T07:00,78.5,76.4,451,46.8
2026-04-29T08:00,32.5,31.0,448,38.0
2026-04-29T09:00,21.0,19.8,444,25.8
2026-04-29T10:00,15.5,14.8,441,16.4
2026-04-29T11:00,11.6,11.1,441,12.2
2026-04-29T12:00,10.3,10.0,442,10.9
2026-04-29T13:00,10.8,10.7,443,11.1
2026-04-29T14:00,11.5,11.4,444,12.4
2026-04-29T15:00,11.4,11.1,444,15.3
2026-04-29T16:00,15.1,14.9,445,20.1
2026-04-29T17:00,18.7,18.0,447,28.3
2026-04-29T18:00,24.5,23.6,449,38.3
2026-04-29T19:00,47.5,46.1,450,51.0
2026-04-29T20:00,56.5,54.8,451,54.3
2026-04-29T21:00,74.0,72.2,451,58.6
2026-04-29T22:00,88.2,86.4,451,60.9
2026-04-29T23:00,93.4,91.3,450,59.8
2026-04-30T00:00,87.5,85.4,447,56.7
2026-04-30T01:00,61.9,60.5,446,52.3
2026-04-30T02:00,30.2,29.1,446,45.7
2026-04-30T03:00,28.8,28.1,447,37.8
2026-04-30T04:00,32.5,31.8,447,32.6
2026-04-30T05:00,38.3,37.3,447,32.7
2026-04-30T06:00,42.4,40.9,446,35.5
2026-04-30T07:00,25.8,24.7,446,23.4
2026-04-30T08:00,19.3,18.6,445,21.8
2026-04-30T09:00,17.4,17.3,445,19.6
2026-04-30T10:00,19.0,18.9,444,17.4
2026-04-30T11:00,18.3,18.2,444,15.1
2026-04-30T12:00,17.9,17.8,444,12.8
2026-04-30T13:00,19.0,18.9,444,11.9
2026-04-30T14:00,19.2,19.1,444,12.6
2026-04-30T15:00,22.3,22.2,445,14.6
2026-04-30T16:00,20.2,20.1,447,18.8
2026-04-30T17:00,26.1,26.0,452,26.5
2026-04-30T18:00,47.0,46.0,458,36.5
2026-04-30T19:00,57.7,56.0,462,44.6
2026-04-30T20:00,53.9,52.2,464,44.7
2026-04-30T21:00,60.8,58.7,464,44.7
2026-04-30T22:00,63.8,61.7,464,44.3
2026-04-30T23:00,64.3,62.2,463,43.3
2026-05-01T00:00,64.0,62.2,461,41.8
2026-05-01T01:00,66.6,65.0,458,40.0
2026-05-01T02:00,63.3,62.2,455,37.9
2026-05-01T03:00,53.1,52.9,451,35.6
2026-05-01T04:00,56.9,56.8,449,33.0
2026-05-01T05:00,61.5,61.2,449,30.5
2026-05-01T06:00,61.2,61.2,451,27.8
2026-05-01T07:00,54.9,54.1,451,28.7
2026-05-01T08:00,38.1,37.8,449,23.1
2026-05-01T09:00,26.5,26.2,446,15.3
2026-05-01T10:00,23.2,22.9,444,9.4
2026-05-01T11:00,24.3,24.3,444,6.9
2026-05-01T12:00,28.9,28.8,444,6.3
2026-05-01T13:00,34.0,34.0,444,6.7
2026-05-01T14:00,38.6,38.6,442,7.4
2026-05-01T15:00,39.9,39.9,439,9.2
2026-05-01T16:00,37.8,37.7,438,13.1
2026-05-01T17:00,42.6,42.6,442,21.0
2026-05-01T18:00,67.1,67.1,448,31.1
2026-05-01T19:00,65.9,65.9,453,43.9
2026-05-01T20:00,62.6,62.4,453,44.5
2026-05-01T21:00,62.2,62.2,452,45.2
2026-05-01T22:00,68.0,67.8,453,45.5
2026-05-01T23:00,67.5,67.3,459,44.6
2026-05-02T00:00,58.8,58.8,466,43.3
2026-05-02T01:00,58.4,58.4,472,42.6
2026-05-02T02:00,54.6,54.6,474,43.4
2026-05-02T03:00,55.4,55.4,473,44.8
2026-05-02T04:00,66.6,66.4,472,45.7
2026-05-02T05:00,71.9,71.7,470,46.4
2026-05-02T06:00,83.6,82.4,467,46.5
2026-05-02T07:00,36.7,36.2,463,30.4
2026-05-02T08:00,20.8,20.4,459,25.4
2026-05-02T09:00,16.7,16.7,454,18.5
2026-05-02T10:00,14.0,14.0,450,13.0
2026-05-02T11:00,12.1,12.0,448,9.9
2026-05-02T12:00,15.9,15.8,446,8.1
2026-05-02T13:00,15.0,14.9,445,7.7
2026-05-02T14:00,15.7,15.6,442,8.5
2026-05-02T15:00,15.7,15.5,439,10.6
2026-05-02T16:00,18.7,18.6,439,14.4
2026-05-02T17:00,28.2,28.1,443,21.5
2026-05-02T18:00,40.0,39.8,449,30.3
2026-05-02T19:00,69.6,67.5,454,45.0
2026-05-02T20:00,62.2,61.9,455,41.2
2026-05-02T21:00,52.5,52.3,455,35.9
2026-05-02T22:00,55.3,55.2,455,32.5
2026-05-02T23:00,53.3,53.2,456,32.4
2026-05-03T00:00,59.0,58.9,457,34.1
2026-05-03T01:00,62.6,62.4,457,36.0
2026-05-03T02:00,62.6,62.4,455,37.8
2026-05-03T03:00,68.9,68.7,453,39.8
2026-05-03T04:00,77.5,77.3,450,41.4
2026-05-03T05:00,90.8,90.6,448,43.0
2026-05-03T06:00,121.1,120.6,446,44.2
2026-05-03T07:00,108.7,107.8,444,42.9
2026-05-03T08:00,52.2,51.5,443,36.5
2026-05-03T09:00,35.2,34.5,443,27.4
2026-05-03T10:00,31.1,30.5,443,19.5
2026-05-03T11:00,28.7,28.2,444,13.6
2026-05-03T12:00,25.7,25.3,445,8.9
2026-05-03T13:00,23.0,22.6,445,6.4
2026-05-03T14:00,20.8,20.4,442,6.7
2026-05-03T15:00,19.2,18.8,438,9.2
2026-05-03T16:00,19.8,19.5,436,13.7
2026-05-03T17:00,24.7,24.4,439,21.5
2026-05-03T18:00,33.3,32.4,444,31.2
2026-05-03T19:00,36.9,35.7,448,32.2
2026-05-03T20:00,41.8,40.9,451,34.2
2026-05-03T21:00,47.3,46.4,454,37.0
2026-05-03T22:00,54.9,53.9,456,39.2
2026-05-03T23:00,61.5,59.8,457,40.2
2026-05-04T00:00,67.1,65.2,458,40.5
2026-05-04T01:00,71.0,69.4,459,40.4
2026-05-04T02:00,77.1,75.2,462,39.7
2026-05-04T03:00,76.8,75.7,465,38.6
2026-05-04T04:00,76.8,76.1,467,37.6
2026-05-04T05:00,81.5,80.8,465,37.8
2026-05-04T06:00,100.4,98.3,461,38.2
2026-05-04T07:00,113.9,112.5,457,39.2
2026-05-04T08:00,72.9,72.4,452,32.3
2026-05-04T09:00,38.4,37.7,448,22.7
2026-05-04T10:00,31.0,30.3,444,14.9
2026-05-04T11:00,28.9,28.3,443,10.4
2026-05-04T12:00,28.0,27.5,442,7.7
2026-05-04T13:00,27.6,27.1,442,6.5
2026-05-04T14:00,27.2,26.8,441,6.5
2026-05-04T15:00,25.4,25.0,439,8.0
2026-05-04T16:00,25.2,24.7,440,11.9
2026-05-04T17:00,36.7,36.1,446,19.9
2026-05-04T18:00,64.5,64.0,454,30.4
2026-05-04T19:00,112.0,108.7,460,69.2
2026-05-04T20:00,107.3,104.8,461,63.2
2026-05-04T21:00,100.8,99.9,459,55.1
2026-05-04T22:00,104.3,103.8,456,50.6
2026-05-04T23:00,109.4,109.0,453,53.3
2026-05-05T00:00,118.3,117.8,448,59.5
2026-05-05T01:00,132.7,131.3,447,64.0
2026-05-05T02:00,160.7,160.2,451,64.9
2026-05-05T03:00,179.7,179.3,457,64.1
2026-05-05T04:00,157.4,156.9,461,61.8
2026-05-05T05:00,139.7,139.2,462,58.1
2026-05-05T06:00,138.3,137.8,462,52.8
2026-05-05T07:00,146.2,145.3,460,44.6
2026-05-05T08:00,74.7,73.8,455,35.9
2026-05-05T09:00,48.5,47.4,449,23.8
2026-05-05T10:00,38.9,37.8,444,14.2
2026-05-05T11:00,33.9,33.1,442,9.4
2026-05-05T12:00,30.3,29.5,441,7.0
2026-05-05T13:00,26.8,26.1,441,6.1
2026-05-05T14:00,24.6,24.0,440,5.4
2026-05-05T15:00,21.6,21.0,440,6.1
2026-05-05T16:00,21.4,20.8,441,11.3
2026-05-05T17:00,30.3,29.8,444,24.4
2026-05-05T18:00,53.4,52.2,447,41.9
2026-05-05T19:00,73.8,70.8,451,50.7
2026-05-05T20:00,75.9,73.8,454,54.0
2026-05-05T21:00,81.0,78.2,457,58.5
2026-05-05T22:00,85.4,82.7,459,61.2
2026-05-05T23:00,81.7,79.2,457,60.7
2026-05-06T00:00,77.1,74.5,454,58.5
2026-05-06T01:00,72.9,70.3,453,56.0
2026-05-06T02:00,71.2,68.5,458,53.7
2026-05-06T03:00,72.9,70.1,465,51.0
2026-05-06T04:00,71.5,68.2,470,47.9
2026-05-06T05:00,67.1,65.0,472,44.4
2026-05-06T06:00,71.9,71.0,472,40.4
2026-05-06T07:00,82.2,79.4,469,35.3
2026-05-06T08:00,50.8,47.8,461,28.8
2026-05-06T09:00,36.2,33.9,450,19.8
2026-05-06T10:00,30.0,28.8,442,12.6
2026-05-06T11:00,25.7,24.8,439,8.6
2026-05-06T12:00,22.6,22.0,439,6.4
2026-05-06T13:00,21.0,20.5,439,5.6
2026-05-06T14:00,19.6,19.2,439,5.3
2026-05-06T15:00,18.0,17.8,439,6.4
2026-05-06T16:00,18.5,18.2,440,11.4
2026-05-06T17:00,28.1,27.9,443,23.5
2026-05-06T18:00,48.3,47.5,447,39.5
2026-05-06T19:00,58.6,55.9,449,48.7
2026-05-06T20:00,58.0,55.5,448,51.5
2026-05-06T21:00,65.0,62.4,446,55.4
2026-05-06T22:00,76.4,73.8,447,59.0
2026-05-06T23:00,83.1,80.6,455,62.1
2026-05-07T00:00,88.2,85.4,467,64.8
2026-05-07T01:00,92.9,90.3,475,65.9
2026-05-07T02:00,96.6,93.8,474,64.9
2026-05-07T03:00,93.8,91.3,470,62.2
2026-05-07T04:00,88.5,85.9,466,58.0
2026-05-07T05:00,85.7,83.6,466,51.8
2026-05-07T06:00,93.8,91.3,466,44.1
2026-05-07T07:00,69.8,68.0,465,34.6
2026-05-07T08:00,46.0,45.1,460,27.9
2026-05-07T09:00,27.5,27.0,452,18.7
2026-05-07T10:00,23.2,22.9,446,11.4
2026-05-07T11:00,22.1,21.9,443,7.9
2026-05-07T12:00,21.5,21.4,440,6.3
2026-05-07T13:00,20.3,20.2,439,5.9
2026-05-07T14:00,19.1,19.0,438,5.0
2026-05-07T15:00,17.9,17.9,438,5.3
2026-05-07T16:00,17.5,17.5,439,10.4
2026-05-07T17:00,29.4,29.3,443,25.1
2026-05-07T18:00,56.5,56.2,447,44.7
2026-05-07T19:00,100.6,97.6,450,63.9
2026-05-07T20:00,103.8,102.9,447,64.8
2026-05-07T21:00,95.2,94.1,443,65.9
2026-05-07T22:00,90.6,88.9,442,66.8
2026-05-07T23:00,89.2,86.8,450,67.3
2026-05-08T00:00,88.2,85.9,462,67.5
2026-05-08T01:00,85.2,83.1,469,66.7
2026-05-08T02:00,81.3,78.9,467,64.3
2026-05-08T03:00,78.5,76.6,460,60.9
2026-05-08T04:00,76.1,74.3,455,57.4
2026-05-08T05:00,76.1,74.5,454,54.7
2026-05-08T06:00,91.3,89.2,455,51.8
2026-05-08T07:00,75.0,72.6,455,40.0
2026-05-08T08:00,51.8,50.9,454,32.9
2026-05-08T09:00,33.5,32.5,452,23.0
2026-05-08T10:00,26.8,26.4,449,14.9
2026-05-08T11:00,24.7,24.4,445,10.2
2026-05-08T12:00,23.5,23.1,441,7.3
2026-05-08T13:00,22.6,22.2,438,6.0
2026-05-08T14:00,22.1,21.8,438,5.1
2026-05-08T15:00,21.4,21.0,441,5.8
2026-05-08T16:00,22.2,21.8,443,11.0
2026-05-08T17:00,35.7,35.3,446,25.0
2026-05-08T18:00,60.5,60.3,449,43.4
2026-05-08T19:00,54.6,52.5,451,48.2
2026-05-08T20:00,52.3,50.4,449,47.5
2026-05-08T21:00,51.9,50.2,444,46.5
2026-05-08T22:00,47.6,46.4,442,45.5
2026-05-08T23:00,43.3,42.4,442,44.1
2026-05-09T00:00,46.7,45.2,444,42.6
2026-05-09T01:00,55.8,53.9,449,42.2
2026-05-09T02:00,66.8,65.0,460,44.0
2026-05-09T03:00,78.0,75.9,473,46.8
2026-05-09T04:00,78.0,75.9,481,48.1
2026-05-09T05:00,78.2,76.4,480,47.1
2026-05-09T06:00,87.1,84.8,473,44.5
2026-05-09T07:00,96.4,92.0,466,42.3
2026-05-09T08:00,55.8,52.3,459,35.2
2026-05-09T09:00,39.0,35.6,451,25.4
2026-05-09T10:00,32.0,29.9,445,17.1
2026-05-09T11:00,27.0,25.8,442,11.8
2026-05-09T12:00,24.4,23.4,441,8.0
2026-05-09T13:00,22.7,21.9,440,6.4
2026-05-09T14:00,22.1,21.3,440,6.1
2026-05-09T15:00,21.2,20.5,440,7.9
2026-05-09T16:00,24.6,23.9,442,14.7
2026-05-09T17:00,40.3,39.7,447,30.5
2026-05-09T18:00,78.2,75.7,453,51.3
2026-05-09T19:00,128.5,123.4,459,85.2
2026-05-09T20:00,136.0,130.4,463,85.9
2026-05-09T21:00,146.2,141.1,466,87.0
2026-05-09T22:00,134.1,129.5,467,87.6
2026-05-09T23:00,122.0,117.6,464,88.3
2026-05-10T00:00,126.2,121.5,458,88.6
2026-05-10T01:00,127.6,122.9,456,86.6
2026-05-10T02:00,115.7,111.5,461,80.4
2026-05-10T03:00,109.2,105.7,469,71.9
2026-05-10T04:00,107.1,105.7,473,64.2
2026-05-10T05:00,114.6,113.6,469,59.5
2026-05-10T06:00,115.3,114.3,462,55.7
2026-05-10T07:00,89.9,86.4,456,50.2
2026-05-10T08:00,62.9,61.9,454,40.5
2026-05-10T09:00,50.4,49.7,454,27.1
2026-05-10T10:00,42.5,41.8,453,16.4
2026-05-10T11:00,40.9,40.3,450,10.8
2026-05-10T12:00,39.5,38.9,446,7.8
2026-05-10T13:00,37.3,36.7,443,6.6
2026-05-10T14:00,32.2,31.5,442,6.4
2026-05-10T15:00,28.0,27.3,442,7.9
2026-05-10T16:00,28.0,27.3,443,12.8
2026-05-10T17:00,38.3,37.7,445,24.2
2026-05-10T18:00,70.1,69.4,448,39.0
2026-05-10T19:00,73.8,73.3,450,49.1
2026-05-10T20:00,68.9,68.5,448,50.1
2026-05-10T21:00,62.9,62.4,445,46.3
2026-05-10T22:00,55.8,55.2,443,43.1
2026-05-10T23:00,50.5,49.7,443,42.0
2026-05-11T00:00,52.9,51.6,444,41.4
2026-05-11T01:00,60.1,58.6,448,41.5
2026-05-11T02:00,65.7,64.3,456,42.8
2026-05-11T03:00,71.5,70.1,466,44.9
2026-05-11T04:00,79.2,77.5,472,45.8
2026-05-11T05:00,86.8,85.2,470,45.6
2026-05-11T06:00,101.7,99.4,464,44.3
2026-05-11T07:00,86.8,85.4,458,36.7
2026-05-11T08:00,41.4,40.3,452,29.3
2026-05-11T09:00,28.2,27.1,446,19.0
2026-05-11T10:00,25.4,24.4,441,10.9
2026-05-11T11:00,23.3,22.5,439,7.1
2026-05-11T12:00,20.8,20.1,440,5.5
2026-05-11T13:00,19.0,18.3,440,5.1
2026-05-11T14:00,17.2,16.5,440,4.7
2026-05-11T15:00,16.1,15.4,440,5.6
2026-05-11T16:00,16.4,15.8,441,10.1
2026-05-11T17:00,26.4,25.9,444,21.4
2026-05-11T18:00,42.5,40.9,447,36.4
2026-05-11T19:00,56.5,53.6,449,50.1
2026-05-11T20:00,56.2,53.8,447,51.8
2026-05-11T21:00,57.9,55.5,444,54.1
2026-05-11T22:00,61.9,59.6,445,56.2
2026-05-11T23:00,66.1,63.8,454,57.9
2026-05-12T00:00,70.1,67.5,466,59.3
2026-05-12T01:00,75.4,72.9,474,59.8
2026-05-12T02:00,78.2,75.7,473,59.0
2026-05-12T03:00,79.2,76.6,468,57.4
2026-05-12T04:00,81.7,79.6,464,55.2
2026-05-12T05:00,90.3,88.0,462,53.3
2026-05-12T06:00,109.4,106.6,460,50.9
2026-05-12T07:00,83.6,80.6,458,40.0
2026-05-12T08:00,45.5,44.7,455,31.8
2026-05-12T09:00,30.9,30.2,451,20.3
2026-05-12T10:00,30.3,29.6,448,11.5
2026-05-12T11:00,31.3,30.6,446,7.6
2026-05-12T12:00,32.1,31.5,445,6.2
2026-05-12T13:00,30.9,30.3,444,6.1
2026-05-12T14:00,30.7,30.2,442,5.5
2026-05-12T15:00,31.0,30.5,440,6.0
2026-05-12T16:00,31.7,31.2,439,11.5
2026-05-12T17:00,50.2,49.7,441,26.6
2026-05-12T18:00,89.2,88.7,445,46.6
2026-05-12T19:00,104.8,104.5,447,60.9
2026-05-12T20:00,104.3,104.1,446,63.9
2026-05-12T21:00,100.1,99.7,443,61.3
2026-05-12T22:00,96.4,95.9,445,59.3
2026-05-12T23:00,96.4,95.0,456,60.7
2026-05-13T00:00,98.5,96.4,472,62.7
2026-05-13T01:00,99.0,96.4,482,63.2
2026-05-13T02:00,94.3,91.7,481,61.1
2026-05-13T03:00,88.5,86.1,474,57.4
2026-05-13T04:00,82.7,80.8,467,53.0
2026-05-13T05:00,77.1,75.4,463,48.3
2026-05-13T06:00,81.0,79.4,459,42.8
2026-05-13T07:00,66.4,65.7,455,40.8
2026-05-13T08:00,43.7,42.7,451,32.7
2026-05-13T09:00,36.0,34.8,447,21.5
2026-05-13T10:00,32.7,32.0,444,12.7
2026-05-13T11:00,29.8,29.3,443,8.5
2026-05-13T12:00,30.7,30.3,443,6.8
2026-05-13T13:00,32.6,32.1,443,6.5
2026-05-13T14:00,34.9,34.5,442,6.4
2026-05-13T15:00,38.9,38.4,441,7.7
2026-05-13T16:00,43.2,42.7,442,13.6
2026-05-13T17:00,54.1,53.7,447,28.7
2026-05-13T18:00,88.9,88.2,454,48.3
2026-05-13T19:00,115.7,113.2,460,87.2
2026-05-13T20:00,96.6,94.1,466,79.1
2026-05-13T21:00,67.8,65.9,471,68.0
2026-05-13T22:00,78.5,76.6,473,59.8
2026-05-13T23:00,93.6,91.3,471,57.5
2026-05-14T00:00,107.1,104.1,466,58.2
2026-05-14T01:00,115.0,112.2,461,58.6
2026-05-14T02:00,109.4,106.6,457,58.1
2026-05-14T03:00,99.4,96.6,454,57.4
2026-05-14T04:00,103.8,101.0,453,55.7
2026-05-14T05:00,104.3,101.5,456,52.7
2026-05-14T06:00,99.9,97.6,462,48.7
2026-05-14T07:00,103.6,99.7,464,44.3
2026-05-14T08:00,73.6,67.8,460,37.8
2026-05-14T09:00,58.1,51.3,454,28.7
2026-05-14T10:00,50.1,44.1,449,21.1
2026-05-14T11:00,40.3,36.9,447,16.4
2026-05-14T12:00,39.6,37.7,446,13.2
2026-05-14T13:00,43.1,41.7,446,11.6
2026-05-14T14:00,43.5,42.1,444,9.5
2026-05-14T15:00,44.5,43.2,442,9.0
2026-05-14T16:00,46.6,45.3,444,15.8
2026-05-14T17:00,58.9,57.6,455,37.2
2026-05-14T18:00,102.0,100.8,470,66.1
2026-05-14T19:00,92.7,91.3,482,72.7
2026-05-14T20:00,114.3,111.1,489,71.8
2026-05-14T21:00,122.9,120.1,492,70.2
2026-05-14T22:00,101.3,98.7,494,67.3
2026-05-14T23:00,78.7,77.5,493,61.7
2026-05-15T00:00,66.8,66.6,491,54.7
2026-05-15T01:00,68.2,68.0,488,49.4
2026-05-15T02:00,73.8,73.3,487,48.0
2026-05-15T03:00,72.6,71.7,486,48.3
2026-05-15T04:00,72.9,71.7,484,47.3
2026-05-15T05:00,76.4,74.0,480,43.6
2026-05-15T06:00,83.6,81.0,475,38.6
2026-05-15T07:00,59.6,57.4,470,34.9
2026-05-15T08:00,49.1,47.1,464,30.4
2026-05-15T09:00,40.9,39.1,458,23.9
2026-05-15T10:00,41.3,39.3,453,18.1
2026-05-15T11:00,42.6,41.1,450,13.1
2026-05-15T12:00,46.1,45.2,449,8.8
2026-05-15T13:00,48.8,47.8,447,6.5
2026-05-15T14:00,50.5,49.7,444,7.4
2026-05-15T15:00,51.9,51.1,440,10.4
2026-05-15T16:00,50.8,50.1,441,14.1
2026-05-15T17:00,61.5,60.8,450,18.8
2026-05-15T18:00,58.7,58.1,462,24.3
2026-05-15T19:00,72.4,72.2,471,53.4
2026-05-15T20:00,47.5,47.1,471,49.1
2026-05-15T21:00,49.5,49.1,467,43.3
2026-05-15T22:00,55.8,55.4,465,39.5
2026-05-15T23:00,55.6,55.3,466,40.1
2026-05-16T00:00,59.5,59.0,468,42.9
2026-05-16T01:00,59.3,58.9,471,44.3
2026-05-16T02:00,59.5,59.3,476,42.8
2026-05-16T03:00,60.8,60.5,481,40.0
2026-05-16T04:00,54.5,54.4,484,37.5
2026-05-16T05:00,54.0,53.8,481,36.4
2026-05-16T06:00,63.8,63.6,476,35.5
2026-05-16T07:00,90.3,89.4,470,37.2
2026-05-16T08:00,68.9,68.0,465,33.4
2026-05-16T09:00,50.8,49.6,460,27.9
2026-05-16T10:00,46.4,45.3,456,22.4
2026-05-16T11:00,42.1,41.0,456,16.9
2026-05-16T12:00,41.4,40.4,457,11.3
2026-05-16T13:00,44.5,43.4,457,7.9
2026-05-16T14:00,47.6,46.4,452,7.6
2026-05-16T15:00,51.0,49.9,446,9.3
2026-05-16T16:00,51.1,50.1,444,12.0
2026-05-16T17:00,51.5,50.6,450,15.9
2026-05-16T18:00,51.8,51.2,460,20.8
2026-05-16T19:00,57.0,57.0,469,32.5
2026-05-16T20:00,54.1,54.0,475,32.8
2026-05-16T21:00,49.9,49.8,480,33.1
2026-05-16T22:00,51.8,51.7,481,33.2
2026-05-16T23:00,47.1,47.0,476,32.9
2026-05-17T00:00,50.4,50.3,467,32.3
2026-05-17T01:00,56.0,55.8,462,32.0
2026-05-17T02:00,60.1,59.8,463,32.4
2026-05-17T03:00,62.6,61.9,468,33.1
2026-05-17T04:00,63.6,62.4,470,33.2
2026-05-17T05:00,66.4,65.2,468,32.8
2026-05-17T06:00,73.6,71.5,463,31.9
2026-05-17T07:00,54.4,53.4,459,37.9
2026-05-17T08:00,32.8,30.5,456,29.6
2026-05-17T09:00,27.4,24.3,454,18.0
2026-05-17T10:00,25.2,22.1,452,9.3
2026-05-17T11:00,23.4,20.7,451,5.8
2026-05-17T12:00,22.4,20.6,452,5.1
2026-05-17T13:00,21.4,20.3,451,5.6
2026-05-17T14:00,19.0,18.0,448,7.2
2026-05-17T15:00,20.0,19.1,444,10.0
2026-05-17T16:00,19.9,19.0,443,13.0
2026-05-17T17:00,28.0,27.1,446,15.9
2026-05-17T18:00,35.4,34.6,451,19.1
2026-05-17T19:00,33.9,31.9,456,22.2
2026-05-17T20:00,50.5,48.3,461,26.4
2026-05-17T21:00,58.1,55.6,467,32.3
2026-05-17T22:00,58.7,56.2,472,37.3
2026-05-17T23:00,59.3,56.7,476,40.4
2026-05-18T00:00,59.0,56.3,480,42.5
2026-05-18T01:00,66.6,63.6,484,44.3
2026-05-18T02:00,70.1,67.1,491,46.3
2026-05-18T03:00,78.0,77.5,498,47.9
2026-05-18T04:00,83.4,82.7,502,47.6
2026-05-18T05:00,88.9,88.5,499,44.3
2026-05-18T06:00,90.8,90.3,493,39.0
2026-05-18T07:00,79.2,77.1,485,38.7
2026-05-18T08:00,45.3,42.7,475,34.5
2026-05-18T09:00,33.1,30.4,463,28.7
2026-05-18T10:00,29.0,26.4,455,23.4
2026-05-18T11:00,26.3,24.4,452,19.1
2026-05-18T12:00,26.2,24.5,453,15.5
2026-05-18T13:00,26.4,25.4,453,13.7
2026-05-18T14:00,27.1,26.3,452,13.4
2026-05-18T15:00,26.7,26.0,451,15.0
2026-05-18T16:00,28.3,27.7,452,20.7
2026-05-18T17:00,32.0,31.4,458,34.1
2026-05-18T18:00,51.7,51.1,467,51.7
2026-05-18T19:00,56.1,56.0,474,60.8
2026-05-18T20:00,59.8,58.8,478,62.5
2026-05-18T21:00,61.5,60.3,480,64.9
2026-05-18T22:00,61.5,60.1,482,66.5
2026-05-18T23:00,64.0,62.4,483,66.8
2026-05-19T00:00,68.7,67.1,483,66.3
2026-05-19T01:00,74.5,72.6,484,65.3
2026-05-19T02:00,78.2,76.4,489,64.1
2026-05-19T03:00,81.3,79.6,495,62.5
2026-05-19T04:00,84.5,82.7,497,60.0
2026-05-19T05:00,92.9,91.3,490,56.7
2026-05-19T06:00,113.6,111.5,479,52.6
2026-05-19T07:00,104.3,100.6,469,53.3
2026-05-19T08:00,60.5,55.8,463,45.3
2026-05-19T09:00,41.9,38.2,458,34.2
2026-05-19T10:00,33.5,31.5,455,24.5
2026-05-19T11:00,29.5,28.8,453,17.8
2026-05-19T12:00,28.1,27.4,453,12.6
2026-05-19T13:00,26.5,25.7,453,9.2
2026-05-19T14:00,23.1,22.2,451,7.2
2026-05-19T15:00,20.3,19.2,449,7.1
2026-05-19T16:00,20.2,18.3,451,10.7
2026-05-19T17:00,31.1,27.2,461,21.1
2026-05-19T18:00,40.4,36.8,475,35.2
2026-05-19T19:00,76.6,73.1,485,54.1
2026-05-19T20:00,99.7,96.4,488,54.9
2026-05-19T21:00,96.9,94.1,487,56.0
2026-05-19T22:00,80.6,77.8,484,57.0
2026-05-19T23:00,75.0,72.2,480,58.0
2026-05-20T00:00,74.0,71.0,474,58.9
2026-05-20T01:00,76.6,73.3,468,59.5
2026-05-20T02:00,77.1,73.6,461,59.8
2026-05-20T03:00,76.6,72.6,453,59.7
2026-05-20T04:00,82.4,78.2,450,58.5
2026-05-20T05:00,88.2,83.8,454,56.4
2026-05-20T06:00,107.6,103.4,463,53.2
2026-05-20T07:00,64.7,61.9,467,47.7
2026-05-20T08:00,31.2,29.9,463,39.7
2026-05-20T09:00,20.0,19.8,455,28.6
2026-05-20T10:00,15.9,15.9,449,19.2
2026-05-20T11:00,15.8,15.8,446,13.2
2026-05-20T12:00,17.3,17.3,445,9.0
2026-05-20T13:00,18.3,18.3,444,6.7
2026-05-20T14:00,18.6,18.5,443,5.9
2026-05-20T15:00,17.0,16.8,442,7.0
2026-05-20T16:00,15.3,15.0,445,11.1
2026-05-20T17:00,18.1,17.9,455,20.5
2026-05-20T18:00,28.2,27.8,467,32.8
2026-05-20T19:00,34.1,34.1,475,37.5
2026-05-20T20:00,38.2,38.2,472,41.0
2026-05-20T21:00,44.1,43.9,464,45.7
2026-05-20T22:00,50.4,49.6,457,49.2
2026-05-20T23:00,54.7,53.8,453,50.3
2026-05-21T00:00,55.9,54.9,449,50.2
2026-05-21T01:00,53.8,52.9,447,49.6
2026-05-21T02:00,49.2,48.4,447,48.8
2026-05-21T03:00,43.7,43.0,449,47.6
2026-05-21T04:00,40.5,39.7,451,45.3
2026-05-21T05:00,40.0,38.9,452,41.8
2026-05-21T06:00,47.5,46.3,453,37.4
2026-05-21T07:00,39.2,38.4,452,30.6
2026-05-21T08:00,19.2,18.2,449,25.1
2026-05-21T09:00,15.3,14.2,444,17.6
2026-05-21T10:00,13.0,12.6,441,11.5
2026-05-21T11:00,13.4,13.1,440,8.2
2026-05-21T12:00,14.6,14.3,440,6.4
2026-05-21T13:00,15.9,15.7,441,6.1
2026-05-21T14:00,16.1,15.8,442,7.2
2026-05-21T15:00,14.9,14.5,443,9.9
2026-05-21T16:00,16.4,15.9,446,14.5
2026-05-21T17:00,17.9,17.5,451,22.8
2026-05-21T18:00,39.5,38.1,456,33.0
2026-05-21T19:00,68.2,66.8,460,54.7
2026-05-21T20:00,64.3,63.1,461,54.4
2026-05-21T21:00,72.6,71.2,461,54.0
2026-05-21T22:00,81.7,80.3,460,53.0
2026-05-21T23:00,77.8,76.1,459,50.7
2026-05-22T00:00,75.2,73.8,458,47.9
2026-05-22T01:00,76.8,75.4,457,46.3
2026-05-22T02:00,83.1,81.3,455,47.5
2026-05-22T03:00,91.3,89.4,454,49.9
2026-05-22T04:00,84.5,82.9,452,50.3
2026-05-22T05:00,69.4,67.8,451,47.1
2026-05-22T06:00,67.8,65.9,451,41.9
2026-05-22T07:00,68.5,66.6,450,37.5
2026-05-22T08:00,47.0,45.2,449,33.1
2026-05-22T09:00,32.2,31.1,448,26.9
2026-05-22T10:00,28.6,28.1,447,21.5
2026-05-22T11:00,29.5,28.9,446,17.6
2026-05-22T12:00,32.4,31.8,445,14.5
2026-05-22T13:00,36.1,35.5,445,13.2
2026-05-22T14:00,43.0,42.5,445,13.9
2026-05-22T15:00,46.8,46.3,445,16.3
2026-05-22T16:00,48.1,47.7,445,20.8
2026-05-22T17:00,53.1,52.9,446,29.3
2026-05-22T18:00,62.6,62.4,446,39.9
2026-05-22T19:00,56.0,55.9,447,43.5
2026-05-22T20:00,66.8,66.8,447,44.6
2026-05-22T21:00,62.4,62.4,447,45.8
2026-05-22T22:00,57.2,57.0,448,44.8
2026-05-22T23:00,44.8,44.8,450,39.0
2026-05-23T00:00,35.0,35.0,454,31.0
2026-05-23T01:00,33.5,33.4,458,25.5
2026-05-23T02:00,34.1,34.0,464,25.0
2026-05-23T03:00,38.3,38.2,471,27.1
2026-05-23T04:00,44.8,44.6,476,29.0
2026-05-23T05:00,49.7,48.8,477,30.4
2026-05-23T06:00,61.7,60.3,476,31.6
2026-05-23T07:00,54.5,53.6,473,31.5
2026-05-23T08:00,43.7,43.2,467,28.3
2026-05-23T09:00,32.8,32.2,459,23.8
2026-05-23T10:00,27.5,27.0,454,19.5
2026-05-23T11:00,26.6,26.1,453,15.3
2026-05-23T12:00,28.4,27.9,454,11.2
2026-05-23T13:00,30.6,30.3,455,8.8
2026-05-23T14:00,32.4,32.0,453,8.6
2026-05-23T15:00,34.8,34.6,450,10.0
2026-05-23T16:00,36.1,35.7,449,12.8
2026-05-23T17:00,44.5,44.1,453,17.8
2026-05-23T18:00,64.7,64.5,460,24.2
2026-05-23T19:00,110.1,109.7,466,71.8
2026-05-23T20:00,106.6,106.4,469,72.6
2026-05-23T21:00,118.7,118.5,470,73.7
2026-05-23T22:00,127.6,127.1,472,74.4
2026-05-23T23:00,135.0,134.6,475,74.9
2026-05-24T00:00,143.0,142.5,478,75.0
2026-05-24T01:00,150.4,149.0,480,73.7
2026-05-24T02:00,147.6,145.8,480,70.5
2026-05-24T03:00,143.9,142.0,478,65.9
2026-05-24T04:00,137.8,136.0,476,60.8
2026-05-24T05:00,123.9,122.9,474,55.6
2026-05-24T06:00,118.0,117.1,471,49.9
2026-05-24T07:00,78.7,77.1,468,56.5
2026-05-24T08:00,48.1,48.0,464,46.7
2026-05-24T09:00,35.6,35.4,459,33.0
2026-05-24T10:00,29.2,29.0,455,21.5
2026-05-24T11:00,30.3,30.2,452,14.3
2026-05-24T12:00,34.5,34.3,450,9.3
2026-05-24T13:00,36.9,36.7,448,6.6
2026-05-24T14:00,37.1,36.8,445,6.8
2026-05-24T15:00,31.2,30.9,443,9.3
2026-05-24T16:00,30.3,30.0,443,12.9
2026-05-24T17:00,39.7,39.3,446,18.1
2026-05-24T18:00,44.9,44.7,452,24.4
2026-05-24T19:00,95.0,94.5,457,40.0
2026-05-24T20:00,75.7,75.4,461,39.0
2026-05-24T21:00,74.7,74.5,466,37.6
2026-05-24T22:00,81.5,81.3,469,35.9
2026-05-24T23:00,76.6,76.6,471,33.5
2026-05-25T00:00,73.1,72.9,473,30.8
2026-05-25T01:00,72.2,72.2,475,28.9
2026-05-25T02:00,72.9,72.9,478,28.4
2026-05-25T03:00,69.8,69.8,481,28.6
2026-05-25T04:00,66.4,66.1,483,28.6
2026-05-25T05:00,72.9,72.2,482,28.6
2026-05-25T06:00,81.0,80.3,480,28.4
2026-05-25T07:00,93.1,90.3,475,25.9
2026-05-25T08:00,59.1,57.4,467,21.8
2026-05-25T09:00,45.4,44.2,457,16.1
2026-05-25T10:00,41.9,40.6,450,11.5
2026-05-25T11:00,43.2,42.4,447,8.9
2026-05-25T12:00,44.7,44.2,447,7.3
2026-05-25T13:00,47.8,47.5,447,7.1
2026-05-25T14:00,49.6,49.2,445,8.1
2026-05-25T15:00,47.5,47.3,443,10.5
2026-05-25T16:00,44.0,43.8,444,14.2
2026-05-25T17:00,47.5,47.3,451,20.8
2026-05-25T18:00,58.2,57.9,461,28.8
2026-05-25T19:00,78.0,78.0,469,38.3
2026-05-25T20:00,95.9,95.9,474,41.6
2026-05-25T21:00,102.2,102.2,476,46.2
2026-05-25T22:00,112.0,112.0,477,50.0
2026-05-25T23:00,113.6,113.4,474,52.1
2026-05-26T00:00,121.1,121.1,468,53.3
2026-05-26T01:00,134.6,134.6,465,53.9
2026-05-26T02:00,132.2,131.8,467,54.1
2026-05-26T03:00,118.5,118.3,472,53.7
2026-05-26T04:00,120.1,119.7,474,52.5
2026-05-26T05:00,129.0,127.6,473,50.7
2026-05-26T06:00,143.9,143.0,469,48.1
2026-05-26T07:00,62.9,61.2,465,45.2
2026-05-26T08:00,47.3,46.6,460,38.8
2026-05-26T09:00,38.0,37.0,455,29.9
2026-05-26T10:00,28.8,28.6,450,22.2
2026-05-26T11:00,28.2,28.1,447,16.6
2026-05-26T12:00,30.7,30.6,445,12.3
2026-05-26T13:00,34.2,34.1,444,10.0
2026-05-26T14:00,35.3,35.2,443,9.7
2026-05-26T15:00,35.0,34.9,442,11.6
2026-05-26T16:00,32.8,32.6,445,16.6
2026-05-26T17:00,36.9,36.7,455,27.8
2026-05-26T18:00,65.9,65.7,468,42.2
2026-05-26T19:00,65.0,64.5,476,55.7
2026-05-26T20:00,70.5,70.3,475,59.9
2026-05-26T21:00,78.7,78.5,469,65.7
2026-05-26T22:00,94.3,94.3,466,69.8
2026-05-26T23:00,103.6,103.4,469,70.7
2026-05-27T00:00,104.3,103.6,474,69.9
2026-05-27T01:00,110.4,109.2,477,69.0
2026-05-27T02:00,121.5,119.7,475,69.0
2026-05-27T03:00,129.5,126.2,472,68.9
2026-05-27T04:00,135.0,131.8,469,67.5
2026-05-27T05:00,144.8,142.0,469,64.5
2026-05-27T06:00,146.7,144.8,469,60.1
2026-05-27T07:00,63.8,62.4,468,46.8
2026-05-27T08:00,41.1,38.3,463,40.3
2026-05-27T09:00,40.4,35.9,457,31.1
2026-05-27T10:00,37.8,34.6,451,23.0
2026-05-27T11:00,36.7,34.8,446,16.8
2026-05-27T12:00,38.6,36.9,442,11.6
2026-05-27T13:00,40.0,38.5,439,8.3
2026-05-27T14:00,39.9,38.5,438,6.9
2026-05-27T15:00,39.2,37.8,439,7.4
2026-05-27T16:00,34.0,32.6,441,10.1
2026-05-27T17:00,37.0,35.9,443,16.5
2026-05-27T18:00,38.5,37.0,445,25.2
2026-05-27T19:00,54.5,53.4,448,40.2
2026-05-27T20:00,62.9,62.2,453,43.8
2026-05-27T21:00,70.5,70.1,459,48.8
2026-05-27T22:00,82.9,82.4,463,53.1
2026-05-27T23:00,94.8,94.3,465,56.1
2026-05-28T00:00,107.1,106.6,466,58.4
2026-05-28T01:00,116.4,115.9,466,59.3
2026-05-28T02:00,120.1,119.7,465,58.4
2026-05-28T03:00,123.4,122.5,463,56.1
2026-05-28T04:00,121.5,120.1,461,53.1
2026-05-28T05:00,115.7,115.0,459,49.8
2026-05-28T06:00,118.5,117.8,457,45.7
2026-05-28T07:00,102.0,101.0,455,47.6
2026-05-28T08:00,68.9,67.3,452,39.7
2026-05-28T09:00,44.4,41.8,448,28.8
2026-05-28T10:00,36.1,34.5,445,19.5
2026-05-28T11:00,35.7,34.1,443,13.5
2026-05-28T12:00,37.7,36.2,442,9.3
2026-05-28T13:00,39.2,37.8,442,7.0
2026-05-28T14:00,39.1,37.8,443,5.8
2026-05-28T15:00,37.7,36.4,445,6.5
2026-05-28T16:00,36.8,35.6,447,11.7
2026-05-28T17:00,56.0,54.8,450,25.0
2026-05-28T18:00,68.5,67.5,454,42.8
2026-05-28T19:00,127.6,126.2,457,79.2
2026-05-28T20:00,142.5,140.6,458,83.1
2026-05-28T21:00,144.4,141.6,459,88.2
2026-05-28T22:00,143.9,141.1,460,90.4
2026-05-28T23:00,141.6,138.8,462,87.4
2026-05-29T00:00,135.0,132.7,465,81.6
2026-05-29T01:00,133.6,131.3,468,75.8
2026-05-29T02:00,114.6,112.5,473,71.3
2026-05-29T03:00,108.0,105.9,479,66.8
2026-05-29T04:00,103.1,99.7,482,61.5
2026-05-29T05:00,99.9,95.9,481,54.5
2026-05-29T06:00,107.1,103.6,477,46.7
2026-05-29T07:00,74.7,72.4,472,41.6
2026-05-29T08:00,48.1,44.6,466,35.3
2026-05-29T09:00,39.3,34.7,459,26.4
2026-05-29T10:00,34.6,32.2,454,18.9
2026-05-29T11:00,36.8,34.7,452,13.8
2026-05-29T12:00,40.3,38.3,451,9.9
2026-05-29T13:00,42.4,40.5,451,7.9
2026-05-29T14:00,44.1,42.3,450,7.5
2026-05-29T15:00,46.2,44.4,450,8.9
2026-05-29T16:00,46.2,44.5,451,13.5
2026-05-29T17:00,54.8,53.1,454,23.5
2026-05-29T18:00,72.4,70.5,459,36.7
2026-05-29T19:00,88.5,87.1,463,61.1
2026-05-29T20:00,91.7,90.1,465,64.6
2026-05-29T21:00,100.4,97.6,465,69.4
2026-05-29T22:00,101.5,98.3,466,72.7
2026-05-29T23:00,88.5,86.4,467,73.4
2026-05-30T00:00,87.8,86.4,469,72.6
2026-05-30T01:00,92.9,91.3,470,71.0
2026-05-30T02:00,96.2,94.5,471,68.7
2026-05-30T03:00,97.8,96.4,471,65.5
2026-05-30T04:00,93.4,92.4,471,61.8
2026-05-30T05:00,92.0,91.0,472,57.7
2026-05-30T06:00,92.9,91.5,473,53.1
2026-05-30T07:00,78.5,76.6,471,44.0
2026-05-30T08:00,56.2,54.8,465,37.1
2026-05-30T09:00,40.3,37.7,456,27.5
2026-05-30T10:00,35.6,33.3,449,19.3
2026-05-30T11:00,36.2,34.5,445,13.7
2026-05-30T12:00,38.1,36.3,442,9.5
2026-05-30T13:00,39.5,37.8,441,7.2
2026-05-30T14:00,39.1,37.5,442,6.1
2026-05-30T15:00,39.5,37.8,444,6.9
2026-05-30T16:00,39.1,37.4,449,12.2
2026-05-30T17:00,49.9,48.1,456,25.2
2026-05-30T18:00,83.4,81.3,466,42.6
2026-05-30T19:00,90.8,88.9,474,50.9
2026-05-30T20:00,96.4,94.3,482,52.6
2026-05-30T21:00,90.8,89.2,488,54.9
2026-05-30T22:00,85.7,84.1,492,56.2
2026-05-30T23:00,80.3,78.9,490,55.8
2026-05-31T00:00,77.3,75.9,485,54.5
2026-05-31T01:00,78.0,76.1,481,53.2
2026-05-31T02:00,80.8,78.0,480,52.4
2026-05-31T03:00,82.7,79.2,481,51.5
2026-05-31T04:00,85.0,80.8,480,49.9
2026-05-31T05:00,89.9,85.4,476,47.6
2026-05-31T06:00,102.4,98.5,470,44.6
2026-05-31T07:00,72.4,70.1,465,38.4
2026-05-31T08:00,40.9,39.7,460,31.2
2026-05-31T09:00,27.4,26.1,456,21.1
2026-05-31T10:00,25.3,24.5,453,13.1
2026-05-31T11:00,29.4,28.5,451,8.9
2026-05-31T12:00,32.9,32.0,451,6.7
2026-05-31T13:00,35.6,34.7,450,5.7
2026-05-31T14:00,36.4,35.5,448,4.7
2026-05-31T15:00,36.2,35.3,445,4.9
2026-05-31T16:00,35.9,34.8,444,9.3
2026-05-31T17:00,58.7,57.6,445,22.1
2026-05-31T18:00,92.9,91.7,448,39.0
2026-05-31T19:00,93.6,92.9,451,48.2
2026-05-31T20:00,98.0,97.6,452,48.6
2026-05-31T21:00,93.4,92.4,453,48.9
2026-05-31T22:00,93.4,92.0,455,48.4
2026-05-31T23:00,82.2,81.0,460,46.2
2026-06-01T00:00,75.7,74.5,466,43.1
2026-06-01T01:00,73.1,72.2,471,40.3
2026-06-01T02:00,68.0,67.1,476,38.3
2026-06-01T03:00,60.3,59.4,480,36.7
2026-06-01T04:00,54.1,53.1,482,35.0
2026-06-01T05:00,56.6,55.8,483,33.6
2026-06-01T06:00,61.7,59.8,482,32.1
2026-06-01T07:00,64.0,61.2,478,28.0
2026-06-01T08:00,47.8,43.3,470,23.9
2026-06-01T09:00,39.7,34.2,459,18.3
2026-06-01T10:00,34.7,30.6,451,13.4
2026-06-01T11:00,32.5,30.9,447,10.0
2026-06-01T12:00,35.7,34.3,444,7.4
2026-06-01T13:00,38.0,36.7,443,6.3
2026-06-01T14:00,38.2,36.9,442,6.5
2026-06-01T15:00,37.6,36.4,442,8.2
2026-06-01T16:00,38.5,37.4,444,12.8
2026-06-01T17:00,45.3,44.2,449,22.5
2026-06-01T18:00,55.2,54.2,455,35.2
2026-06-01T19:00,67.1,66.4,458,52.7
2026-06-01T20:00,66.8,66.1,455,55.0
2026-06-01T21:00,69.4,68.0,449,58.1
2026-06-01T22:00,73.8,71.2,448,60.1
2026-06-01T23:00,75.0,72.4,456,60.4
2026-06-02T00:00,77.8,75.4,469,59.6
2026-06-02T01:00,81.3,78.9,478,58.0
2026-06-02T02:00,83.8,81.5,479,55.4
2026-06-02T03:00,82.9,80.6,476,52.0
2026-06-02T04:00,84.1,81.7,473,48.9
2026-06-02T05:00,86.8,84.5,473,47.1
2026-06-02T06:00,102.7,100.4,475,45.5
2026-06-02T07:00,68.9,66.8,473,41.2
2026-06-02T08:00,49.6,46.0,466,34.9
2026-06-02T09:00,37.0,32.7,457,26.0
2026-06-02T10:00,31.8,28.6,450,18.5
2026-06-02T11:00,32.6,30.9,449,13.6
2026-06-02T12:00,35.9,34.5,450,10.0
2026-06-02T13:00,39.0,37.5,450,8.2
2026-06-02T14:00,41.0,39.5,446,6.7
2026-06-02T15:00,42.3,40.9,441,6.8
2026-06-02T16:00,42.8,41.3,440,13.2
2026-06-02T17:00,68.7,67.3,446,31.3
2026-06-02T18:00,102.4,100.6,456,55.7
2026-06-02T19:00,66.8,66.1,462,51.9
2026-06-02T20:00,65.4,64.5,461,52.6
2026-06-02T21:00,65.2,63.3,456,53.7
2026-06-02T22:00,65.7,62.6,456,54.7
2026-06-02T23:00,66.4,63.1,465,56.0
2026-06-03T00:00,71.9,68.9,477,57.3
2026-06-03T01:00,79.2,76.1,485,57.5
2026-06-03T02:00,84.5,81.7,483,55.8
2026-06-03T03:00,92.2,89.4,476,53.1
2026-06-03T04:00,92.0,90.1,470,50.5
2026-06-03T05:00,90.1,88.5,468,49.3
2026-06-03T06:00,91.3,89.4,468,48.1
2026-06-03T07:00,105.0,100.8,466,42.3
2026-06-03T08:00,75.2,68.5,460,35.9
2026-06-03T09:00,61.5,52.7,453,26.9
2026-06-03T10:00,60.5,50.5,447,19.1
2026-06-03T11:00,49.5,44.8,445,13.6
2026-06-03T12:00,47.7,44.7,444,9.4
2026-06-03T13:00,49.1,46.2,444,7.1
2026-06-03T14:00,46.4,43.8,443,6.3
2026-06-03T15:00,47.3,44.6,443,7.5
2026-06-03T16:00,52.9,49.7,443,12.8
2026-06-03T17:00,67.8,64.5,446,25.8
2026-06-03T18:00,90.8,87.8,450,43.0
2026-06-03T19:00,82.2,77.1,452,51.9
2026-06-03T20:00,77.8,73.1,450,52.4
2026-06-03T21:00,72.9,68.5,447,52.9
2026-06-03T22:00,70.1,66.1,448,52.8
2026-06-03T23:00,67.8,63.8,457,51.4
2026-06-04T00:00,64.7,61.0,470,49.2
2026-06-04T01:00,61.2,57.7,480,47.3
2026-06-04T02:00,58.6,55.2,485,46.1
2026-06-04T03:00,58.1,55.1,486,45.2
2026-06-04T04:00,58.3,55.6,485,44.0
2026-06-04T05:00,60.8,58.2,480,42.9
2026-06-04T06:00,71.7,69.2,472,41.5
2026-06-04T07:00,67.1,64.5,464,36.7
2026-06-04T08:00,44.1,40.9,458,30.6
2026-06-04T09:00,28.3,26.8,453,22.1
2026-06-04T10:00,24.7,24.1,449,15.1
2026-06-04T11:00,24.3,23.7,445,10.7
2026-06-04T12:00,24.3,23.8,442,7.7
2026-06-04T13:00,25.3,24.9,440,6.5
2026-06-04T14:00,25.3,24.9,440,6.5
2026-06-04T15:00,24.7,24.4,440,8.3
2026-06-04T16:00,27.2,27.0,442,13.9
2026-06-04T17:00,36.4,36.2,445,26.6
2026-06-04T18:00,55.9,55.6,450,43.1
2026-06-04T19:00,33.5,33.1,452,41.8
2026-06-04T20:00,32.5,31.8,450,42.3
2026-06-04T21:00,35.0,34.2,446,43.1
2026-06-04T22:00,40.3,39.2,446,43.7
2026-06-04T23:00,43.3,42.0,455,44.1
2026-06-05T00:00,47.1,45.5,468,44.3
2026-06-05T01:00,53.0,51.1,478,44.6
2026-06-05T02:00,58.7,56.7,481,45.2
2026-06-05T03:00,63.8,61.7,481,45.9
2026-06-05T04:00,65.2,62.9,477,45.5
2026-06-05T05:00,58.6,56.3,468,44.1
2026-06-05T06:00,60.5,58.4,456,41.7
2026-06-05T07:00,59.3,57.6,447,37.8
2026-06-05T08:00,36.8,34.2,444,30.9
2026-06-05T09:00,25.9,24.3,443,21.3
2026-06-05T10:00,21.5,21.0,443,13.6
2026-06-05T11:00,20.2,19.7,442,9.3
2026-06-05T12:00,19.7,19.3,441,6.9
2026-06-05T13:00,18.6,18.3,441,5.9
2026-06-05T14:00,16.9,16.5,441,6.2
2026-06-05T15:00,15.5,15.2,441,7.9
2026-06-05T16:00,14.8,14.4,441,11.3
2026-06-05T17:00,16.4,16.1,443,17.9
2026-06-05T18:00,21.9,21.2,445,26.2
2026-06-05T19:00,23.0,21.7,446,29.6
2026-06-05T20:00,23.6,22.2,446,28.8
2026-06-05T21:00,23.6,22.2,445,27.6
2026-06-05T22:00,22.5,21.4,444,26.3
2026-06-05T23:00,21.2,20.1,443,24.6
2026-06-06T00:00,21.3,20.0,443,22.9
2026-06-06T01:00,22.7,21.1,443,22.0
2026-06-06T02:00,26.1,24.4,445,22.6
2026-06-06T03:00,30.3,28.2,448,24.0
2026-06-06T04:00,35.5,33.2,450,25.6
2026-06-06T05:00,41.3,39.0,451,28.2
2026-06-06T06:00,52.0,49.8,451,31.0
2026-06-06T07:00,26.6,25.2,451,26.0
2026-06-06T08:00,18.8,17.2,449,21.0
2026-06-06T09:00,15.9,14.6,447,14.0
2026-06-06T10:00,12.7,11.9,445,8.5
2026-06-06T11:00,12.4,12.0,443,5.8
2026-06-06T12:00,12.3,11.8,442,4.7
2026-06-06T13:00,11.8,11.3,441,4.5
2026-06-06T14:00,11.2,10.8,440,4.7
2026-06-06T15:00,11.2,10.8,440,6.0
2026-06-06T16:00,12.6,12.1,441,9.3
2026-06-06T17:00,18.5,18.0,443,16.6
2026-06-06T18:00,27.5,26.4,445,26.0
2026-06-06T19:00,35.7,34.1,447,34.1
2026-06-06T20:00,37.7,36.0,446,34.1
2026-06-06T21:00,38.3,36.4,444,34.0
2026-06-06T22:00,36.3,34.5,444,33.5
2026-06-06T23:00,32.9,31.1,447,32.0
2026-06-07T00:00,32.5,30.5,451,30.0
2026-06-07T01:00,35.2,33.2,456,29.1
2026-06-07T02:00,39.6,37.6,460,30.2
2026-06-07T03:00,45.9,43.7,465,32.3
2026-06-07T04:00,53.0,50.5,468,33.8
2026-06-07T05:00,60.3,57.7,470,34.7
2026-06-07T06:00,72.6,70.1,472,34.9
2026-06-07T07:00,67.3,64.5,470,31.6
2026-06-07T08:00,49.1,44.2,462,25.2
2026-06-07T09:00,41.4,35.2,451,16.3
2026-06-07T10:00,40.4,33.8,443,9.4
2026-06-07T11:00,37.1,32.5,441,6.2
2026-06-07T12:00,36.0,32.9,441,5.0
2026-06-07T13:00,35.6,33.4,442,4.8
2026-06-07T14:00,35.3,33.2,441,4.5
2026-06-07T15:00,33.8,31.9,440,5.3
2026-06-07T16:00,32.5,30.7,441,9.0
2026-06-07T17:00,42.0,40.5,445,18.5
2026-06-07T18:00,63.1,61.7,452,31.0
2026-06-07T19:00,49.9,49.0,458,34.9
2026-06-07T20:00,54.4,52.9,464,36.6
2026-06-07T21:00,58.2,56.1,470,38.9
2026-06-07T22:00,62.6,60.3,474,40.8
2026-06-07T23:00,65.2,62.6,476,41.6
2026-06-08T00:00,68.9,65.9,476,42.0
2026-06-08T01:00,75.7,72.6,477,42.7
2026-06-08T02:00,85.9,82.7,482,44.5
2026-06-08T03:00,97.1,94.1,488,46.6
2026-06-08T04:00,101.0,98.3,492,47.1
2026-06-08T05:00,102.7,99.7,494,45.5
2026-06-08T06:00,113.4,110.6,494,42.5
2026-06-08T07:00,102.4,99.4,490,35.9
2026-06-08T08:00,67.1,61.9,479,29.5
2026-06-08T09:00,48.5,42.3,465,20.5
2026-06-08T10:00,45.2,37.7,453,13.3
2026-06-08T11:00,41.3,34.8,447,9.3
2026-06-08T12:00,35.6,32.2,445,7.0
2026-06-08T13:00,36.8,34.1,443,5.9
2026-06-08T14:00,37.8,35.6,441,5.3
2026-06-08T15:00,38.9,36.7,440,6.0
2026-06-08T16:00,39.3,37.0,443,9.1
2026-06-08T17:00,49.2,46.4,453,15.8
2026-06-08T18:00,64.7,61.7,468,24.9
2026-06-08T19:00,90.8,87.1,478,54.7
2026-06-08T20:00,102.2,97.8,481,60.6
2026-06-08T21:00,110.8,106.6,479,68.7
2026-06-08T22:00,119.7,115.5,479,74.1
2026-06-08T23:00,114.3,110.6,481,74.4
2026-06-09T00:00,110.1,106.4,484,71.9
2026-06-09T01:00,107.1,103.6,486,68.8
2026-06-09T02:00,102.7,99.2,488,65.5
2026-06-09T03:00,101.5,98.5,490,61.6
2026-06-09T04:00,103.1,100.1,490,57.8
2026-06-09T05:00,106.4,103.4,487,55.0
2026-06-09T06:00,120.6,117.8,481,52.2
2026-06-09T07:00,107.6,105.0,475,46.5
2026-06-09T08:00,72.6,68.0,468,38.3
2026-06-09T09:00,47.0,41.7,460,26.8
2026-06-09T10:00,37.3,34.6,454,17.4
2026-06-09T11:00,38.4,36.8,450,12.0
2026-06-09T12:00,42.7,41.1,447,8.6
2026-06-09T13:00,46.6,44.9,445,6.9
2026-06-09T14:00,48.9,47.3,444,5.9
2026-06-09T15:00,48.8,47.0,443,6.5
2026-06-09T16:00,47.4,45.5,445,10.8
2026-06-09T17:00,55.8,53.9,451,20.9
2026-06-09T18:00,71.2,69.4,458,34.6
2026-06-09T19:00,55.8,53.3,465,40.6
2026-06-09T20:00,56.8,54.7,468,43.5
2026-06-09T21:00,59.6,57.4,470,47.5
2026-06-09T22:00,62.6,60.3,473,51.1
2026-06-09T23:00,66.1,63.8,479,53.9
2026-06-10T00:00,71.9,69.4,486,56.3
2026-06-10T01:00,79.4,76.4,492,57.8
2026-06-10T02:00,79.2,75.9,496,58.0
2026-06-10T03:00,77.3,73.8,499,57.3
2026-06-10T04:00,79.4,75.9,499,55.9
2026-06-10T05:00,83.1,79.6,495,54.4
2026-06-10T06:00,92.2,88.7,488,52.2
2026-06-10T07:00,95.9,91.5,481,43.1
2026-06-10T08:00,61.7,55.6,473,35.1
2026-06-10T09:00,46.7,40.3,465,24.1
2026-06-10T10:00,38.6,33.2,458,15.2
2026-06-10T11:00,34.8,31.0,453,10.6
2026-06-10T12:00,32.1,29.5,450,8.3
2026-06-10T13:00,30.5,28.4,448,7.3
2026-06-10T14:00,31.2,29.1,446,6.1
2026-06-10T15:00,32.4,30.4,444,6.1
2026-06-10T16:00,34.8,32.8,445,11.2
2026-06-10T17:00,55.4,53.4,449,26.2
2026-06-10T18:00,87.5,85.2,456,46.2
2026-06-10T19:00,78.0,73.3,460,54.6
2026-06-10T20:00,72.9,68.7,459,55.3
2026-06-10T21:00,68.0,64.3,456,56.2
2026-06-10T22:00,63.8,60.5,456,56.5
2026-06-10T23:00,61.2,58.1,462,55.6
2026-06-11T00:00,59.5,56.8,470,54.1
2026-06-11T01:00,61.2,58.6,477,52.9
2026-06-11T02:00,65.4,62.6,482,52.8
2026-06-11T03:00,71.2,68.5,486,52.9
2026-06-11T04:00,77.8,75.0,488,52.2
2026-06-11T05:00,86.6,83.8,487,50.5
2026-06-11T06:00,102.9,100.1,484,47.9
2026-06-11T07:00,86.4,83.4,478,42.3
2026-06-11T08:00,51.9,47.1,469,34.1
2026-06-11T09:00,42.0,36.3,458,22.8
2026-06-11T10:00,34.6,31.5,449,13.8
2026-06-11T11:00,33.4,31.8,445,9.3
2026-06-11T12:00,33.6,32.2,444,7.2
2026-06-11T13:00,33.5,32.4,444,6.4
2026-06-11T14:00,32.7,31.8,443,5.6
2026-06-11T15:00,30.3,29.5,443,6.1
2026-06-11T16:00,27.6,27.0,444,10.5
2026-06-11T17:00,37.4,36.8,448,22.2
2026-06-11T18:00,54.9,53.8,454,37.8
2026-06-11T19:00,63.8,61.9,459,51.3
2026-06-11T20:00,70.3,68.0,459,52.5
2026-06-11T21:00,70.5,68.5,458,54.1
2026-06-11T22:00,73.8,71.7,460,55.4
2026-06-11T23:00,75.2,73.1,469,56.2
2026-06-12T00:00,79.4,77.1,480,56.5
2026-06-12T01:00,83.1,80.8,487,56.1
2026-06-12T02:00,81.3,78.7,486,54.4
2026-06-12T03:00,67.1,64.5,480,51.8
2026-06-12T04:00,73.1,70.3,474,49.5
2026-06-12T05:00,86.4,83.8,468,48.6
2026-06-12T06:00,94.3,91.7,462,48.0
2026-06-12T07:00,80.3,78.0,456,50.4
2026-06-12T08:00,51.2,47.3,452,41.3
2026-06-12T09:00,38.8,33.9,449,28.7
2026-06-12T10:00,33.1,28.9,447,18.7
2026-06-12T11:00,26.1,24.3,446,13.6
2026-06-12T12:00,22.3,21.2,446,11.0
2026-06-12T13:00,23.0,22.1,446,10.5
2026-06-12T14:00,24.0,23.2,447,11.5
2026-06-12T15:00,22.5,21.5,449,14.5
2026-06-12T16:00,21.8,20.6,451,20.1
2026-06-12T17:00,31.7,29.2,453,30.4
2026-06-12T18:00,52.2,49.7,456,43.3
2026-06-12T19:00,57.4,55.1,459,46.1
2026-06-12T20:00,74.5,72.2,461,47.3
2026-06-12T21:00,83.8,81.7,463,48.9
2026-06-12T22:00,90.8,88.7,466,50.2
2026-06-12T23:00,100.1,97.8,470,50.9
2026-06-13T00:00,105.2,102.9,474,51.2
2026-06-13T01:00,119.2,116.6,477,51.2
2026-06-13T02:00,131.8,129.0,476,50.7
2026-06-13T03:00,137.8,135.0,473,49.9
2026-06-13T04:00,149.9,147.1,471,49.3
2026-06-13T05:00,165.8,163.0,470,50.1
2026-06-13T06:00,190.0,187.2,470,51.0
2026-06-13T07:00,82.0,79.6,468,46.4
2026-06-13T08:00,45.5,43.2,464,38.1
2026-06-13T09:00,27.0,25.8,458,26.6
2026-06-13T10:00,22.5,22.1,453,17.1
2026-06-13T11:00,24.0,23.7,449,11.4
2026-06-13T12:00,26.0,25.7,447,7.7
2026-06-13T13:00,27.5,27.2,445,6.3
2026-06-13T14:00,24.2,24.0,445,6.8
2026-06-13T15:00,21.4,21.3,445,9.6
2026-06-13T16:00,22.4,22.2,447,15.5
2026-06-13T17:00,27.1,26.8,451,28.3
2026-06-13T18:00,55.8,55.1,457,44.2
2026-06-13T19:00,89.2,88.7,460,61.3
2026-06-13T20:00,111.3,109.4,459,65.2
2026-06-13T21:00,120.6,118.0,455,70.4
2026-06-13T22:00,119.7,117.1,454,73.7
2026-06-13T23:00,119.7,116.9,458,73.4
2026-06-14T00:00,125.7,122.9,464,71.1
2026-06-14T01:00,137.4,134.6,471,68.7
2026-06-14T02:00,149.0,146.2,478,67.1
2026-06-14T03:00,148.5,145.8,486,65.4
2026-06-14T04:00,131.8,129.0,489,62.9
2026-06-14T05:00,132.2,129.9,484,60.1
2026-06-14T06:00,148.1,145.8,474,56.5
2026-06-14T07:00,124.8,121.1,466,46.7
2026-06-14T08:00,64.5,61.5,461,37.3
2026-06-14T09:00,47.4,44.2,457,24.2
2026-06-14T10:00,37.6,36.0,453,13.8
2026-06-14T11:00,32.1,31.0,449,8.7
2026-06-14T12:00,29.4,28.4,446,6.3
2026-06-14T13:00,26.8,25.9,443,5.1
2026-06-14T14:00,22.9,22.0,442,4.4
2026-06-14T15:00,19.2,18.5,441,4.9
2026-06-14T16:00,16.9,16.2,442,7.9
2026-06-14T17:00,19.6,18.8,444,15.2
2026-06-14T18:00,34.0,32.5,447,24.8
2026-06-14T19:00,33.6,32.6,450,28.2
2026-06-14T20:00,36.0,34.7,451,29.8
2026-06-14T21:00,37.7,36.4,451,31.9
2026-06-14T22:00,41.2,39.7,452,33.9
2026-06-14T23:00,44.0,42.4,456,35.2
2026-06-15T00:00,49.5,47.6,462,36.3
2026-06-15T01:00,56.5,54.4,468,37.5
2026-06-15T02:00,63.6,61.2,476,39.5
2026-06-15T03:00,70.8,68.2,484,41.7
2026-06-15T04:00,74.7,72.2,488,42.3
2026-06-15T05:00,74.5,71.9,486,40.6
2026-06-15T06:00,77.3,74.7,481,37.4
2026-06-15T07:00,92.9,89.2,474,32.1
2026-06-15T08:00,63.8,58.4,466,26.4
2026-06-15T09:00,46.0,41.0,457,18.5
2026-06-15T10:00,36.4,34.1,450,12.1
2026-06-15T11:00,33.6,32.2,447,8.6
2026-06-15T12:00,33.6,32.4,446,6.7
2026-06-15T13:00,34.3,33.2,446,5.9
2026-06-15T14:00,35.7,34.6,445,4.4
2026-06-15T15:00,33.9,32.7,445,4.0
2026-06-15T16:00,33.5,32.4,446,9.9
2026-06-15T17:00,53.1,51.9,450,28.0
2026-06-15T18:00,93.1,92.0,456,52.4
2026-06-15T19:00,63.6,62.4,459,47.5
2026-06-15T20:00,68.7,66.8,456,48.5
2026-06-15T21:00,69.2,66.8,451,49.9
2026-06-15T22:00,73.6,70.8,451,51.4
2026-06-15T23:00,75.9,72.9,462,53.2
2026-06-16T00:00,82.2,78.7,477,55.0
2026-06-16T01:00,91.7,88.2,487,55.5
2026-06-16T02:00,97.3,93.8,485,53.8
2026-06-16T03:00,98.7,95.5,477,50.8
2026-06-16T04:00,99.7,97.1,470,47.9
2026-06-16T05:00,99.7,97.6,469,46.2
2026-06-16T06:00,110.6,108.7,469,44.6
2026-06-16T07:00,101.5,98.5,468,40.9
2026-06-16T08:00,66.6,61.5,463,34.9
2026-06-16T09:00,51.7,45.1,456,26.5
2026-06-16T10:00,49.6,41.8,451,19.1
2026-06-16T11:00,44.8,38.4,449,13.8
2026-06-16T12:00,37.4,34.8,448,9.5
2026-06-16T13:00,38.4,36.2,447,7.0
2026-06-16T14:00,39.1,37.0,446,6.5
2026-06-16T15:00,39.1,37.1,445,7.7
2026-06-16T16:00,38.1,36.1,447,10.6
2026-06-16T17:00,40.5,38.8,455,15.8
2026-06-16T18:00,42.7,41.1,465,22.8
2026-06-16T19:00,44.5,41.6,471,37.0
2026-06-16T20:00,43.3,41.1,469,40.6
2026-06-16T21:00,46.0,44.1,462,45.7
2026-06-16T22:00,53.2,51.2,459,50.0
2026-06-16T23:00,58.6,56.6,463,52.7
2026-06-17T00:00,61.9,59.6,471,54.6
2026-06-17T01:00,62.6,60.3,477,55.6
2026-06-17T02:00,64.5,62.2,479,55.8
2026-06-17T03:00,70.1,67.8,480,55.2
2026-06-17T04:00,80.8,78.0,480,53.8
2026-06-17T05:00,94.5,91.7,482,52.3
2026-06-17T06:00,114.1,111.3,485,50.0
2026-06-17T07:00,80.1,78.2,483,45.4
2026-06-17T08:00,51.5,48.5,474,37.1
2026-06-17T09:00,31.2,29.2,462,25.6
2026-06-17T10:00,26.3,25.7,452,16.3
2026-06-17T11:00,27.4,26.7,447,11.2
2026-06-17T12:00,28.6,27.9,445,8.2
2026-06-17T13:00,28.9,28.1,444,6.6
2026-06-17T14:00,28.0,27.3,442,5.4
2026-06-17T15:00,26.0,25.3,442,5.7
2026-06-17T16:00,25.1,24.4,443,9.6
2026-06-17T17:00,31.9,31.1,448,20.2
2026-06-17T18:00,52.0,50.5,456,34.4
2026-06-17T19:00,46.2,44.2,462,41.4
2026-06-17T20:00,48.7,46.8,465,43.7
2026-06-17T21:00,49.9,48.1,466,46.9
2026-06-17T22:00,49.4,47.5,466,49.0
2026-06-17T23:00,47.5,45.6,462,48.8
2026-06-18T00:00,48.4,46.4,457,47.5
2026-06-18T01:00,53.1,51.0,456,46.9
2026-06-18T02:00,61.5,59.1,465,48.1
2026-06-18T03:00,69.6,67.1,479,50.0
2026-06-18T04:00,75.7,72.9,488,50.7
2026-06-18T05:00,82.9,80.3,488,49.7
2026-06-18T06:00,97.6,95.2,484,47.5
2026-06-18T07:00,67.8,65.0,478,41.2
2026-06-18T08:00,46.6,42.4,470,34.2
2026-06-18T09:00,39.1,34.6,461,24.3
2026-06-18T10:00,34.7,32.7,454,16.2
2026-06-18T11:00,37.7,36.1,452,11.3
2026-06-18T12:00,39.9,38.4,452,8.2
2026-06-18T13:00,40.7,39.3,452,6.5
2026-06-18T14:00,41.6,40.3,450,5.7
2026-06-18T15:00,41.3,40.2,447,6.4
2026-06-18T16:00,41.3,40.2,447,10.3
2026-06-18T17:00,49.5,48.3,452,19.9
2026-06-18T18:00,70.8,69.8,459,32.7
2026-06-18T19:00,52.5,51.8,463,40.8
2026-06-18T20:00,58.6,56.8,461,44.1
2026-06-18T21:00,61.0,58.8,457,48.6
2026-06-18T22:00,65.2,62.9,457,52.5
2026-06-18T23:00,68.0,65.4,464,55.2
2026-06-19T00:00,71.0,68.5,475,57.3
2026-06-19T01:00,77.1,74.3,483,58.3
2026-06-19T02:00,79.4,76.8,484,58.0
2026-06-19T03:00,80.6,78.2,481,56.7
2026-06-19T04:00,82.2,79.9,478,54.4
2026-06-19T05:00,83.8,81.5,474,51.3
2026-06-19T06:00,89.2,86.8,470,47.2
2026-06-19T07:00,106.4,103.8,465,39.5
2026-06-19T08:00,63.3,60.1,459,33.0
2026-06-19T09:00,41.6,39.0,453,24.0
2026-06-19T10:00,36.0,34.9,448,16.4
2026-06-19T11:00,36.2,35.4,447,11.7
2026-06-19T12:00,37.5,36.7,447,8.5
2026-06-19T13:00,39.0,38.3,447,6.8
2026-06-19T14:00,40.3,39.5,446,6.4
2026-06-19T15:00,39.7,38.9,444,7.4
2026-06-19T16:00,36.6,35.6,445,10.4
2026-06-19T17:00,35.6,34.7,450,16.6
2026-06-19T18:00,35.7,34.8,456,24.7
2026-06-19T19:00,31.7,29.9,460,31.1
2026-06-19T20:00,31.3,29.5,457,32.2
2026-06-19T21:00,30.7,29.2,452,33.9
2026-06-19T22:00,31.9,30.4,450,35.6
2026-06-19T23:00,34.9,33.2,454,37.2
2026-06-20T00:00,39.5,37.6,461,38.8
2026-06-20T01:00,45.4,43.3,468,40.7
2026-06-20T02:00,52.9,50.6,473,43.2
2026-06-20T03:00,62.2,59.8,477,45.9
2026-06-20T04:00,72.2,69.8,480,47.6
2026-06-20T05:00,86.1,83.6,482,48.8
2026-06-20T06:00,118.3,115.5,483,49.0
2026-06-20T07:00,86.4,83.4,480,42.0
2026-06-20T08:00,46.3,42.0,470,34.6
2026-06-20T09:00,38.6,33.2,456,24.3
2026-06-20T10:00,35.0,29.6,446,15.8
2026-06-20T11:00,30.5,26.5,443,10.8
2026-06-20T12:00,26.5,24.2,444,7.7
2026-06-20T13:00,24.7,23.2,445,6.1
2026-06-20T14:00,24.2,22.8,444,5.8
2026-06-20T15:00,23.5,22.2,444,7.1
2026-06-20T16:00,23.9,22.6,444,10.0
2026-06-20T17:00,26.0,24.9,445,15.4
2026-06-20T18:00,31.8,30.7,448,22.4
2026-06-20T19:00,58.3,55.1,450,43.3
2026-06-20T20:00,58.6,55.5,452,45.8
2026-06-20T21:00,64.7,61.5,454,49.1
2026-06-20T22:00,74.0,70.8,456,51.0
2026-06-20T23:00,77.8,74.5,459,49.8
2026-06-21T00:00,67.1,64.0,462,47.3
2026-06-21T01:00,59.0,56.2,466,46.1
2026-06-21T02:00,66.6,63.8,471,48.4
2026-06-21T03:00,75.7,72.6,475,52.1
2026-06-21T04:00,75.4,72.4,478,53.7
2026-06-21T05:00,73.6,71.0,477,51.7
2026-06-21T06:00,83.4,80.8,474,47.6
2026-06-21T07:00,55.1,51.6,470,34.0
2026-06-21T08:00,38.1,34.0,464,27.5
2026-06-21T09:00,33.3,28.9,456,18.4
2026-06-21T10:00,25.4,22.5,450,11.2
2026-06-21T11:00,18.3,17.6,448,7.4
2026-06-21T12:00,17.1,16.5,447,5.5
2026-06-21T13:00,16.0,15.4,447,4.6
2026-06-21T14:00,15.0,14.4,446,4.3
2026-06-21T15:00,14.0,13.4,444,5.0
2026-06-21T16:00,13.6,13.0,444,7.6
2026-06-21T17:00,16.2,15.6,446,13.6
2026-06-21T18:00,29.0,27.5,449,21.5
2026-06-21T19:00,31.8,30.2,451,26.5
2026-06-21T20:00,33.6,32.1,453,27.9
2026-06-21T21:00,36.8,35.2,454,29.8
2026-06-21T22:00,38.4,36.7,455,31.3
2026-06-21T23:00,35.5,33.9,454,31.9
2026-06-22T00:00,35.9,34.3,452,32.0
2026-06-22T01:00,38.9,37.4,451,32.4
2026-06-22T02:00,44.2,42.6,450,33.8
2026-06-22T03:00,47.4,45.6,450,35.4
2026-06-22T04:00,49.6,47.7,449,35.9
2026-06-22T05:00,51.3,49.8,448,34.7
2026-06-22T06:00,59.8,58.3,447,32.4
2026-06-22T07:00,61.7,59.4,446,30.1
2026-06-22T08:00,37.8,34.6,445,24.5
2026-06-22T09:00,28.4,24.6,444,16.8
2026-06-22T10:00,24.6,20.5,443,10.6
2026-06-22T11:00,21.3,17.6,443,7.4
2026-06-22T12:00,18.4,15.8,443,5.8
2026-06-22T13:00,16.1,14.6,443,5.3
2026-06-22T14:00,15.0,13.7,443,5.4
2026-06-22T15:00,15.1,13.3,442,6.6
2026-06-22T16:00,16.1,13.7,443,10.2
2026-06-22T17:00,19.3,17.2,445,17.8
2026-06-22T18:00,28.3,26.2,448,27.7
2026-06-22T19:00,36.1,33.6,451,35.2
2026-06-22T20:00,35.3,32.9,455,34.6
2026-06-22T21:00,32.6,30.2,459,33.8
2026-06-22T22:00,32.8,30.3,462,33.6
2026-06-22T23:00,34.5,32.0,461,34.6
2026-06-23T00:00,38.4,36.1,457,36.1
2026-06-23T01:00,44.0,41.4,457,37.8
2026-06-23T02:00,50.4,47.7,463,39.6
2026-06-23T03:00,56.0,53.3,472,41.5
2026-06-23T04:00,62.2,59.3,478,42.5
2026-06-23T05:00,75.0,71.7,480,42.9
2026-06-23T06:00,90.1,87.1,479,42.3
2026-06-23T07:00,65.2,61.9,475,35.8
2026-06-23T08:00,42.7,38.4,466,29.8
2026-06-23T09:00,36.6,31.4,453,21.5
2026-06-23T10:00,32.9,27.5,444,14.6
2026-06-23T11:00,28.5,24.3,442,10.5
2026-06-23T12:00,24.2,22.2,444,7.8
2026-06-23T13:00,23.6,22.3,446,6.7
2026-06-23T14:00,22.9,21.7,446,6.4
2026-06-23T15:00,21.5,20.4,445,7.8
2026-06-23T16:00,22.2,21.2,445,13.0
2026-06-23T17:00,30.2,29.3,446,25.4
2026-06-23T18:00,50.6,50.1,448,41.7
2026-06-23T19:00,42.8,40.2,451,40.9
2026-06-23T20:00,44.8,42.3,454,43.7
2026-06-23T21:00,48.9,46.3,457,47.6
2026-06-23T22:00,55.1,52.4,461,50.3
2026-06-23T23:00,59.8,57.0,465,51.1
2026-06-24T00:00,62.2,59.3,470,50.8
2026-06-24T01:00,64.5,61.5,475,49.5
2026-06-24T02:00,62.6,59.6,482,46.9
2026-06-24T03:00,56.5,53.6,489,43.4
2026-06-24T04:00,51.7,49.1,492,40.5
2026-06-24T05:00,53.2,50.6,489,39.5
2026-06-24T06:00,61.0,58.6,483,39.1
2026-06-24T07:00,68.0,65.0,475,37.0
2026-06-24T08:00,43.9,39.7,466,29.5
2026-06-24T09:00,32.5,28.4,456,19.2
2026-06-24T10:00,23.4,21.0,448,11.1
2026-06-24T11:00,18.3,17.2,445,7.2
2026-06-24T12:00,16.9,15.9,444,5.6
2026-06-24T13:00,15.5,14.5,444,5.2
2026-06-24T14:00,14.5,13.5,444,5.3
2026-06-24T15:00,13.7,12.7,444,6.7
2026-06-24T16:00,15.4,13.6,445,10.4
2026-06-24T17:00,19.6,17.6,447,18.3
2026-06-24T18:00,29.3,27.3,450,28.5
2026-06-24T19:00,35.7,33.9,452,36.8
2026-06-24T20:00,39.3,37.6,452,41.1
2026-06-24T21:00,43.9,42.1,451,43.5
2026-06-24T22:00,49.7,47.8,450,45.8
2026-06-24T23:00,55.9,53.9,448,48.9
2026-06-25T00:00,65.2,63.1,446,51.9
2026-06-25T01:00,77.3,75.0,448,54.1
2026-06-25T02:00,88.2,85.9,459,55.3
2026-06-25T03:00,86.6,84.3,475,55.7
2026-06-25T04:00,79.4,76.8,485,54.7
2026-06-25T05:00,73.8,71.2,485,52.2
2026-06-25T06:00,82.2,79.6,480,48.4
2026-06-25T07:00,85.2,82.4,474,42.9
2026-06-25T08:00,48.2,45.3,468,34.6
2026-06-25T09:00,34.9,33.6,460,24.6
2026-06-25T10:00,32.4,31.5,454,16.5
2026-06-25T11:00,32.5,31.8,450,11.6
2026-06-25T12:00,33.6,32.9,447,8.5
2026-06-25T13:00,33.9,33.2,445,6.9
2026-06-25T14:00,32.5,31.7,444,5.7
2026-06-25T15:00,29.3,28.6,444,5.8
2026-06-25T16:00,25.6,24.7,445,10.2
2026-06-25T17:00,28.8,27.9,449,22.1
2026-06-25T18:00,47.4,45.3,455,38.1
2026-06-25T19:00,75.2,75.2,459,60.5
2026-06-25T20:00,80.3,78.9,457,60.5
2026-06-25T21:00,81.3,78.7,453,60.4
2026-06-25T22:00,85.0,81.7,453,60.5
2026-06-25T23:00,88.5,85.0,461,61.0
2026-06-26T00:00,92.4,88.9,473,61.7
2026-06-26T01:00,95.5,92.0,481,61.7
2026-06-26T02:00,97.3,94.3,480,60.6
2026-06-26T03:00,97.6,95.0,474,58.8
2026-06-26T04:00,96.4,94.3,470,56.5
2026-06-26T05:00,100.4,98.3,469,54.4
2026-06-26T06:00,114.8,112.5,470,51.9
2026-06-26T07:00,91.7,89.6,469,45.7
2026-06-26T08:00,58.7,54.7,465,37.7
2026-06-26T09:00,43.1,39.0,458,26.6
2026-06-26T10:00,34.1,32.4,453,17.4
2026-06-26T11:00,28.3,27.4,449,11.7
2026-06-26T12:00,26.3,25.4,445,7.9
2026-06-26T13:00,24.2,23.3,443,5.8
2026-06-26T14:00,21.6,20.7,443,5.2
2026-06-26T15:00,18.6,17.6,443,6.3
2026-06-26T16:00,18.1,16.2,445,9.4
2026-06-26T17:00,20.1,18.0,448,15.7
2026-06-26T18:00,27.9,25.8,452,24.0
2026-06-26T19:00,32.4,29.2,454,31.1
2026-06-26T20:00,33.4,30.4,454,32.0
2026-06-26T21:00,34.7,31.7,452,33.3
2026-06-26T22:00,34.5,31.3,451,33.8
2026-06-26T23:00,32.5,29.5,451,32.9
2026-06-27T00:00,30.4,27.9,450,31.3
2026-06-27T01:00,30.2,28.1,451,30.3
2026-06-27T02:00,31.9,29.9,452,30.5
2026-06-27T03:00,35.4,33.3,454,31.3
2026-06-27T04:00,41.2,38.9,458,32.2
2026-06-27T05:00,52.7,50.3,466,33.9
2026-06-27T06:00,72.4,69.8,476,35.6
2026-06-27T07:00,84.8,81.5,480,35.5
2026-06-27T08:00,56.5,50.6,473,28.8
2026-06-27T09:00,46.4,39.5,459,19.4
2026-06-27T10:00,43.3,36.2,449,12.0
2026-06-27T11:00,38.2,32.8,446,8.2
2026-06-27T12:00,32.0,29.2,445,6.3
2026-06-27T13:00,30.5,28.4,445,5.6
2026-06-27T14:00,30.2,28.1,444,5.3
2026-06-27T15:00,28.6,26.7,444,6.3
2026-06-27T16:00,28.9,26.8,445,10.5
2026-06-27T17:00,39.0,37.0,446,20.4
2026-06-27T18:00,54.7,53.0,449,33.6
2026-06-27T19:00,50.6,48.5,452,40.4
2026-06-27T20:00,58.8,56.0,458,43.6
2026-06-27T21:00,67.3,64.0,465,48.0
2026-06-27T22:00,77.5,74.0,470,50.9
2026-06-27T23:00,82.9,79.4,471,51.0
2026-06-28T00:00,83.6,80.1,470,49.5
2026-06-28T01:00,85.0,82.0,469,47.8
2026-06-28T02:00,87.3,84.3,471,46.1
2026-06-28T03:00,89.9,87.1,473,44.2
2026-06-28T04:00,93.6,90.8,475,42.1
2026-06-28T05:00,98.7,96.2,475,40.6
2026-06-28T06:00,114.6,111.8,474,39.0
2026-06-28T07:00,88.9,86.4,471,35.3
2026-06-28T08:00,59.1,55.3,466,28.9
2026-06-28T09:00,47.3,42.3,460,20.0
2026-06-28T10:00,42.0,36.7,455,12.7
2026-06-28T11:00,38.1,33.9,453,8.6
2026-06-28T12:00,35.5,32.8,453,6.2
2026-06-28T13:00,36.8,34.0,452,5.0
2026-06-28T14:00,37.6,34.9,450,4.6
2026-06-28T15:00,38.6,36.0,447,5.3
2026-06-28T16:00,39.8,37.3,448,8.0
2026-06-28T17:00,51.2,48.8,455,13.6
2026-06-28T18:00,65.4,63.1,466,21.2
2026-06-28T19:00,69.4,67.1,472,28.0
2026-06-28T20:00,77.8,75.0,469,33.4
2026-06-28T21:00,92.7,87.5,462,38.0
2026-06-28T22:00,107.8,102.4,458,41.9
2026-06-28T23:00,120.1,115.5,459,45.3
2026-06-29T00:00,121.1,116.6,463,47.8
2026-06-29T01:00,121.5,117.1,466,48.5
2026-06-29T02:00,112.9,109.4,468,46.2
2026-06-29T03:00,99.2,96.4,470,42.1
2026-06-29T04:00,95.9,93.6,471,38.3
2026-06-29T05:00,102.0,99.9,471,35.8
2026-06-29T06:00,112.0,110.4,471,33.7
2026-06-29T07:00,71.5,70.8,469,31.9
2026-06-29T08:00,54.4,52.0,466,27.8
2026-06-29T09:00,41.9,37.8,463,22.0
2026-06-29T10:00,38.6,33.4,459,16.7
2026-06-29T11:00,33.9,30.6,455,12.4
2026-06-29T12:00,31.7,29.5,451,8.7
2026-06-29T13:00,31.1,29.6,448,6.5
2026-06-29T14:00,32.7,31.3,445,5.4
2026-06-29T15:00,33.9,32.5,442,5.8
2026-06-29T16:00,34.5,32.9,443,10.4
2026-06-29T17:00,43.1,41.6,450,22.5
2026-06-29T18:00,65.4,63.1,461,38.9
2026-06-29T19:00,69.2,65.4,468,46.6
2026-06-29T20:00,74.0,71.0,468,51.9
2026-06-29T21:00,87.3,84.5,466,59.0
2026-06-29T22:00,93.6,90.8,463,63.4
2026-06-29T23:00,98.0,95.2,461,62.7
2026-06-30T00:00,103.4,100.8,460,59.2
2026-06-30T01:00,108.3,105.7,460,55.7
2026-06-30T02:00,111.8,109.4,462,53.0
2026-06-30T03:00,112.7,110.4,465,50.2
2026-06-30T04:00,113.2,110.8,467,47.5
2026-06-30T05:00,116.4,114.6,469,45.6
2026-06-30T06:00,129.0,127.1,471,43.9
2026-06-30T07:00,92.4,91.3,470,39.4
2026-06-30T08:00,63.6,60.5,465,33.7
2026-06-30T09:00,42.3,39.2,458,25.7
2026-06-30T10:00,33.6,31.3,453,18.7
2026-06-30T11:00,31.5,29.9,454,13.6
2026-06-30T12:00,31.9,30.9,458,9.5
2026-06-30T13:00,33.4,32.6,460,7.0
2026-06-30T14:00,35.6,34.8,456,5.7
2026-06-30T15:00,37.7,37.0,450,6.1
2026-06-30T16:00,39.9,39.1,448,10.2
2026-06-30T17:00,53.8,52.4,453,20.0
2026-06-30T18:00,76.4,75.0,461,33.6
2026-06-30T19:00,79.2,78.5,467,48.4
2026-06-30T20:00,95.5,92.9,470,56.0
2026-06-30T21:00,106.9,102.9,471,66.4
2026-06-30T22:00,116.4,112.5,471,72.8
2026-06-30T23:00,125.3,121.5,471,71.9
2026-07-01T00:00,123.9,120.1,470,67.0
2026-07-01T01:00,124.8,121.5,469,61.7
2026-07-01T02:00,126.2,123.4,469,57.0
2026-07-01T03:00,123.9,121.1,470,51.8
2026-07-01T04:00,118.0,115.9,472,47.2
2026-07-01T05:00,110.4,108.5,477,43.8
2026-07-01T06:00,109.0,107.6,482,41.0
2026-07-01T07:00,94.5,94.1,484,39.7
2026-07-01T08:00,60.5,57.9,477,34.3
2026-07-01T09:00,34.8,33.1,466,26.7
2026-07-01T10:00,25.0,24.7,458,19.9
2026-07-01T11:00,27.9,27.6,457,14.6
2026-07-01T12:00,34.1,33.9,460,10.2
2026-07-01T13:00,38.9,38.6,462,7.5
2026-07-01T14:00,42.0,41.7,460,6.5
2026-07-01T15:00,42.3,42.0,456,7.3
2026-07-01T16:00,41.0,40.6,456,10.9
2026-07-01T17:00,41.9,41.6,463,18.9
2026-07-01T18:00,50.9,50.4,474,29.9
2026-07-01T19:00,32.7,31.3,481,28.8
2026-07-01T20:00,37.3,35.2,480,32.8
2026-07-01T21:00,41.7,39.6,475,38.3
2026-07-01T22:00,46.0,43.8,473,42.6
2026-07-01T23:00,47.1,44.9,478,44.2
2026-07-02T00:00,48.5,46.1,486,44.6
2026-07-02T01:00,52.0,49.6,490,45.2
2026-07-02T02:00,58.3,55.8,487,47.0
2026-07-02T03:00,67.1,64.5,482,49.1
2026-07-02T04:00,76.4,73.8,477,49.9
2026-07-02T05:00,84.1,81.7,476,49.5
2026-07-02T06:00,97.6,95.2,477,47.8
2026-07-02T07:00,76.4,74.7,475,41.9
2026-07-02T08:00,42.4,40.7,469,34.8
2026-07-02T09:00,23.7,23.3,461,24.8
2026-07-02T10:00,23.8,23.6,454,16.6
2026-07-02T11:00,26.0,25.8,451,11.6
2026-07-02T12:00,29.2,29.0,449,8.2
2026-07-02T13:00,31.2,31.1,448,6.5
2026-07-02T14:00,32.6,32.5,446,6.1
2026-07-02T15:00,32.9,32.7,445,7.4
2026-07-02T16:00,32.6,32.4,446,11.2
2026-07-02T17:00,37.4,37.0,452,18.9
2026-07-02T18:00,46.7,46.2,461,29.0
2026-07-02T19:00,31.8,30.7,468,31.9
2026-07-02T20:00,31.4,29.8,470,35.8
2026-07-02T21:00,37.7,36.0,470,41.3
2026-07-02T22:00,45.8,43.8,471,46.0
2026-07-02T23:00,51.0,48.8,476,49.1
2026-07-03T00:00,55.2,52.7,483,51.4
2026-07-03T01:00,59.8,57.4,486,53.1
2026-07-03T02:00,65.2,62.6,483,54.4
2026-07-03T03:00,71.2,68.7,477,55.0
2026-07-03T04:00,80.1,77.8,473,54.5
2026-07-03T05:00,88.9,86.8,473,53.1
2026-07-03T06:00,103.6,101.5,475,50.6
2026-07-03T07:00,91.0,88.9,474,44.3
2026-07-03T08:00,46.1,43.7,468,36.0
2026-07-03T09:00,26.7,25.6,460,24.4
2026-07-03T10:00,22.4,22.2,453,15.1
2026-07-03T11:00,22.8,22.7,449,10.1
2026-07-03T12:00,24.3,24.2,447,7.4
2026-07-03T13:00,24.3,24.2,446,6.2
2026-07-03T14:00,23.5,23.3,445,5.3
2026-07-03T15:00,22.5,22.4,444,5.9
2026-07-03T16:00,21.1,20.8,446,10.4
2026-07-03T17:00,24.4,24.1,452,22.2
2026-07-03T18:00,43.0,42.4,461,37.9
2026-07-03T19:00,35.3,33.4,466,37.8
2026-07-03T20:00,38.4,36.6,464,42.1
2026-07-03T21:00,42.0,40.2,458,47.9
2026-07-03T22:00,43.8,42.0,454,51.4
2026-07-03T23:00,41.6,39.8,453,50.5
2026-07-04T00:00,39.2,37.6,453,47.3
2026-07-04T01:00,38.4,37.0,455,44.5
2026-07-04T02:00,39.3,38.1,460,42.9
2026-07-04T03:00,41.8,40.5,467,41.6
2026-07-04T04:00,45.6,44.4,472,40.7
2026-07-04T05:00,51.1,49.7,472,41.3
2026-07-04T06:00,62.6,61.0,470,42.3
2026-07-04T07:00,54.2,53.1,466,36.0
2026-07-04T08:00,30.2,28.5,460,28.6
2026-07-04T09:00,21.0,19.7,452,18.4
2026-07-04T10:00,17.1,16.8,446,10.4
2026-07-04T11:00,16.5,16.2,444,6.7
2026-07-04T12:00,16.1,15.8,444,5.2
2026-07-04T13:00,15.7,15.5,444,4.7
2026-07-04T14:00,14.9,14.6,444,4.4
2026-07-04T15:00,13.3,13.0,444,5.1
2026-07-04T16:00,12.0,11.8,445,8.3
2026-07-04T17:00,14.3,14.0,447,15.7
2026-07-04T18:00,22.9,22.0,451,25.6
2026-07-04T19:00,23.4,22.4,453,27.9
2026-07-04T20:00,31.1,30.0,453,33.3
2026-07-04T21:00,40.7,39.7,453,40.6
2026-07-04T22:00,45.6,44.6,452,45.9
2026-07-04T23:00,44.9,43.8,451,47.2
2026-07-05T00:00,43.0,41.9,450,46.5
2026-07-05T01:00,41.8,40.6,450,45.2
2026-07-05T02:00,41.3,40.2,451,43.4
2026-07-05T03:00,42.3,41.1,453,41.1
2026-07-05T04:00,45.4,44.1,455,39.3
2026-07-05T05:00,53.0,51.5,458,39.6
2026-07-05T06:00,68.7,67.1,461,40.5
2026-07-05T07:00,48.9,48.1,462,33.9
2026-07-05T08:00,22.9,21.8,458,26.8
2026-07-05T09:00,15.4,15.2,451,17.0
2026-07-05T10:00,15.9,15.9,446,9.3
2026-07-05T11:00,17.1,17.1,445,5.9
2026-07-05T12:00,17.7,17.6,445,4.7
2026-07-05T13:00,17.6,17.6,445,4.3
2026-07-05T14:00,17.1,17.0,444,3.9
2026-07-05T15:00,16.1,15.9,444,4.3
2026-07-05T16:00,15.0,14.8,444,7.1
2026-07-05T17:00,17.3,17.0,446,13.9
2026-07-05T18:00,29.1,28.5,448,23.0
2026-07-05T19:00,25.5,24.0,450,25.6
2026-07-05T20:00,30.0,28.8,450,28.4
2026-07-05T21:00,34.6,33.3,450,32.2
2026-07-05T22:00,35.3,34.0,450,34.7
2026-07-05T23:00,32.5,31.0,449,34.3
2026-07-06T00:00,30.0,28.6,449,32.5
2026-07-06T01:00,30.3,28.9,451,31.8
2026-07-06T02:00,35.0,33.8,459,33.8
2026-07-06T03:00,43.0,41.6,470,36.8
2026-07-06T04:00,51.8,50.2,478,38.3
2026-07-06T05:00,60.5,58.9,481,37.4
2026-07-06T06:00,69.8,68.5,480,35.1
2026-07-06T07:00,67.1,65.0,477,30.7
2026-07-06T08:00,43.5,40.4,470,25.8
2026-07-06T09:00,33.3,30.9,460,19.1
2026-07-06T10:00,30.7,30.0,452,13.4
2026-07-06T11:00,33.9,33.2,448,9.8
2026-07-06T12:00,34.7,34.0,447,7.4
2026-07-06T13:00,35.3,34.7,446,6.2
2026-07-06T14:00,34.7,34.2,445,4.6
2026-07-06T15:00,36.7,36.1,444,4.3
2026-07-06T16:00,32.4,31.9,446,10.2
2026-07-06T17:00,35.0,34.6,451,28.2
2026-07-06T18:00,68.2,67.8,459,52.3
2026-07-06T19:00,66.8,65.9,464,49.7
2026-07-06T20:00,82.4,79.6,464,53.5
2026-07-06T21:00,86.1,82.9,462,58.7
2026-07-06T22:00,88.9,85.7,463,62.2
2026-07-06T23:00,88.7,85.2,469,62.3
2026-07-07T00:00,88.5,85.0,478,60.6
2026-07-07T01:00,89.4,85.9,484,58.8
2026-07-07T02:00,90.6,87.3,484,57.7
2026-07-07T03:00,89.9,86.4,482,56.4
2026-07-07T04:00,92.0,88.7,479,54.2
2026-07-07T05:00,96.6,93.8,478,50.9
2026-07-07T06:00,106.4,103.8,476,46.6
2026-07-07T07:00,97.3,95.2,474,42.6
2026-07-07T08:00,61.9,57.9,469,35.9
2026-07-07T09:00,43.4,38.5,463,26.6
2026-07-07T10:00,39.0,34.0,458,18.7
2026-07-07T11:00,33.2,29.7,454,13.5
2026-07-07T12:00,31.7,29.6,450,9.7
2026-07-07T13:00,33.6,31.7,448,7.4
2026-07-07T14:00,35.0,33.1,447,6.0
2026-07-07T15:00,35.9,33.8,447,6.2
2026-07-07T16:00,36.7,34.1,447,10.1
2026-07-07T17:00,37.5,34.9,447,20.4
2026-07-07T18:00,61.9,59.1,448,34.5
2026-07-07T19:00,74.0,69.2,451,42.9
2026-07-07T20:00,88.2,83.6,458,49.2
2026-07-07T21:00,99.7,95.0,467,57.9
2026-07-07T22:00,99.7,95.0,475,64.1
2026-07-07T23:00,101.3,96.6,479,65.9
2026-07-08T00:00,104.3,99.7,481,65.2
2026-07-08T01:00,111.5,107.1,484,63.5
2026-07-08T02:00,116.6,112.7,489,60.9
2026-07-08T03:00,121.1,117.1,493,57.2
2026-07-08T04:00,125.3,121.5,495,53.5
2026-07-08T05:00,128.1,124.8,491,50.7
2026-07-08T06:00,135.5,132.7,483,47.9
2026-07-08T07:00,99.2,97.6,476,45.9
2026-07-08T08:00,62.6,59.0,469,37.8
2026-07-08T09:00,44.0,39.6,463,26.5
2026-07-08T10:00,39.0,33.5,457,17.2
2026-07-08T11:00,35.6,30.2,453,11.8
2026-07-08T12:00,32.4,27.8,451,8.4
2026-07-08T13:00,28.9,26.0,449,6.5
2026-07-08T14:00,28.5,26.3,447,4.9
2026-07-08T15:00,29.3,27.1,444,4.9
2026-07-08T16:00,29.6,27.1,445,9.7
2026-07-08T17:00,36.4,33.8,450,23.0
2026-07-08T18:00,67.8,62.4,458,41.0
2026-07-08T19:00,42.3,39.2,464,35.2
2026-07-08T20:00,50.2,47.3,467,40.5
2026-07-08T21:00,60.3,57.4,469,47.8
2026-07-08T22:00,65.9,62.6,470,53.6
2026-07-08T23:00,70.1,66.8,469,56.3
2026-07-09T00:00,73.3,69.8,468,57.4
2026-07-09T01:00,82.9,79.4,468,57.7
2026-07-09T02:00,100.6,96.9,471,57.4
2026-07-09T03:00,115.0,111.5,476,56.2
2026-07-09T04:00,127.1,123.9,479,54.7
2026-07-09T05:00,137.8,134.6,479,53.5
2026-07-09T06:00,150.9,148.1,478,51.9
2026-07-09T07:00,133.2,130.4,475,50.2
2026-07-09T08:00,87.1,82.7,469,41.7
2026-07-09T09:00,58.0,51.9,462,29.8
2026-07-09T10:00,48.3,41.6,455,19.8
2026-07-09T11:00,40.6,34.6,450,13.6
2026-07-09T12:00,34.7,29.7,447,9.3
2026-07-09T13:00,29.5,26.3,444,6.8
2026-07-09T14:00,27.1,24.8,442,5.0
2026-07-09T15:00,26.3,24.2,442,5.0
2026-07-09T16:00,26.0,23.9,444,10.2
2026-07-09T17:00,39.8,36.9,451,25.1
2026-07-09T18:00,75.7,69.6,460,45.2
2026-07-09T19:00,56.0,52.4,467,45.0
2026-07-09T20:00,52.9,49.6,470,45.6
2026-07-09T21:00,52.5,49.2,472,46.6
2026-07-09T22:00,57.4,53.8,473,47.6
2026-07-09T23:00,62.4,58.6,474,48.9
2026-07-10T00:00,67.3,63.3,476,50.3
2026-07-10T01:00,72.4,68.5,476,51.3
2026-07-10T02:00,78.9,75.4,476,51.8
2026-07-10T03:00,87.3,83.8,474,51.9
2026-07-10T04:00,97.8,94.5,473,51.5
2026-07-10T05:00,110.4,107.3,472,51.1
2026-07-10T06:00,129.5,126.7,470,50.1
2026-07-10T07:00,105.9,104.3,468,44.9
2026-07-10T08:00,68.9,65.4,464,37.3
2026-07-10T09:00,43.2,39.0,458,26.7
2026-07-10T10:00,36.0,31.1,453,17.9
2026-07-10T11:00,28.7,24.9,449,12.4
2026-07-10T12:00,22.8,21.0,445,8.6
2026-07-10T13:00,21.3,20.3,443,6.5
2026-07-10T14:00,21.0,20.0,443,5.3
2026-07-10T15:00,20.5,19.6,444,5.9
2026-07-10T16:00,19.8,18.9,446,10.5
2026-07-10T17:00,27.6,26.6,451,22.7
2026-07-10T18:00,46.9,44.7,458,39.0
2026-07-10T19:00,39.2,36.8,461,39.7
2026-07-10T20:00,37.1,35.0,457,41.6
2026-07-10T21:00,40.3,38.3,450,44.2
2026-07-10T22:00,45.4,43.3,448,46.4
2026-07-10T23:00,48.7,46.4,456,47.8
2026-07-11T00:00,52.6,50.3,468,48.7
2026-07-11T01:00,58.6,56.2,477,49.4
2026-07-11T02:00,65.7,63.3,478,49.9
2026-07-11T03:00,74.0,71.7,475,50.1
2026-07-11T04:00,84.3,82.0,473,50.2
2026-07-11T05:00,96.6,94.5,474,51.2
2026-07-11T06:00,120.1,117.8,475,52.1
2026-07-11T07:00,106.2,104.8,474,48.1
2026-07-11T08:00,71.7,67.5,467,39.3
2026-07-11T09:00,47.8,41.7,458,27.1
2026-07-11T10:00,45.2,37.5,451,17.1
2026-07-11T11:00,44.8,36.9,449,11.6
2026-07-11T12:00,40.6,35.3,449,8.3
2026-07-11T13:00,40.5,36.8,449,6.5
2026-07-11T14:00,41.1,37.7,447,5.1
2026-07-11T15:00,40.7,37.8,445,5.2
2026-07-11T16:00,41.1,38.4,446,8.6
2026-07-11T17:00,44.5,41.7,452,17.6
2026-07-11T18:00,72.9,69.4,460,30.0
2026-07-11T19:00,54.1,49.5,465,34.7
2026-07-11T20:00,49.2,45.1,462,37.1
2026-07-11T21:00,49.5,45.8,455,40.4
2026-07-11T22:00,53.2,49.5,452,43.2
2026-07-11T23:00,55.3,51.6,458,44.8
2026-07-12T00:00,57.7,54.1,468,45.9
2026-07-12T01:00,60.8,57.3,475,46.5
2026-07-12T02:00,64.0,60.8,477,46.8
2026-07-12T03:00,66.8,63.6,476,46.7
2026-07-12T04:00,71.0,67.8,474,46.1
2026-07-12T05:00,78.2,75.0,473,45.9
2026-07-12T06:00,93.1,89.9,471,45.2
2026-07-12T07:00,88.5,84.8,468,39.4
2026-07-12T08:00,58.2,52.4,461,31.7
2026-07-12T09:00,47.3,40.4,452,21.0
2026-07-12T10:00,47.1,38.9,446,12.4
2026-07-12T11:00,41.6,34.5,444,8.0
2026-07-12T12:00,35.5,31.0,444,5.8
2026-07-12T13:00,30.6,28.4,445,4.7
2026-07-12T14:00,29.4,27.3,445,3.8
2026-07-12T15:00,27.3,25.3,445,4.1
2026-07-12T16:00,24.8,22.9,446,7.2
2026-07-12T17:00,27.6,25.4,448,15.5
2026-07-12T18:00,47.6,43.9,451,26.6
2026-07-12T19:00,31.2,28.8,453,25.0
2026-07-12T20:00,32.4,30.3,452,27.5
2026-07-12T21:00,33.3,31.4,450,31.0
2026-07-12T22:00,34.2,32.5,451,33.8
2026-07-12T23:00,34.9,33.2,458,35.0
2026-07-13T00:00,37.0,35.4,467,35.5
2026-07-13T01:00,41.3,39.7,475,36.1
2026-07-13T02:00,46.9,45.4,479,37.5
2026-07-13T03:00,53.7,51.9,481,39.0
2026-07-13T04:00,60.5,58.8,482,39.4
2026-07-13T05:00,68.2,66.1,482,38.1
2026-07-13T06:00,82.4,80.3,480,35.7
2026-07-13T07:00,81.7,79.2,476,32.2
2026-07-13T08:00,54.4,50.4,468,27.1
2026-07-13T09:00,39.8,34.6,458,19.9
2026-07-13T10:00,34.2,29.5,450,13.9
2026-07-13T11:00,25.3,23.2,447,9.9
2026-07-13T12:00,23.2,22.2,446,7.1
2026-07-13T13:00,23.1,22.2,446,5.6
2026-07-13T14:00,22.5,21.6,446,4.9
2026-07-13T15:00,20.4,19.5,446,5.7
2026-07-13T16:00,18.5,17.6,447,9.8
2026-07-13T17:00,23.1,21.9,450,20.3
2026-07-13T18:00,38.9,36.4,453,34.1
2026-07-13T19:00,29.7,27.8,455,33.3
2026-07-13T20:00,33.6,31.8,454,34.9
2026-07-13T21:00,35.4,33.5,452,37.0
2026-07-13T22:00,35.0,32.9,450,37.8
2026-07-13T23:00,31.5,29.6,449,35.8
2026-07-14T00:00,29.6,27.8,448,32.4
2026-07-14T01:00,30.4,28.6,450,30.2
2026-07-14T02:00,33.8,32.0,458,30.4
2026-07-14T03:00,38.5,36.8,470,31.7
2026-07-14T04:00,44.5,42.5,478,33.2
2026-07-14T05:00,51.9,49.8,482,35.4
2026-07-14T06:00,64.7,62.6,482,37.7
2026-07-14T07:00,75.9,72.9,479,33.7
2026-07-14T08:00,53.0,48.1,470,28.0
2026-07-14T09:00,46.6,40.3,457,20.0
2026-07-14T10:00,43.9,37.8,448,13.5
2026-07-14T11:00,36.0,33.4,445,9.8
2026-07-14T12:00,34.9,33.3,445,7.5
2026-07-14T13:00,34.7,33.3,446,6.5
2026-07-14T14:00,33.2,32.0,446,6.3
2026-07-14T15:00,29.9,28.8,445,7.3
2026-07-14T16:00,25.8,24.9,446,10.9
2026-07-14T17:00,25.3,24.4,448,18.8
2026-07-14T18:00,32.1,30.6,451,29.3
2026-07-14T19:00,26.9,25.1,453,28.9
2026-07-14T20:00,30.4,28.7,453,32.1
2026-07-14T21:00,35.0,33.3,453,36.6
2026-07-14T22:00,40.0,38.2,453,40.2
2026-07-14T23:00,43.5,41.7,453,42.2
2026-07-15T00:00,46.7,44.8,452,43.3
2026-07-15T01:00,49.9,48.1,455,43.8
2026-07-15T02:00,52.6,50.6,464,43.8
2026-07-15T03:00,54.7,52.5,476,43.2
2026-07-15T04:00,55.5,53.2,484,41.7
2026-07-15T05:00,56.0,53.6,486,39.5
2026-07-15T06:00,62.9,60.3,485,36.4
2026-07-15T07:00,42.3,40.6,480,34.4
2026-07-15T08:00,32.9,29.7,470,28.2
2026-07-15T09:00,32.9,28.1,457,19.5
2026-07-15T10:00,32.7,27.0,448,12.5
2026-07-15T11:00,33.1,27.0,445,8.7
2026-07-15T12:00,27.9,23.2,445,6.5
2026-07-15T13:00,25.8,21.7,446,5.5
2026-07-15T14:00,23.2,19.7,446,5.3
2026-07-15T15:00,20.3,17.2,446,6.2
2026-07-15T16:00,18.6,15.4,446,9.2
2026-07-15T17:00,18.4,15.5,448,15.9
2026-07-15T18:00,22.7,20.3,450,24.7
2026-07-15T19:00,24.4,21.8,451,28.7
2026-07-15T20:00,25.3,22.7,450,28.4
2026-07-15T21:00,26.3,23.6,449,27.9
2026-07-15T22:00,25.7,23.6,449,27.9
2026-07-15T23:00,25.4,23.5,452,28.3
2026-07-16T00:00,27.1,25.4,457,29.2
2026-07-16T01:00,32.6,31.0,463,30.7
2026-07-16T02:00,40.2,38.5,470,33.6
2026-07-16T03:00,49.1,47.4,478,37.2
2026-07-16T04:00,56.3,54.7,483,39.6
2026-07-16T05:00,64.0,62.4,483,40.4
2026-07-16T06:00,79.6,78.0,481,40.1
2026-07-16T07:00,87.3,85.9,477,40.3
2026-07-16T08:00,50.4,46.7,471,33.7
2026-07-16T09:00,39.5,34.5,464,24.5
2026-07-16T10:00,35.5,31.1,457,16.7
2026-07-16T11:00,29.4,27.5,452,11.8
2026-07-16T12:00,28.9,27.7,448,8.3
2026-07-16T13:00,29.0,27.9,446,6.4
2026-07-16T14:00,28.5,27.4,445,5.2
2026-07-16T15:00,26.9,25.8,446,5.5
2026-07-16T16:00,25.4,24.3,447,10.3
2026-07-16T17:00,33.6,32.2,450,23.4
2026-07-16T18:00,57.6,54.7,453,41.0
2026-07-16T19:00,43.1,40.5,455,40.2
2026-07-16T20:00,41.3,39.1,454,41.7
2026-07-16T21:00,41.6,39.5,452,43.8
2026-07-16T22:00,43.3,41.3,451,45.3
2026-07-16T23:00,44.8,42.7,452,45.7
2026-07-17T00:00,46.2,44.2,453,45.6
2026-07-17T01:00,50.5,48.5,457,45.7
2026-07-17T02:00,56.8,54.7,464,46.7
2026-07-17T03:00,65.0,62.6,474,48.1
2026-07-17T04:00,74.0,71.5,480,48.6
2026-07-17T05:00,83.8,81.5,481,48.5
2026-07-17T06:00,101.3,98.7,479,47.6
2026-07-17T07:00,112.9,109.0,475,41.3
2026-07-17T08:00,78.2,72.6,469,34.6
2026-07-17T09:00,58.9,51.9,461,25.3
2026-07-17T10:00,51.3,45.1,455,17.4
2026-07-17T11:00,41.1,39.0,451,12.3
2026-07-17T12:00,41.4,39.7,449,8.8
2026-07-17T13:00,41.2,39.6,447,6.8
2026-07-17T14:00,40.5,39.0,446,6.0
2026-07-17T15:00,39.1,37.8,447,6.9
2026-07-17T16:00,36.7,35.4,448,10.7
2026-07-17T17:00,41.4,40.4,451,19.6
2026-07-17T18:00,46.1,45.2,455,31.4
2026-07-17T19:00,32.8,30.0,457,31.3
2026-07-17T20:00,33.2,30.6,455,33.7
2026-07-17T21:00,36.2,33.6,451,36.9
2026-07-17T22:00,39.3,36.8,450,39.5
2026-07-17T23:00,40.9,38.3,457,40.6
2026-07-18T00:00,42.1,39.8,467,41.0
2026-07-18T01:00,45.2,42.8,474,41.6
2026-07-18T02:00,49.9,47.4,475,42.9
2026-07-18T03:00,56.8,54.1,474,44.3
2026-07-18T04:00,66.4,63.6,472,45.3
2026-07-18T05:00,79.9,76.8,472,46.7
2026-07-18T06:00,102.9,100.1,472,47.6
2026-07-18T07:00,106.2,102.4,470,40.4
2026-07-18T08:00,73.3,66.8,466,33.0
2026-07-18T09:00,59.5,51.2,461,22.8
2026-07-18T10:00,57.3,48.2,456,14.4
2026-07-18T11:00,50.4,42.7,452,9.7
2026-07-18T12:00,43.1,38.3,449,6.9
2026-07-18T13:00,39.8,36.6,447,5.5
2026-07-18T14:00,37.4,34.9,446,4.0
2026-07-18T15:00,35.7,33.5,446,3.9
2026-07-18T16:00,34.0,31.9,447,8.8
2026-07-18T17:00,40.0,38.1,450,23.5
2026-07-18T18:00,67.8,64.3,454,43.1
2026-07-18T19:00,61.0,55.9,456,40.9
2026-07-18T20:00,65.4,60.8,454,44.1
2026-07-18T21:00,68.9,64.3,449,48.4
2026-07-18T22:00,72.6,67.8,449,51.6
2026-07-18T23:00,74.3,69.4,457,52.4
2026-07-19T00:00,76.8,71.9,468,52.0
2026-07-19T01:00,81.0,76.1,476,51.8
2026-07-19T02:00,87.3,82.7,476,52.7
2026-07-19T03:00,94.5,89.9,473,53.8
2026-07-19T04:00,102.9,98.5,470,53.3
2026-07-19T05:00,112.7,108.5,470,50.9
2026-07-19T06:00,128.1,123.9,471,46.9
2026-07-19T07:00,127.1,122.0,470,40.5
2026-07-19T08:00,83.1,76.6,465,32.8
2026-07-19T09:00,60.8,52.9,457,22.1
2026-07-19T10:00,56.0,47.6,452,13.5
2026-07-19T11:00,48.8,42.3,451,8.9
2026-07-19T12:00,40.7,37.3,451,6.4
2026-07-19T13:00,40.6,37.4,451,5.0
2026-07-19T14:00,42.1,38.8,449,3.8
2026-07-19T15:00,40.9,37.8,448,3.7
2026-07-19T16:00,42.4,39.5,447,7.2
2026-07-19T17:00,46.8,44.1,449,17.4
2026-07-19T18:00,78.5,75.7,453,31.1
2026-07-19T19:00,79.9,75.4,455,29.6
2026-07-19T20:00,87.1,82.7,453,31.6
2026-07-19T21:00,82.0,77.1,450,34.5
2026-07-19T22:00,78.2,72.2,451,36.9
2026-07-19T23:00,77.3,71.5,459,38.3
2026-07-20T00:00,77.8,71.9,470,39.2
2026-07-20T01:00,79.2,74.0,479,40.2
2026-07-20T02:00,80.6,75.9,483,41.9
2026-07-20T03:00,82.9,78.9,484,43.7
2026-07-20T04:00,81.3,77.5,483,44.0
2026-07-20T05:00,80.8,77.5,478,42.3
2026-07-20T06:00,85.0,82.0,470,39.1
2026-07-20T07:00,99.7,95.5,463,35.5
2026-07-20T08:00,70.8,64.7,458,29.9
2026-07-20T09:00,54.5,47.3,455,22.1
2026-07-20T10:00,50.1,41.6,452,15.4
2026-07-20T11:00,49.6,40.0,450,11.0
2026-07-20T12:00,48.1,38.5,448,7.7
2026-07-20T13:00,44.5,36.0,447,5.9
2026-07-20T14:00,40.0,33.4,447,4.8
2026-07-20T15:00,36.3,31.2,447,5.2
2026-07-20T16:00,34.7,29.8,448,9.3
2026-07-20T17:00,36.9,31.1,452,20.2
2026-07-20T18:00,56.6,50.5,456,34.9
2026-07-20T19:00,38.5,35.5,459,33.1
2026-07-20T20:00,39.5,36.7,457,35.7
2026-07-20T21:00,43.9,41.1,452,39.5
2026-07-20T22:00,48.3,45.4,452,42.8
2026-07-20T23:00,50.9,48.0,460,45.4
2026-07-21T00:00,55.5,52.4,471,47.7
2026-07-21T01:00,65.9,62.6,479,49.1
2026-07-21T02:00,76.4,73.1,480,49.6
2026-07-21T03:00,84.5,81.7,478,49.4
2026-07-21T04:00,86.8,84.1,475,48.0
2026-07-21T05:00,88.2,85.7,472,45.4
2026-07-21T06:00,99.2,97.1,469,41.7
2026-07-21T07:00,82.0,80.1,465,37.6
2026-07-21T08:00,54.9,51.6,461,32.4
2026-07-21T09:00,41.7,37.6,457,25.1
2026-07-21T10:00,39.6,34.3,453,18.6
2026-07-21T11:00,36.7,31.5,450,13.5
2026-07-21T12:00,32.8,29.7,448,9.2
2026-07-21T13:00,33.3,31.1,447,6.6
2026-07-21T14:00,34.8,32.8,446,5.3
2026-07-21T15:00,35.9,34.0,446,5.7
2026-07-21T16:00,36.8,34.9,447,9.5
2026-07-21T17:00,38.0,36.0,450,18.6
2026-07-21T18:00,55.1,53.0,453,31.1
2026-07-21T19:00,70.1,65.9,457,45.4
2026-07-21T20:00,80.3,76.4,460,51.0
2026-07-21T21:00,88.7,84.8,463,58.5
2026-07-21T22:00,96.9,92.9,465,63.1
2026-07-21T23:00,110.6,106.6,467,62.3
2026-07-22T00:00,123.4,119.7,468,58.7
2026-07-22T01:00,129.5,125.7,469,54.5
2026-07-22T02:00,127.1,123.4,470,50.3
2026-07-22T03:00,119.2,115.9,470,45.6
2026-07-22T04:00,115.7,112.9,470,41.7
2026-07-22T05:00,116.4,114.1,470,39.7
2026-07-22T06:00,123.9,121.5,469,38.4
2026-07-22T07:00,91.0,90.3,467,34.4
2026-07-22T08:00,58.6,56.1,463,29.8
2026-07-22T09:00,41.3,38.1,458,23.3
2026-07-22T10:00,35.2,31.5,455,17.6
2026-07-22T11:00,29.8,27.6,454,13.2
2026-07-22T12:00,30.2,28.3,455,9.5
2026-07-22T13:00,32.0,30.2,455,7.3
2026-07-22T14:00,33.2,31.3,453,6.3
2026-07-22T15:00,36.2,34.3,449,6.8
2026-07-22T16:00,36.6,34.7,447,10.6
2026-07-22T17:00,44.9,43.0,447,20.5
2026-07-22T18:00,57.3,55.2,448,33.7
2026-07-22T19:00,79.6,74.5,450,48.1
2026-07-22T20:00,98.0,92.9,454,53.9
2026-07-22T21:00,110.1,105.0,459,61.6
2026-07-22T22:00,115.9,110.8,463,65.8
2026-07-22T23:00,120.1,115.0,464,63.2
2026-07-23T00:00,113.9,109.2,463,57.0
2026-07-23T01:00,102.9,98.7,463,51.3
2026-07-23T02:00,93.1,89.6,465,47.4
2026-07-23T03:00,84.1,81.0,468,44.0
2026-07-23T04:00,82.0,79.2,470,41.0
2026-07-23T05:00,84.8,82.2,469,38.8
2026-07-23T06:00,99.4,97.1,466,37.1
2026-07-23T07:00,73.8,72.6,463,32.5
2026-07-23T08:00,52.6,50.6,459,28.5
2026-07-23T09:00,40.3,37.5,455,22.9
2026-07-23T10:00,34.9,31.1,452,17.7
2026-07-23T11:00,32.9,29.0,450,13.4
2026-07-23T12:00,30.3,27.4,449,9.6
2026-07-23T13:00,29.5,28.0,448,7.2
2026-07-23T14:00,30.6,29.2,448,5.9
2026-07-23T15:00,31.2,29.8,448,6.0
2026-07-23T16:00,31.4,30.0,449,9.4
2026-07-23T17:00,34.8,33.1,451,18.5
2026-07-23T18:00,57.9,56.0,454,30.9
2026-07-23T19:00,82.4,77.5,458,52.3
2026-07-23T20:00,98.5,93.1,464,59.5
2026-07-23T21:00,120.1,115.0,470,69.3
2026-07-23T22:00,142.5,137.4,475,75.1
2026-07-23T23:00,157.9,152.7,477,73.5
2026-07-24T00:00,168.6,163.9,477,68.1
2026-07-24T01:00,176.5,171.8,477,62.8
2026-07-24T02:00,173.7,169.5,479,59.1
2026-07-24T03:00,163.9,160.2,481,55.5
2026-07-24T04:00,160.2,156.5,482,52.2
2026-07-24T05:00,163.9,160.7,481,49.8
2026-07-24T06:00,178.3,175.1,479,47.8
2026-07-24T07:00,118.3,116.4,476,40.3
2026-07-24T08:00,71.9,68.9,470,34.3
2026-07-24T09:00,49.7,45.8,462,25.8
2026-07-24T10:00,41.4,36.3,456,18.5
2026-07-24T11:00,39.8,33.5,454,13.5
2026-07-24T12:00,39.0,32.4,454,9.6
2026-07-24T13:00,37.4,31.3,453,7.3
2026-07-24T14:00,34.8,30.3,449,5.5
2026-07-24T15:00,31.0,28.2,445,5.3
2026-07-24T16:00,29.7,27.1,445,10.2
2026-07-24T17:00,33.6,30.7,451,24.6
2026-07-24T18:00,60.3,55.9,461,44.0
2026-07-24T19:00,67.3,63.6,470,52.0
2026-07-24T20:00,73.3,69.8,477,52.3
2026-07-24T21:00,67.8,64.5,482,52.7
2026-07-24T22:00,67.5,64.3,486,53.2
2026-07-24T23:00,70.5,67.3,488,54.1
2026-07-25T00:00,76.6,73.1,489,55.1
2026-07-25T01:00,85.4,82.0,487,55.2
2026-07-25T02:00,95.7,92.4,481,53.9
2026-07-25T03:00,108.7,105.7,473,51.8
2026-07-25T04:00,122.0,119.0,467,49.6
2026-07-25T05:00,135.0,132.2,465,48.3
2026-07-25T06:00,156.0,153.2,464,47.0
2026-07-25T07:00,107.8,106.9,463,40.8
2026-07-25T08:00,70.1,67.8,459,34.2
2026-07-25T09:00,44.7,41.4,453,25.0
2026-07-25T10:00,37.4,32.7,449,17.1
2026-07-25T11:00,33.4,27.9,446,11.7
2026-07-25T12:00,31.2,25.4,444,7.6
2026-07-25T13:00,28.5,22.9,443,5.2
2026-07-25T14:00,26.3,21.2,443,3.9
2026-07-25T15:00,24.4,19.7,443,4.2
2026-07-25T16:00,23.3,18.9,444,8.6
2026-07-25T17:00,31.1,27.4,446,20.3
2026-07-25T18:00,51.3,47.6,448,35.9
2026-07-25T19:00,32.6,29.7,449,28.9
2026-07-25T20:00,38.0,35.2,449,31.2
2026-07-25T21:00,43.3,40.3,448,34.5
2026-07-25T22:00,50.9,47.7,449,37.9
2026-07-25T23:00,59.0,55.6,454,41.8
2026-07-26T00:00,67.5,64.3,460,45.8
2026-07-26T01:00,77.5,74.5,465,48.4
2026-07-26T02:00,87.8,84.8,465,48.8
2026-07-26T03:00,98.5,95.7,463,47.8
2026-07-26T04:00,108.7,105.9,462,46.4
2026-07-26T05:00,117.8,115.0,463,45.6
2026-07-26T06:00,131.3,128.5,464,44.3
2026-07-26T07:00,122.5,120.1,464,41.3
2026-07-26T08:00,73.1,68.2,460,32.9
2026-07-26T09:00,49.5,43.0,453,21.2
2026-07-26T10:00,44.8,37.4,448,12.0
2026-07-26T11:00,39.1,32.8,445,7.6
2026-07-26T12:00,32.6,28.6,444,5.6
2026-07-26T13:00,28.6,26.1,443,4.6
2026-07-26T14:00,26.3,24.6,443,3.7
2026-07-26T15:00,25.3,23.6,444,3.9
2026-07-26T16:00,23.6,21.9,445,6.7
2026-07-26T17:00,29.9,27.0,446,14.0
2026-07-26T18:00,41.6,38.6,447,23.9
2026-07-26T19:00,32.9,30.5,448,23.5
2026-07-26T20:00,38.4,36.2,447,26.3
2026-07-26T21:00,44.0,41.9,446,30.3
2026-07-26T22:00,50.3,48.0,447,34.0
2026-07-26T23:00,57.7,55.2,454,37.3
2026-07-27T00:00,66.8,64.3,464,40.3
2026-07-27T01:00,76.6,73.8,470,42.2
2026-07-27T02:00,87.1,84.3,469,42.6
2026-07-27T03:00,96.9,94.3,465,41.9
2026-07-27T04:00,105.5,102.9,462,40.8
2026-07-27T05:00,114.3,112.0,463,39.8
2026-07-27T06:00,131.3,129.0,466,38.3
2026-07-27T07:00,107.3,104.1,466,32.0
2026-07-27T08:00,82.7,78.5,462,27.2
2026-07-27T09:00,56.9,51.3,457,20.5
2026-07-27T10:00,45.9,40.3,452,14.8
2026-07-27T11:00,37.8,34.1,449,11.0
2026-07-27T12:00,31.1,29.4,446,8.2
2026-07-27T13:00,27.9,26.4,444,6.6
2026-07-27T14:00,24.6,23.2,444,5.9
2026-07-27T15:00,21.1,19.4,445,6.5
2026-07-27T16:00,20.0,17.3,446,9.8
2026-07-27T17:00,20.6,18.2,447,18.1
2026-07-27T18:00,30.2,27.9,448,29.2
2026-07-27T19:00,27.3,25.1,448,29.7
2026-07-27T20:00,29.4,27.2,448,30.9
2026-07-27T21:00,31.7,29.6,447,32.6
2026-07-27T22:00,34.6,32.5,447,34.5
2026-07-27T23:00,37.0,35.3,449,36.6
2026-07-28T00:00,41.7,39.9,452,38.8
2026-07-28T01:00,50.5,48.9,456,40.8
2026-07-28T02:00,59.6,57.9,462,42.8
2026-07-28T03:00,75.0,73.1,468,44.6
2026-07-28T04:00,95.2,93.4,473,45.2
2026-07-28T05:00,109.7,107.6,475,44.4
2026-07-28T06:00,113.6,111.5,476,42.5
2026-07-28T07:00,68.9,68.5,474,34.0
2026-07-28T08:00,39.7,38.3,467,29.1
2026-07-28T09:00,25.0,24.9,458,22.1
2026-07-28T10:00,22.1,22.1,450,16.1
2026-07-28T11:00,21.2,21.1,447,11.7
2026-07-28T12:00,20.5,20.3,446,8.2
2026-07-28T13:00,19.4,19.0,445,6.3
2026-07-28T14:00,17.6,17.2,445,6.0
2026-07-28T15:00,15.2,14.7,445,7.4
2026-07-28T16:00,13.3,12.9,446,11.3
2026-07-28T17:00,18.2,17.1,447,19.4
2026-07-28T18:00,27.8,26.3,448,30.0
2026-07-28T19:00,28.8,27.1,449,32.8
2026-07-28T20:00,29.8,28.2,448,33.7
2026-07-28T21:00,31.8,30.2,446,35.1
2026-07-28T22:00,34.3,32.5,447,36.9
2026-07-28T23:00,38.0,36.0,455,39.3
2026-07-29T00:00,43.8,41.8,467,42.1
2026-07-29T01:00,52.9,50.9,475,44.5
2026-07-29T02:00,61.0,58.9,475,46.4
2026-07-29T03:00,68.2,66.1,472,47.9
2026-07-29T04:00,75.2,72.9,469,47.9
2026-07-29T05:00,83.6,81.3,468,46.0
2026-07-29T06:00,102.2,99.7,467,42.7
2026-07-29T07:00,85.7,83.1,465,37.5
2026-07-29T08:00,60.8,56.5,463,32.5
2026-07-29T09:00,50.6,44.8,460,25.5
2026-07-29T10:00,47.0,41.1,457,19.2
2026-07-29T11:00,39.9,37.6,455,14.1
2026-07-29T12:00,41.9,39.9,454,9.7
2026-07-29T13:00,43.8,41.8,452,7.0
2026-07-29T14:00,43.9,42.0,450,5.9
2026-07-29T15:00,42.0,40.2,447,6.6
2026-07-29T16:00,37.3,35.3,446,10.6
2026-07-29T17:00,39.9,38.1,447,20.7
2026-07-29T18:00,52.2,49.7,449,34.2
2026-07-29T19:00,51.2,47.6,450,41.9
2026-07-29T20:00,49.6,46.4,449,42.9
2026-07-29T21:00,48.7,45.9,447,44.3
2026-07-29T22:00,51.0,48.3,447,45.7
2026-07-29T23:00,53.7,50.9,448,46.8
2026-07-30T00:00,57.3,54.2,451,47.9
2026-07-30T01:00,62.2,59.0,455,49.1
2026-07-30T02:00,70.3,67.1,462,50.9
2026-07-30T03:00,79.9,76.6,470,52.8
2026-07-30T04:00,88.7,85.0,475,53.1
2026-07-30T05:00,96.6,92.9,475,51.3
2026-07-30T06:00,107.6,103.8,472,47.9
2026-07-30T07:00,95.2,91.0,468,39.9
2026-07-30T08:00,69.6,63.6,464,32.7
2026-07-30T09:00,55.3,47.6,458,22.8
2026-07-30T10:00,52.2,43.4,454,14.7
2026-07-30T11:00,45.8,39.5,451,10.3
2026-07-30T12:00,41.2,38.5,448,7.7
2026-07-30T13:00,43.1,40.4,446,6.6
2026-07-30T14:00,42.1,39.7,445,6.5
2026-07-30T15:00,39.5,37.1,445,7.8
2026-07-30T16:00,35.6,33.5,446,11.5
2026-07-30T17:00,44.5,42.0,447,19.4
2026-07-30T18:00,45.4,43.2,449,29.6
2026-07-30T19:00,56.3,51.2,450,38.3
2026-07-30T20:00,46.6,42.3,449,37.6
2026-07-30T21:00,42.4,38.8,447,36.8
2026-07-30T22:00,41.1,37.6,447,36.4
2026-07-30T23:00,40.0,37.0,448,36.7
2026-07-31T00:00,42.3,39.3,451,37.5
2026-07-31T01:00,47.6,44.7,455,38.8
2026-07-31T02:00,55.1,52.0,461,41.1
2026-07-31T03:00,62.4,59.4,468,43.9
2026-07-31T04:00,69.6,66.4,473,45.2
2026-07-31T05:00,77.3,74.3,473,44.6
2026-07-31T06:00,86.8,83.8,471,42.6
2026-07-31T07:00,92.9,88.2,467,37.0
2026-07-31T08:00,72.6,65.4,461,30.8
2026-07-31T09:00,60.1,51.2,454,22.1
2026-07-31T10:00,57.4,47.1,448,15.0
2026-07-31T11:00,56.8,46.1,446,10.8
2026-07-31T12:00,49.9,42.4,446,8.1
2026-07-31T13:00,41.7,38.2,446,6.8
2026-07-31T14:00,41.9,38.5,446,6.3
2026-07-31T15:00,38.6,35.6,446,7.2
2026-07-31T16:00,35.0,32.2,446,11.4
2026-07-31T17:00,36.4,33.9,447,21.4
2026-07-31T18:00,48.1,44.6,449,34.7
2026-07-31T19:00,35.2,32.2,450,33.1
2026-07-31T20:00,37.1,34.5,449,35.0
2026-07-31T21:00,39.8,37.1,447,37.7
2026-07-31T22:00,41.7,38.9,448,39.6
2026-07-31T23:00,42.3,39.6,453,40.1
2026-08-01T00:00,44.4,41.8,461,39.9
2026-08-01T01:00,47.6,45.1,467,39.6
2026-08-01T02:00,49.1,46.4,470,39.4
2026-08-01T03:00,50.9,48.1,472,39.1
2026-08-01T04:00,53.7,50.8,473,38.7
2026-08-01T05:00,56.5,53.7,476,38.8
2026-08-01T06:00,63.8,61.0,479,38.7
2026-08-01T07:00,60.1,56.9,478,33.3
2026-08-01T08:00,46.9,42.1,470,27.3
2026-08-01T09:00,45.3,38.8,459,18.9
2026-08-01T10:00,46.8,38.9,450,12.2
2026-08-01T11:00,42.5,35.5,447,8.5
2026-08-01T12:00,36.0,31.7,446,6.4
2026-08-01T13:00,30.7,28.5,446,5.5
2026-08-01T14:00,27.5,25.5,446,5.4
2026-08-01T15:00,23.3,21.5,446,6.5
2026-08-01T16:00,22.9,19.7,446,9.3
2026-08-01T17:00,21.4,18.7,447,15.4
2026-08-01T18:00,26.3,23.7,447,23.4
2026-08-01T19:00,24.4,21.9,448,24.0
2026-08-01T20:00,25.7,22.9,448,23.9
2026-08-01T21:00,26.7,23.6,447,23.8
2026-08-01T22:00,25.9,23.0,447,23.5
2026-08-01T23:00,23.9,21.1,448,22.5
2026-08-02T00:00,22.8,20.3,449,21.2
2026-08-02T01:00,23.7,21.3,451,21.0
2026-08-02T02:00,27.2,24.9,454,22.8
2026-08-02T03:00,33.3,30.9,458,25.7
2026-08-02T04:00,41.3,38.9,463,28.1
2026-08-02T05:00,52.0,49.4,470,30.2
2026-08-02T06:00,69.2,66.4,477,31.8
2026-08-02T07:00,70.3,67.3,479,29.2
2026-08-02T08:00,41.7,36.9,471,23.3
2026-08-02T09:00,34.1,28.5,457,15.1
2026-08-02T10:00,31.9,25.7,447,8.6
2026-08-02T11:00,28.0,22.1,445,5.4
2026-08-02T12:00,23.2,18.2,446,3.9
2026-08-02T13:00,19.1,15.0,447,3.4
2026-08-02T14:00,16.2,12.7,446,3.4
2026-08-02T15:00,14.5,11.4,445,4.4
2026-08-02T16:00,13.6,10.8,444,6.6
2026-08-02T17:00,13.7,11.4,444,11.1
2026-08-02T18:00,16.9,14.9,445,16.9
2026-08-02T19:00,17.8,15.7,445,18.3
2026-08-02T20:00,18.8,16.8,445,18.6
2026-08-02T21:00,19.8,17.7,445,19.0
2026-08-02T22:00,18.7,17.1,445,19.0
2026-08-02T23:00,16.7,15.3,445,18.3
2026-08-03T00:00,15.5,14.0,445,17.1
2026-08-03T01:00,15.4,13.9,445,16.4
2026-08-03T02:00,15.5,13.9,446,16.4
2026-08-03T03:00,16.6,15.0,447,16.8
2026-08-03T04:00,18.9,17.4,448,17.2
2026-08-03T05:00,22.6,21.1,448,18.0
2026-08-03T06:00,28.3,26.7,447,18.8
2026-08-03T07:00,18.3,15.9,446,13.0
2026-08-03T08:00,20.3,16.9,445,11.5
2026-08-03T09:00,22.1,17.8,444,9.3
2026-08-03T10:00,22.9,17.9,443,7.4
2026-08-03T11:00,22.8,17.5,443,5.8
2026-08-03T12:00,21.6,16.5,443,4.5
2026-08-03T13:00,20.8,16.0,443,4.1
2026-08-03T14:00,19.8,15.4,443,4.3
2026-08-03T15:00,18.7,14.6,443,5.5
2026-08-03T16:00,17.9,14.2,444,8.9
2026-08-03T17:00,18.8,15.6,445,16.6
2026-08-03T18:00,25.8,23.0,447,26.7
2026-08-03T19:00,22.9,21.0,448,26.9
2026-08-03T20:00,25.7,23.6,448,28.8
2026-08-03T21:00,28.5,26.1,448,31.4
2026-08-03T22:00,29.6,27.4,449,33.3
2026-08-03T23:00,28.8,26.7,451,33.7
2026-08-04T00:00,27.9,25.8,452,33.3
2026-08-04T01:00,28.5,26.4,454,33.1
2026-08-04T02:00,30.2,28.1,454,33.5
2026-08-04T03:00,33.2,31.1,455,34.1
2026-08-04T04:00,39.0,36.9,455,34.3
2026-08-04T05:00,46.9,44.9,457,34.6
2026-08-04T06:00,60.5,58.8,459,34.7
2026-08-04T07:00,61.0,58.0,460,30.3
2026-08-04T08:00,37.6,33.2,458,25.2
2026-08-04T09:00,36.1,30.3,453,18.2
2026-08-04T10:00,39.1,31.9,450,12.4
2026-08-04T11:00,36.2,30.2,448,9.1
2026-08-04T12:00,30.2,26.8,448,7.0
2026-08-04T13:00,28.3,26.0,447,6.3
2026-08-04T14:00,27.8,25.6,446,6.3
2026-08-04T15:00,27.1,25.0,445,7.5
2026-08-04T16:00,25.8,23.7,445,11.8
2026-08-04T17:00,29.3,26.3,446,21.8
2026-08-04T18:00,41.2,38.0,449,34.8
2026-08-04T19:00,34.1,30.9,450,35.9
2026-08-04T20:00,30.5,27.9,449,35.7
2026-08-04T21:00,29.5,27.1,448,35.5
2026-08-04T22:00,29.5,27.4,448,35.5
2026-08-04T23:00,29.3,27.6,451,35.9
2026-08-05T00:00,31.1,29.5,457,36.5
2026-08-05T01:00,35.4,33.9,462,36.8
2026-08-05T02:00,41.3,39.7,468,36.9
2026-08-05T03:00,49.4,47.6,473,36.8
2026-08-05T04:00,61.2,59.3,476,36.0
2026-08-05T05:00,72.2,70.3,474,34.3
2026-08-05T06:00,81.7,80.1,468,32.0
2026-08-05T07:00,63.6,61.7,463,30.3
2026-08-05T08:00,46.9,43.3,459,26.1
2026-08-05T09:00,41.4,36.2,454,20.3
2026-08-05T10:00,40.2,34.3,451,15.1
2026-08-05T11:00,34.9,30.9,449,11.1
2026-08-05T12:00,30.2,28.3,447,7.6
2026-08-05T13:00,28.9,27.1,446,5.7
2026-08-05T14:00,26.0,24.2,446,4.7
2026-08-05T15:00,22.0,20.3,446,5.2
2026-08-05T16:00,21.8,18.8,447,9.4
2026-08-05T17:00,23.5,21.0,448,20.5
2026-08-05T18:00,36.6,34.1,448,35.3
2026-08-05T19:00,26.8,25.1,449,30.1
2026-08-05T20:00,28.4,26.9,449,31.1
2026-08-05T21:00,29.7,28.2,449,32.5
2026-08-05T22:00,29.8,28.5,449,33.5
2026-08-05T23:00,28.9,27.8,450,33.5
2026-08-06T00:00,29.4,28.3,452,33.2
2026-08-06T01:00,32.7,31.8,456,33.6
2026-08-06T02:00,39.3,38.2,463,35.8
2026-08-06T03:00,48.7,47.5,472,38.8
2026-08-06T04:00,56.5,55.2,478,40.6
2026-08-06T05:00,67.5,65.9,480,41.0
2026-08-06T06:00,87.1,85.2,479,40.3
2026-08-06T07:00,66.4,65.4,476,36.5
2026-08-06T08:00,32.1,29.7,469,29.9
2026-08-06T09:00,30.0,26.3,459,20.6
2026-08-06T10:00,28.5,25.1,452,13.2
2026-08-06T11:00,25.0,23.5,448,9.2
2026-08-06T12:00,25.8,24.7,447,6.9
2026-08-06T13:00,27.0,25.8,446,5.9
2026-08-06T14:00,27.1,25.9,446,5.5
2026-08-06T15:00,25.7,24.6,446,6.4
2026-08-06T16:00,23.9,22.8,447,9.7
2026-08-06T17:00,25.8,24.6,448,17.4
2026-08-06T18:00,35.6,33.5,450,27.7
2026-08-06T19:00,23.2,21.9,451,27.5
2026-08-06T20:00,23.3,22.2,450,29.4
2026-08-06T21:00,26.4,25.2,448,32.0
2026-08-06T22:00,30.3,28.9,448,34.6
2026-08-06T23:00,32.1,31.0,450,36.9
2026-08-07T00:00,36.1,34.8,453,39.1
2026-08-07T01:00,41.8,40.5,457,41.0
2026-08-07T02:00,48.1,46.8,464,42.9
2026-08-07T03:00,54.4,53.0,472,44.5
2026-08-07T04:00,58.7,57.2,477,45.1
2026-08-07T05:00,65.9,64.3,478,44.7
2026-08-07T06:00,81.3,79.6,477,43.3
2026-08-07T07:00,85.9,82.9,474,35.3
2026-08-07T08:00,53.6,48.8,468,29.4
2026-08-07T09:00,44.9,39.6,461,21.3
2026-08-07T10:00,38.3,34.8,455,14.5
2026-08-07T11:00,34.3,32.7,451,10.4
2026-08-07T12:00,32.7,31.2,448,7.7
2026-08-07T13:00,33.3,31.7,446,6.2
2026-08-07T14:00,27.9,26.6,445,5.6
2026-08-07T15:00,23.2,22.2,445,6.2
2026-08-07T16:00,19.7,18.6,446,9.4
2026-08-07T17:00,20.7,19.2,448,16.8
2026-08-07T18:00,29.7,27.5,450,26.8
2026-08-07T19:00,23.7,22.2,452,28.0
2026-08-07T20:00,27.2,25.5,452,30.9
2026-08-07T21:00,31.5,29.6,452,35.0
2026-08-07T22:00,36.4,34.5,453,38.8
2026-08-07T23:00,40.7,38.6,458,42.1
2026-08-08T00:00,46.2,44.1,465,45.1
2026-08-08T01:00,53.6,51.6,472,47.3
2026-08-08T02:00,60.8,58.9,478,48.6
2026-08-08T03:00,66.8,65.0,483,48.9
2026-08-08T04:00,71.7,69.8,486,48.0
2026-08-08T05:00,73.8,71.5,485,45.6
2026-08-08T06:00,85.4,83.4,481,41.8
2026-08-08T07:00,82.4,78.5,476,38.0
2026-08-08T08:00,49.0,44.0,469,30.5
2026-08-08T09:00,39.3,33.8,461,20.0
2026-08-08T10:00,37.6,32.5,455,11.8
2026-08-08T11:00,34.9,32.1,451,8.0
2026-08-08T12:00,35.7,33.6,449,6.5
2026-08-08T13:00,36.9,35.2,448,5.9
2026-08-08T14:00,39.7,37.5,447,3.7
2026-08-08T15:00,37.0,35.2,446,2.6
2026-08-08T16:00,35.6,33.8,446,8.8
2026-08-08T17:00,43.9,42.1,448,30.1
2026-08-08T18:00,85.4,83.6,451,58.8
2026-08-08T19:00,50.3,47.8,454,36.1
2026-08-08T20:00,50.5,47.8,456,39.3
2026-08-08T21:00,55.5,52.7,459,43.8
2026-08-08T22:00,65.2,62.2,461,47.7
2026-08-08T23:00,78.5,75.2,464,50.7
2026-08-09T00:00,88.9,85.4,467,53.0
2026-08-09T01:00,96.2,92.7,470,53.8
2026-08-09T02:00,105.9,102.2,472,52.3
2026-08-09T03:00,119.7,116.2,473,49.3
2026-08-09T04:00,129.9,126.7,474,46.0
2026-08-09T05:00,125.3,122.5,475,43.1
2026-08-09T06:00,125.7,123.4,476,39.9
2026-08-09T07:00,127.1,123.9,475,36.5
2026-08-09T08:00,72.6,67.5,470,30.0
2026-08-09T09:00,57.7,51.8,464,20.9
2026-08-09T10:00,50.9,45.9,458,13.5
2026-08-09T11:00,44.7,41.8,454,9.2
2026-08-09T12:00,42.8,40.4,450,6.5
2026-08-09T13:00,40.5,38.8,447,5.0
2026-08-09T14:00,39.5,37.8,445,4.7
2026-08-09T15:00,38.0,36.4,445,5.7
2026-08-09T16:00,34.7,33.2,446,7.8
2026-08-09T17:00,30.6,29.3,450,11.3
2026-08-09T18:00,31.2,29.8,455,15.9
2026-08-09T19:00,30.2,27.7,459,20.3
2026-08-09T20:00,32.1,30.0,462,23.1
2026-08-09T21:00,38.9,36.9,464,27.3
2026-08-09T22:00,51.9,49.9,466,32.2
2026-08-09T23:00,63.8,61.9,468,39.0
2026-08-10T00:00,80.3,77.8,470,46.5
2026-08-10T01:00,104.3,101.5,470,50.9
2026-08-10T02:00,115.3,112.2,469,49.8
2026-08-10T03:00,111.3,108.5,466,45.4
2026-08-10T04:00,113.6,110.8,464,41.1
2026-08-10T05:00,119.0,116.2,462,38.0
2026-08-10T06:00,127.1,124.3,461,34.9
2026-08-10T07:00,112.7,110.1,459,35.5
2026-08-10T08:00,66.6,61.7,457,29.9
2026-08-10T09:00,53.1,47.0,455,22.1
2026-08-10T10:00,46.3,41.1,454,15.5
2026-08-10T11:00,39.3,37.3,454,11.1
2026-08-10T12:00,43.0,41.1,455,7.9
2026-08-10T13:00,44.0,42.1,456,6.1
2026-08-10T14:00,43.8,42.0,456,5.5
2026-08-10T15:00,43.3,41.4,456,6.2
2026-08-10T16:00,42.6,40.7,456,8.8
2026-08-10T17:00,42.7,40.6,457,14.2
2026-08-10T18:00,47.6,44.5,458,21.5
2026-08-10T19:00,32.0,28.0,458,22.1
2026-08-10T20:00,29.5,26.1,456,25.4
2026-08-10T21:00,33.5,30.4,454,30.0
2026-08-10T22:00,37.4,34.2,453,33.9
2026-08-10T23:00,40.5,37.5,456,36.3
2026-08-11T00:00,44.1,41.2,461,38.1
2026-08-11T01:00,48.9,46.0,466,39.5
2026-08-11T02:00,55.8,52.7,471,41.0
2026-08-11T03:00,59.3,56.3,475,42.2
2026-08-11T04:00,60.3,57.4,477,42.3
2026-08-11T05:00,64.5,61.7,475,41.1
2026-08-11T06:00,75.4,73.1,470,38.9
2026-08-11T07:00,78.7,74.3,466,30.9
2026-08-11T08:00,58.4,52.7,463,26.0
2026-08-11T09:00,54.9,47.6,459,19.3
2026-08-11T10:00,56.6,47.4,456,13.6
2026-08-11T11:00,53.6,45.9,453,10.1
2026-08-11T12:00,49.7,45.6,450,7.7
2026-08-11T13:00,48.8,45.6,448,6.5
2026-08-11T14:00,48.9,45.9,447,6.3
2026-08-11T15:00,46.9,44.0,447,7.2
2026-08-11T16:00,41.7,39.0,448,10.5
2026-08-11T17:00,35.2,32.9,450,17.4
2026-08-11T18:00,37.4,35.2,452,26.6
2026-08-11T19:00,24.5,22.5,454,26.2
2026-08-11T20:00,24.2,22.6,453,29.0
2026-08-11T21:00,29.3,27.9,450,32.9
2026-08-11T22:00,35.9,34.3,451,36.6
2026-08-11T23:00,42.6,40.9,458,39.7
2026-08-12T00:00,52.0,49.8,467,42.4
2026-08-12T01:00,61.5,58.9,473,44.6
2026-08-12T02:00,68.9,66.1,473,46.2
2026-08-12T03:00,71.5,69.2,470,47.2
2026-08-12T04:00,77.1,74.5,467,47.0
2026-08-12T05:00,87.5,84.8,467,45.5
2026-08-12T06:00,103.6,100.8,467,42.8
2026-08-12T07:00,95.2,91.5,466,34.5
2026-08-12T08:00,63.8,58.3,462,29.5
2026-08-12T09:00,49.2,42.8,457,22.5
2026-08-12T10:00,46.4,39.3,453,16.4
2026-08-12T11:00,40.7,35.6,450,12.0
2026-08-12T12:00,35.0,33.1,448,8.6
2026-08-12T13:00,34.3,32.6,446,6.5
2026-08-12T14:00,31.0,29.5,446,5.3
2026-08-12T15:00,26.5,25.3,446,5.6
2026-08-12T16:00,22.1,21.1,447,9.0
2026-08-12T17:00,21.4,20.5,449,18.0
2026-08-12T18:00,35.6,33.8,452,30.3
2026-08-12T19:00,31.8,29.5,454,30.6
2026-08-12T20:00,34.5,32.4,453,34.0
2026-08-12T21:00,38.3,36.3,451,38.8
2026-08-12T22:00,42.7,40.6,451,42.7
2026-08-12T23:00,44.8,42.7,456,45.0
2026-08-13T00:00,47.1,45.2,464,46.5
2026-08-13T01:00,51.6,49.6,471,47.6
2026-08-13T02:00,58.6,56.7,476,48.8
2026-08-13T03:00,68.7,66.6,480,49.6
2026-08-13T04:00,81.3,79.2,482,49.5
2026-08-13T05:00,97.6,95.2,483,48.7
2026-08-13T06:00,123.9,121.5,482,46.9
2026-08-13T07:00,99.7,96.9,479,41.3
2026-08-13T08:00,53.9,49.1,473,33.6
2026-08-13T09:00,46.3,40.2,464,22.8
2026-08-13T10:00,42.8,38.4,457,14.2
2026-08-13T11:00,41.4,39.7,452,9.7
2026-08-13T12:00,44.6,42.8,449,7.4
2026-08-13T13:00,46.3,44.7,447,6.4
2026-08-13T14:00,45.2,43.4,446,6.0
2026-08-13T15:00,42.7,41.1,446,6.8
2026-08-13T16:00,39.3,37.7,447,10.0
2026-08-13T17:00,37.6,36.0,449,17.1
2026-08-13T18:00,39.9,38.4,452,26.6
2026-08-13T19:00,27.8,26.3,454,30.6
2026-08-13T20:00,26.2,25.1,452,32.2
2026-08-13T21:00,28.2,27.2,449,34.5
2026-08-13T22:00,31.5,30.5,449,36.8
2026-08-13T23:00,35.5,34.3,457,38.8
2026-08-14T00:00,41.8,40.4,469,40.8
2026-08-14T01:00,49.1,47.6,477,42.7
2026-08-14T02:00,56.1,54.2,476,45.0
2026-08-14T03:00,62.9,60.8,471,47.1
2026-08-14T04:00,68.9,66.4,467,47.7
2026-08-14T05:00,74.0,71.7,466,46.2
2026-08-14T06:00,85.9,83.6,465,43.1
2026-08-14T07:00,65.2,62.9,464,38.6
2026-08-14T08:00,40.5,37.3,462,31.8
2026-08-14T09:00,34.9,31.8,459,22.4
2026-08-14T10:00,33.6,32.6,456,14.7
2026-08-14T11:00,38.9,37.8,454,10.4
2026-08-14T12:00,43.8,42.7,453,7.9
2026-08-14T13:00,46.3,45.2,452,6.4
2026-08-14T14:00,47.6,46.4,452,4.9
2026-08-14T15:00,49.5,48.2,451,4.5
2026-08-14T16:00,47.0,45.8,451,7.9
2026-08-14T17:00,53.8,52.5,450,17.9
2026-08-14T18:00,63.3,62.2,448,31.6
2026-08-14T19:00,35.0,34.3,447,30.0
2026-08-14T20:00,34.9,34.3,447,32.7
2026-08-14T21:00,37.3,36.4,447,36.5
2026-08-14T22:00,42.8,41.2,450,39.9
2026-08-14T23:00,48.7,46.4,457,42.3
2026-08-15T00:00,55.5,53.1,466,44.2
2026-08-15T01:00,64.5,61.7,472,45.9
2026-08-15T02:00,73.6,70.8,473,48.1
2026-08-15T03:00,83.1,80.3,472,50.0
2026-08-15T04:00,91.0,88.5,470,50.1
2026-08-15T05:00,96.2,93.6,468,47.5
2026-08-15T06:00,104.5,102.2,466,42.9
2026-08-15T07:00,112.9,109.9,464,37.3
2026-08-15T08:00,70.5,65.4,462,30.6
2026-08-15T09:00,58.2,51.8,461,21.2
2026-08-15T10:00,49.1,44.9,459,13.7
2026-08-15T11:00,47.3,45.2,456,9.6
2026-08-15T12:00,48.9,46.9,453,7.3
2026-08-15T13:00,48.0,46.0,450,6.2
2026-08-15T14:00,44.6,42.8,448,5.4
2026-08-15T15:00,40.3,38.5,447,5.7
2026-08-15T16:00,36.0,34.2,446,9.0
2026-08-15T17:00,34.6,32.9,447,17.7
2026-08-15T18:00,46.2,44.5,448,29.5
2026-08-15T19:00,35.7,32.4,449,24.9
2026-08-15T20:00,33.6,30.7,448,27.0
2026-08-15T21:00,34.7,32.1,446,30.0
2026-08-15T22:00,36.4,33.9,447,32.7
2026-08-15T23:00,38.3,35.9,453,34.6
2026-08-16T00:00,42.6,40.2,461,36.3
2026-08-16T01:00,50.4,47.8,468,38.3
2026-08-16T02:00,60.1,57.4,473,41.6
2026-08-16T03:00,71.2,68.5,476,45.3
2026-08-16T04:00,83.4,80.3,477,47.1
2026-08-16T05:00,96.2,92.9,475,46.4
2026-08-16T06:00,112.9,109.7,470,43.9
2026-08-16T07:00,109.4,104.1,466,39.5
2026-08-16T08:00,68.0,61.0,463,31.1
2026-08-16T09:00,57.7,49.6,459,19.5
2026-08-16T10:00,50.8,44.1,456,10.5
2026-08-16T11:00,42.8,39.5,453,6.4
2026-08-16T12:00,40.7,37.6,449,4.9
2026-08-16T13:00,37.6,34.8,447,4.4
2026-08-16T14:00,33.8,31.3,446,4.2
2026-08-16T15:00,29.9,27.6,445,4.9
2026-08-16T16:00,26.6,24.6,445,7.1
2026-08-16T17:00,24.7,22.8,446,11.6
2026-08-16T18:00,27.8,25.4,448,17.5
2026-08-16T19:00,19.1,18.0,449,18.8
2026-08-16T20:00,19.8,18.7,449,20.1
2026-08-16T21:00,20.9,19.8,449,21.8
2026-08-16T22:00,21.5,20.5,449,23.4
2026-08-16T23:00,20.8,19.8,450,24.2
2026-08-17T00:00,21.9,21.0,451,24.8
2026-08-17T01:00,25.8,24.7,454,26.0
2026-08-17T02:00,32.1,31.0,462,28.9
2026-08-17T03:00,40.6,39.3,473,32.6
2026-08-17T04:00,49.5,48.2,480,34.7
2026-08-17T05:00,58.2,56.9,482,34.6
2026-08-17T06:00,71.7,70.8,481,33.1
2026-08-17T07:00,67.5,64.3,477,27.7
2026-08-17T08:00,33.9,29.9,469,23.3
2026-08-17T09:00,30.5,25.8,457,17.2
2026-08-17T10:00,31.1,25.6,449,12.1
2026-08-17T11:00,27.8,23.7,446,8.9
2026-08-17T12:00,24.3,22.6,447,6.6
2026-08-17T13:00,24.9,23.3,447,5.5
2026-08-17T14:00,24.2,22.7,447,5.0
2026-08-17T15:00,22.9,21.3,447,5.7
2026-08-17T16:00,21.1,19.6,447,8.6
2026-08-17T17:00,22.8,20.7,448,15.7
2026-08-17T18:00,30.2,27.2,449,25.1
2026-08-17T19:00,27.1,24.8,450,30.5
2026-08-17T20:00,26.1,24.0,450,30.8
2026-08-17T21:00,26.4,24.3,450,31.3
2026-08-17T22:00,27.8,25.4,450,31.7
2026-08-17T23:00,29.0,26.4,449,31.8
2026-08-18T00:00,30.5,28.1,449,31.9
2026-08-18T01:00,34.8,32.4,451,32.6
2026-08-18T02:00,40.6,38.2,459,34.6
2026-08-18T03:00,47.4,44.9,470,37.2
2026-08-18T04:00,54.6,51.9,477,38.9
2026-08-18T05:00,63.1,60.5,478,39.7
2026-08-18T06:00,76.4,73.8,476,39.6
2026-08-18T07:00,61.2,57.4,472,31.3
2026-08-18T08:00,45.2,40.3,465,25.1
2026-08-18T09:00,39.0,33.5,456,16.5
2026-08-18T10:00,32.2,29.6,449,9.8
2026-08-18T11:00,32.1,30.2,447,6.6
2026-08-18T12:00,31.9,30.0,448,5.2
2026-08-18T13:00,30.0,28.4,448,4.8
2026-08-18T14:00,27.3,25.8,447,5.0
2026-08-18T15:00,23.9,22.4,446,6.3
2026-08-18T16:00,20.8,19.3,446,9.3
2026-08-18T17:00,21.9,19.3,447,15.8
2026-08-18T18:00,25.0,22.1,447,24.0
2026-08-18T19:00,23.6,20.9,448,23.2
2026-08-18T20:00,25.7,22.7,448,22.9
2026-08-18T21:00,26.5,23.3,447,22.5
2026-08-18T22:00,25.7,22.4,446,22.0
2026-08-18T23:00,22.2,19.6,446,20.9
2026-08-19T00:00,21.0,18.4,445,19.7
2026-08-19T01:00,21.2,18.7,446,19.4
2026-08-19T02:00,24.1,21.5,448,21.0
2026-08-19T03:00,28.6,26.1,451,23.5
2026-08-19T04:00,33.5,30.9,453,25.3
2026-08-19T05:00,37.1,34.3,454,26.1
2026-08-19T06:00,43.1,40.7,454,26.1
2026-08-19T07:00,38.6,35.6,453,24.3
2026-08-19T08:00,30.4,25.4,451,19.4
2026-08-19T09:00,28.6,22.9,449,12.5
2026-08-19T10:00,27.9,21.9,447,7.2
2026-08-19T11:00,26.4,20.7,446,4.8
2026-08-19T12:00,23.9,19.0,445,4.0
2026-08-19T13:00,21.8,17.6,444,4.0
2026-08-19T14:00,20.3,16.6,444,4.3
2026-08-19T15:00,20.5,16.4,444,5.4
2026-08-19T16:00,20.9,16.7,445,8.8
2026-08-19T17:00,23.7,19.5,446,16.4
2026-08-19T18:00,30.9,26.8,447,26.2
2026-08-19T19:00,29.0,25.2,448,24.6
2026-08-19T20:00,31.8,27.8,448,26.0
2026-08-19T21:00,33.3,29.3,448,27.9
2026-08-19T22:00,33.8,29.7,449,28.9
2026-08-19T23:00,32.4,28.2,452,28.1
2026-08-20T00:00,29.5,26.1,456,26.4
2026-08-20T01:00,30.6,27.5,458,25.8
2026-08-20T02:00,34.8,31.8,457,27.4
2026-08-20T03:00,40.5,37.4,455,30.1
2026-08-20T04:00,47.5,44.1,453,31.9
2026-08-20T05:00,56.0,52.5,452,32.8
2026-08-20T06:00,71.2,67.5,452,32.9
2026-08-20T07:00,54.8,49.9,451,27.8
2026-08-20T08:00,39.8,33.8,449,22.7
2026-08-20T09:00,34.2,27.8,447,15.5
2026-08-20T10:00,32.8,25.9,446,9.8
2026-08-20T11:00,31.2,24.4,445,6.8
2026-08-20T12:00,31.8,24.5,445,5.2
2026-08-20T13:00,29.9,23.3,445,4.6
2026-08-20T14:00,28.0,22.0,445,4.6
2026-08-20T15:00,25.8,20.3,444,5.6
2026-08-20T16:00,23.9,18.9,444,8.5
2026-08-20T17:00,23.4,18.9,445,14.6
2026-08-20T18:00,26.6,22.6,446,22.5
2026-08-20T19:00,27.8,24.3,447,27.8
2026-08-20T20:00,30.7,27.1,448,28.3
2026-08-20T21:00,34.0,29.8,449,29.1
2026-08-20T22:00,34.5,30.5,449,29.8
2026-08-20T23:00,32.9,29.5,448,30.0
2026-08-21T00:00,33.4,30.2,446,30.2
2026-08-21T01:00,36.9,33.9,448,31.0
2026-08-21T02:00,42.5,39.5,456,33.3
2026-08-21T03:00,48.4,45.3,467,36.2
2026-08-21T04:00,54.6,51.5,475,37.9
2026-08-21T05:00,60.5,57.4,476,38.2
2026-08-21T06:00,70.5,67.5,472,37.4
2026-08-21T07:00,39.9,34.8,468,23.5
2026-08-21T08:00,38.1,31.9,462,19.8
2026-08-21T09:00,40.0,32.7,455,14.7
2026-08-21T10:00,41.3,32.9,450,10.4
2026-08-21T11:00,40.0,31.5,447,7.6
2026-08-21T12:00,38.0,29.9,446,5.7
2026-08-21T13:00,34.9,27.8,445,4.8
2026-08-21T14:00,31.1,25.0,444,4.8
2026-08-21T15:00,29.1,23.5,444,6.0
2026-08-21T16:00,28.1,22.5,444,8.9
2026-08-21T17:00,27.2,22.2,445,14.9
2026-08-21T18:00,28.7,24.2,446,22.8
2026-08-21T19:00,27.0,23.3,447,23.9
2026-08-21T20:00,28.9,25.4,448,25.3
2026-08-21T21:00,29.2,25.8,448,27.3
2026-08-21T22:00,28.1,24.9,449,28.3
2026-08-21T23:00,24.7,22.0,449,27.4
2026-08-22T00:00,23.2,20.7,449,25.6
2026-08-22T01:00,23.2,21.0,450,24.8
2026-08-22T02:00,25.9,23.8,451,25.9
2026-08-22T03:00,32.1,30.0,453,27.9
2026-08-22T04:00,38.0,35.7,455,29.6
2026-08-22T05:00,43.4,41.1,459,31.6
2026-08-22T06:00,52.9,50.3,463,33.3
2026-08-22T07:00,38.0,33.6,464,25.0
2026-08-22T08:00,33.2,27.9,460,20.3
2026-08-22T09:00,32.6,26.5,454,13.8
2026-08-22T10:00,36.3,28.9,449,8.6
2026-08-22T11:00,37.8,30.2,447,6.0
2026-08-22T12:00,34.6,28.9,446,4.7
2026-08-22T13:00,28.8,25.9,446,4.2
2026-08-22T14:00,27.4,24.8,446,4.1
2026-08-22T15:00,25.1,22.6,446,4.9
2026-08-22T16:00,24.4,21.3,446,7.4
2026-08-22T17:00,26.5,22.4,447,13.1
2026-08-22T18:00,28.7,25.6,447,20.7
2026-08-22T19:00,19.4,18.0,448,21.3
2026-08-22T20:00,21.6,20.0,448,22.2
2026-08-22T21:00,23.5,21.6,447,23.4
2026-08-22T22:00,25.4,23.1,447,24.6
2026-08-22T23:00,26.8,24.2,447,25.3
2026-08-23T00:00,30.0,27.1,447,26.1
2026-08-23T01:00,35.2,32.4,450,27.6
2026-08-23T02:00,43.2,40.3,460,31.2
2026-08-23T03:00,52.9,49.8,472,35.6
2026-08-23T04:00,62.2,59.0,480,38.1
2026-08-23T05:00,74.3,71.2,478,37.7
2026-08-23T06:00,89.2,86.1,472,35.5
2026-08-23T07:00,75.0,69.6,466,31.8
2026-08-23T08:00,51.8,45.1,462,24.7
2026-08-23T09:00,47.1,39.3,458,14.9
2026-08-23T10:00,49.4,40.6,455,7.5
2026-08-23T11:00,48.2,40.0,452,4.7
2026-08-23T12:00,42.0,37.3,450,4.2
2026-08-23T13:00,38.3,35.5,448,4.3
2026-08-23T14:00,36.6,34.1,447,4.1
2026-08-23T15:00,33.6,31.4,448,4.6
2026-08-23T16:00,30.2,28.2,448,6.7
2026-08-23T17:00,29.0,27.2,448,11.7
2026-08-23T18:00,34.1,31.3,448,18.3
2026-08-23T19:00,28.3,25.9,449,21.6
2026-08-23T20:00,29.6,27.3,449,23.5
2026-08-23T21:00,32.5,30.3,448,26.3
2026-08-23T22:00,36.8,34.5,452,29.2
2026-08-23T23:00,41.9,39.3,464,32.1
2026-08-24T00:00,50.4,47.6,480,35.0
2026-08-24T01:00,62.6,59.8,491,37.5
2026-08-24T02:00,76.8,74.0,492,39.6
2026-08-24T03:00,90.8,88.0,489,41.2
2026-08-24T04:00,102.7,99.9,485,41.5
2026-08-24T05:00,117.3,114.8,482,40.2
2026-08-24T06:00,143.9,141.6,479,37.6
2026-08-24T07:00,81.7,78.7,475,32.2
2026-08-24T08:00,50.1,45.5,468,26.5
2026-08-24T09:00,44.0,37.8,461,18.6
2026-08-24T10:00,41.8,35.6,454,12.2
2026-08-24T11:00,35.2,32.1,450,8.5
2026-08-24T12:00,34.1,32.1,447,6.3
2026-08-24T13:00,33.3,31.5,445,5.3
2026-08-24T14:00,31.4,29.7,445,4.7
2026-08-24T15:00,28.8,27.2,446,5.2
2026-08-24T16:00,26.1,24.7,447,9.1
2026-08-24T17:00,28.0,26.7,447,18.9
2026-08-24T18:00,43.0,40.9,448,32.0
2026-08-24T19:00,35.3,32.6,449,31.1
2026-08-24T20:00,34.7,32.4,451,32.0
2026-08-24T21:00,35.9,33.5,454,33.5
2026-08-24T22:00,39.3,36.9,457,35.7
2026-08-24T23:00,44.8,42.1,462,39.5
2026-08-25T00:00,56.6,53.8,468,44.1
2026-08-25T01:00,73.1,70.3,471,47.2
2026-08-25T02:00,86.6,83.8,471,47.9
2026-08-25T03:00,97.6,94.5,468,47.2
2026-08-25T04:00,108.0,105.2,466,45.9
2026-08-25T05:00,122.0,119.2,466,44.8
2026-08-25T06:00,146.7,144.4,467,43.2
2026-08-25T07:00,84.1,82.0,467,40.0
2026-08-25T08:00,47.7,44.5,464,33.5
2026-08-25T09:00,38.9,34.5,458,24.5
2026-08-25T10:00,33.5,30.5,454,16.9
2026-08-25T11:00,30.5,29.5,451,11.9
2026-08-25T12:00,32.4,31.4,448,8.4
2026-08-25T13:00,33.6,32.8,446,6.3
2026-08-25T14:00,33.4,32.5,446,5.6
2026-08-25T15:00,31.7,30.6,447,6.5
2026-08-25T16:00,28.5,27.4,448,9.3
2026-08-25T17:00,25.8,24.6,448,15.2
2026-08-25T18:00,29.5,26.9,448,23.0
2026-08-25T19:00,21.4,19.3,448,21.1
2026-08-25T20:00,22.4,20.7,447,23.2
2026-08-25T21:00,25.5,23.7,446,26.2
2026-08-25T22:00,28.4,26.6,446,28.9
2026-08-25T23:00,30.9,29.0,446,30.8
2026-08-26T00:00,33.6,31.8,446,32.4
2026-08-26T01:00,36.1,34.3,448,34.2
2026-08-26T02:00,41.2,39.5,454,37.0
2026-08-26T03:00,47.7,45.9,463,39.9
2026-08-26T04:00,56.0,54.1,469,41.4
2026-08-26T05:00,65.9,63.8,472,40.9
2026-08-26T06:00,80.8,78.7,474,38.8
2026-08-26T07:00,58.7,54.1,472,28.7
2026-08-26T08:00,42.6,37.0,465,23.2
2026-08-26T09:00,40.9,34.1,454,15.6
2026-08-26T10:00,41.9,33.9,447,9.7
2026-08-26T11:00,43.2,34.5,445,6.9
2026-08-26T12:00,41.6,33.2,447,5.7
2026-08-26T13:00,37.4,30.7,448,5.4
2026-08-26T14:00,31.8,27.4,448,5.5
2026-08-26T15:00,28.7,25.3,447,6.4
2026-08-26T16:00,26.6,23.3,447,9.2
2026-08-26T17:00,27.1,22.9,447,14.9
2026-08-26T18:00,26.7,23.4,448,22.5
2026-08-26T19:00,22.2,20.0,448,23.8
2026-08-26T20:00,23.4,21.4,448,26.0
2026-08-26T21:00,25.8,24.0,447,29.1
2026-08-26T22:00,27.0,25.1,448,31.8
2026-08-26T23:00,27.6,25.8,450,33.3
2026-08-27T00:00,29.9,28.3,453,34.4
2026-08-27T01:00,37.1,35.5,457,35.8
2026-08-27T02:00,47.4,45.6,465,38.7
2026-08-27T03:00,56.6,54.9,474,42.0
2026-08-27T04:00,62.6,61.0,480,43.3
2026-08-27T05:00,71.0,69.2,478,41.7
2026-08-27T06:00,84.3,82.2,473,38.1
2026-08-27T07:00,69.4,66.1,467,34.4
2026-08-27T08:00,43.7,39.2,462,27.5
2026-08-27T09:00,42.0,36.1,458,18.0
2026-08-27T10:00,39.5,35.0,454,10.6
2026-08-27T11:00,37.8,35.9,452,7.2
2026-08-27T12:00,41.2,39.6,450,5.9
2026-08-27T13:00,43.2,41.7,449,5.6
2026-08-27T14:00,43.2,41.7,449,5.5
2026-08-27T15:00,42.1,40.6,449,6.3
2026-08-27T16:00,41.7,40.2,449,9.4
2026-08-27T17:00,44.7,43.1,449,15.9
2026-08-27T18:00,51.6,49.7,448,24.7
2026-08-27T19:00,45.6,43.5,450,33.0
2026-08-27T20:00,44.5,41.6,455,40.4
2026-08-27T21:00,52.9,49.8,462,47.4
2026-08-27T22:00,75.4,72.4,467,52.7
2026-08-27T23:00,105.0,101.7,468,55.9
2026-08-28T00:00,130.4,127.1,466,57.5
2026-08-28T01:00,139.2,136.0,465,57.5
2026-08-28T02:00,144.4,141.6,465,55.2
2026-08-28T03:00,150.9,148.5,466,51.4
2026-08-28T04:00,159.3,156.9,467,48.6
2026-08-28T05:00,169.5,167.2,468,49.1
2026-08-28T06:00,188.6,186.3,469,50.5
2026-08-28T07:00,121.1,118.0,468,51.3
2026-08-28T08:00,63.1,59.3,465,41.2
2026-08-28T09:00,46.9,42.0,461,27.1
2026-08-28T10:00,41.4,37.1,457,15.9
2026-08-28T11:00,36.3,34.5,454,10.3
2026-08-28T12:00,38.3,36.7,451,7.5
2026-08-28T13:00,39.5,38.1,449,6.1
2026-08-28T14:00,39.6,38.3,449,5.8
2026-08-28T15:00,37.3,36.1,449,6.8
2026-08-28T16:00,32.2,30.9,450,9.0
2026-08-28T17:00,26.8,25.0,450,12.1
2026-08-28T18:00,26.3,22.7,449,16.4
2026-08-28T19:00,18.0,15.8,449,18.4
2026-08-28T20:00,19.8,17.9,448,22.0
2026-08-28T21:00,25.0,23.3,447,27.0
2026-08-28T22:00,29.8,28.0,448,30.9
2026-08-28T23:00,32.2,30.3,451,32.3
2026-08-29T00:00,34.6,32.4,456,32.6
2026-08-29T01:00,38.9,36.6,461,33.3
2026-08-29T02:00,44.5,42.4,467,35.5
2026-08-29T03:00,50.9,48.9,474,38.1
2026-08-29T04:00,58.0,56.0,479,39.9
2026-08-29T05:00,65.7,64.0,481,41.2
2026-08-29T06:00,77.8,76.4,480,41.7
2026-08-29T07:00,63.1,59.0,477,31.6
2026-08-29T08:00,47.3,41.6,468,25.4
2026-08-29T09:00,45.4,38.5,456,16.7
2026-08-29T10:00,44.2,37.0,447,9.8
2026-08-29T11:00,38.0,33.2,445,6.4
2026-08-29T12:00,32.2,30.0,445,4.8
2026-08-29T13:00,30.6,28.5,446,4.1
2026-08-29T14:00,27.8,25.9,445,4.0
2026-08-29T15:00,24.4,22.6,444,4.8
2026-08-29T16:00,22.5,20.2,444,7.0
2026-08-29T17:00,22.8,19.8,445,11.7
2026-08-29T18:00,24.9,21.8,446,17.7
2026-08-29T19:00,20.4,18.3,447,18.2
2026-08-29T20:00,22.0,19.9,447,19.4
2026-08-29T21:00,23.2,21.0,446,21.0
2026-08-29T22:00,23.6,21.2,446,22.0
2026-08-29T23:00,21.4,19.3,447,21.6
2026-08-30T00:00,20.5,18.5,449,20.7
2026-08-30T01:00,21.0,19.2,451,20.0
2026-08-30T02:00,21.9,20.1,452,20.2
2026-08-30T03:00,23.7,21.9,453,20.7
2026-08-30T04:00,24.9,23.1,454,21.1
2026-08-30T05:00,33.2,31.5,454,21.7
2026-08-30T06:00,47.5,45.8,454,22.2
2026-08-30T07:00,37.4,34.7,453,21.1
2026-08-30T08:00,25.7,22.2,451,16.9
2026-08-30T09:00,25.1,20.7,448,11.1
2026-08-30T10:00,26.0,20.8,446,6.5
2026-08-30T11:00,26.4,20.7,445,4.3
2026-08-30T12:00,24.6,19.5,444,3.4
2026-08-30T13:00,21.1,17.4,444,3.1
2026-08-30T14:00,18.3,15.5,443,3.2
2026-08-30T15:00,16.8,14.2,443,3.9
2026-08-30T16:00,15.7,13.3,443,6.0
2026-08-30T17:00,16.5,13.9,444,10.5
2026-08-30T18:00,18.6,16.1,444,16.2
2026-08-30T19:00,21.9,19.5,445,20.5
2026-08-30T20:00,24.0,21.7,445,22.0
2026-08-30T21:00,25.3,22.8,444,22.1
2026-08-30T22:00,24.7,22.2,444,21.7
2026-08-30T23:00,22.7,20.3,444,20.6
2026-08-31T00:00,21.2,19.0,445,19.2
2026-08-31T01:00,22.5,20.5,446,19.3
2026-08-31T02:00,27.8,26.0,447,22.7
2026-08-31T03:00,38.2,36.4,447,27.8
2026-08-31T04:00,53.6,51.7,448,31.2
2026-08-31T05:00,74.7,72.6,449,32.1
2026-08-31T06:00,107.3,105.2,449,31.4
2026-08-31T07:00,75.4,72.4,449,28.9
2026-08-31T08:00,43.3,39.2,448,23.6
2026-08-31T09:00,39.0,33.9,446,16.6
2026-08-31T10:00,39.9,33.9,445,10.8
2026-08-31T11:00,35.3,31.2,444,7.4
2026-08-31T12:00,29.3,27.6,444,5.3
2026-08-31T13:00,25.3,23.7,444,4.3
2026-08-31T14:00,21.2,19.7,444,4.2
2026-08-31T15:00,20.1,17.9,444,5.2
2026-08-31T16:00,19.8,17.1,444,7.8
2026-08-31T17:00,20.0,17.4,444,12.9
2026-08-31T18:00,22.3,20.0,445,19.7
2026-08-31T19:00,24.4,22.3,445,25.6
2026-08-31T20:00,27.5,25.5,445,29.8
2026-08-31T21:00,32.6,30.6,446,33.3
2026-08-31T22:00,35.6,33.6,447,36.0
2026-08-31T23:00,37.5,35.5,448,38.1
